상황,기준선,basis_core,price_est,price_low,price_high,confidence,basis,method,tier,n,area_tier,price_public,area_sd,b_sd,b_gap,pnu,sgg_cd,area_used,flags,dong,scenario,area_blank,true_area,deal_date,price,actual,ape,log_err
A,B0 ㎡단가,"㎡당 1,589만원(법정동 1029건, 기준일 시점보정) × 23.17㎡",368110145.25313026,258639851.20471853,523914154.78748375,0.45,"㎡당 1,589만원(법정동 1029건, 기준일 시점보정) × 23.17㎡",㎡단가,법정동,1029,법정동,,0.2753945404339587,,,1168010100107500024,11680,23.17,[],역삼동,A,False,23.17,2025-10-13,380000000,396711696.39816743,0.07209656635969379,-0.07482761018766204
A,B0 ㎡단가,"㎡당 500만원(법정동 12219건, 기준일 시점보정) × 38.51㎡",192716977.10936493,101105420.2049703,367337707.42338216,0.45,"㎡당 500만원(법정동 12219건, 기준일 시점보정) × 38.51㎡",㎡단가,법정동,12219,법정동,,0.5033231397301925,,,1150010300103660004,11500,38.51,[],화곡동,A,False,38.51,2025-10-13,282300000,293052186.57555777,0.3423800062325192,-0.41912803155473466
A,B0 ㎡단가,"㎡당 500만원(법정동 12219건, 기준일 시점보정) × 27.41㎡",137168848.1580804,71963115.23807393,261457454.18007982,0.45,"㎡당 500만원(법정동 12219건, 기준일 시점보정) × 27.41㎡",㎡단가,법정동,12219,법정동,,0.5033231397301925,,,1150010300103460062,11500,27.41,[],화곡동,A,False,27.41,2025-10-14,219500000,227860272.59417263,0.39801332370745,-0.5075199663226433
A,B0 ㎡단가,"㎡당 500만원(법정동 12219건, 기준일 시점보정) × 64.17㎡",321128237.36972,168474027.90321806,612102328.8849226,0.45,"㎡당 500만원(법정동 12219건, 기준일 시점보정) × 64.17㎡",㎡단가,법정동,12219,법정동,,0.5033231397301925,,,1150010300103660038,11500,64.17,[],화곡동,A,False,64.17,2025-10-14,260000000,269902828.58535254,0.1897920412796571,0.1737785366247851
A,B0 ㎡단가,"㎡당 645만원(법정동 5402건, 기준일 시점보정) × 56.91㎡",367328902.5512164,185597236.64140272,727007174.7360325,0.45,"㎡당 645만원(법정동 5402건, 기준일 시점보정) × 56.91㎡",㎡단가,법정동,5402,법정동,,0.5326768941136113,,,1162010200100900103,11620,56.91,[],신림동,A,False,56.91,2025-10-14,205000000,215683702.60511592,0.7030906745130383,0.5324446442520061
A,B0 ㎡단가,"㎡당 1,392만원(법정동 905건, 기준일 시점보정) × 27.15㎡",377822639.4107991,243520046.05735126,586193823.3114648,0.45,"㎡당 1,392만원(법정동 905건, 기준일 시점보정) × 27.15㎡",㎡단가,법정동,905,법정동,,0.34271661500793776,,,1168010300112180012,11680,27.15,[],개포동,A,False,27.15,2025-10-14,525000000,548088527.9185208,0.3106539907965991,-0.37201194359805384
A,B0 ㎡단가,"㎡당 1,392만원(법정동 905건, 기준일 시점보정) × 59.02㎡",821329361.9898852,529375805.46242666,1274296849.054979,0.45,"㎡당 1,392만원(법정동 905건, 기준일 시점보정) × 59.02㎡",㎡단가,법정동,905,법정동,,0.34271661500793776,,,1168010300111670006,11680,59.02,[],개포동,A,False,59.02,2025-10-15,650000000,678585796.4705496,0.21035448466762988,0.1909132792387371
A,B0 ㎡단가,"㎡당 1,392만원(법정동 905건, 기준일 시점보정) × 50.42㎡",701650735.8781759,452238700.6339462,1088614827.6745498,0.45,"㎡당 1,392만원(법정동 905건, 기준일 시점보정) × 50.42㎡",㎡단가,법정동,905,법정동,,0.34271661500793776,,,1168010300111880008,11680,50.42,[],개포동,A,False,50.42,2025-10-15,380000000,396711696.39816743,0.7686666217523126,0.570225941652967
A,B0 ㎡단가,"㎡당 645만원(법정동 5402건, 기준일 시점보정) × 44.98㎡",290326024.1917718,146690629.13600957,574605213.8398662,0.45,"㎡당 645만원(법정동 5402건, 기준일 시점보정) × 44.98㎡",㎡단가,법정동,5402,법정동,,0.5326768941136113,,,1162010200115640070,11620,44.98,[],신림동,A,False,44.98,2025-10-15,180000000,189380812.0435164,0.5330276655750107,0.42724464641634213
A,B0 ㎡단가,"㎡당 2,620만원(법정동 336건, 기준일 시점보정) × 29.96㎡",784837978.788254,541654442.8422949,1137202253.3705578,0.45,"㎡당 2,620만원(법정동 336건, 기준일 시점보정) × 29.96㎡",㎡단가,법정동,336,법정동,,0.289364123947359,,,1168011400106560012,11680,29.96,[],일원동,A,False,29.96,2025-10-15,680000000,709905140.9230365,0.10555331064061321,0.10034594325589066
A,B0 ㎡단가,"㎡당 598만원(법정동 3454건, 기준일 시점보정) × 24.05㎡",143817283.25176302,87464822.0045617,236476911.3786008,0.45,"㎡당 598만원(법정동 3454건, 기준일 시점보정) × 24.05㎡",㎡단가,법정동,3454,법정동,,0.38803600911655123,,,1162010100107150143,11620,24.05,[],봉천동,A,False,24.05,2025-10-15,360000000,378761624.0870328,0.6202960540196746,-0.9683634194351323
A,B0 ㎡단가,"㎡당 500만원(법정동 12219건, 기준일 시점보정) × 41.76㎡",208981068.91942543,109638077.064647,398338682.47209626,0.45,"㎡당 500만원(법정동 12219건, 기준일 시점보정) × 41.76㎡",㎡단가,법정동,12219,법정동,,0.5033231397301925,,,1150010300108610001,11500,41.76,[],화곡동,A,False,41.76,2025-10-15,90000000,93427902.20262204,1.2368164541059383,0.8050536291220087
A,B0 ㎡단가,"㎡당 598만원(법정동 3454건, 기준일 시점보정) × 70.92㎡",424096537.55571777,257921213.16272366,697336488.7721554,0.45,"㎡당 598만원(법정동 3454건, 기준일 시점보정) × 70.92㎡",㎡단가,법정동,3454,법정동,,0.38803600911655123,,,1162010100106720005,11620,70.92,[],봉천동,A,False,70.92,2025-10-15,395000000,415585670.8732721,0.0204792110963829,0.02027233176813643
A,B0 ㎡단가,"㎡당 500만원(법정동 12219건, 기준일 시점보정) × 37.13㎡",185810993.51001564,97482322.8307073,354174216.47961944,0.45,"㎡당 500만원(법정동 12219건, 기준일 시점보정) × 37.13㎡",㎡단가,법정동,12219,법정동,,0.5033231397301925,,,1150010300110670005,11500,37.13,[],화곡동,A,False,37.13,2025-10-15,230000000,238760194.51781186,0.22176728878417018,-0.2507296848563177
A,B0 ㎡단가,"㎡당 598만원(법정동 3454건, 기준일 시점보정) × 62.68㎡",374821925.7472141,227954055.85222137,616314877.5555379,0.45,"㎡당 598만원(법정동 3454건, 기준일 시점보정) × 62.68㎡",㎡단가,법정동,3454,법정동,,0.38803600911655123,,,1162010100106490020,11620,62.68,[],봉천동,A,False,62.68,2025-10-16,285000000,299852952.4022343,0.25001912685659833,0.2231588526824219
A,B0 ㎡단가,"㎡당 645만원(법정동 5402건, 기준일 시점보정) × 82.55㎡",532823772.7218922,269215460.9866066,1054550031.1800989,0.45,"㎡당 645만원(법정동 5402건, 기준일 시점보정) × 82.55㎡",㎡단가,법정동,5402,법정동,,0.5326768941136113,,,1162010200100100264,11620,82.55,[],신림동,A,False,82.55,2025-10-16,620000000,652311685.9276676,0.18317610397527817,-0.2023317568976195
A,B0 ㎡단가,"㎡당 500만원(법정동 12219건, 기준일 시점보정) × 47.31㎡",236755133.39506698,124209229.54809482,451278809.09374607,0.45,"㎡당 500만원(법정동 12219건, 기준일 시점보정) × 47.31㎡",㎡단가,법정동,12219,법정동,,0.5033231397301925,,,1150010300104100012,11500,47.31,[],화곡동,A,False,47.31,2025-10-17,160000000,166094048.36021695,0.42542815791691463,0.35447223028711844
A,B0 ㎡단가,"㎡당 500만원(법정동 12219건, 기준일 시점보정) × 44.2㎡",221191648.61682445,116044133.29160416,421613260.662515,0.45,"㎡당 500만원(법정동 12219건, 기준일 시점보정) × 44.2㎡",㎡단가,법정동,12219,법정동,,0.5033231397301925,,,1150010300108820031,11500,44.2,[],화곡동,A,False,44.2,2025-10-18,164000000,170246399.5692224,0.2992442082564434,0.2617827171373431
A,B0 ㎡단가,"㎡당 645만원(법정동 5402건, 기준일 시점보정) × 23.08㎡",148971201.3860846,75269446.87548013,294839669.52921504,0.45,"㎡당 645만원(법정동 5402건, 기준일 시점보정) × 23.08㎡",㎡단가,법정동,5402,법정동,,0.5326768941136113,,,1162010200104120318,11620,23.08,[],신림동,A,False,23.08,2025-10-18,260000000,273550061.8406348,0.45541521583397615,-0.6077316386002473
A,B0 ㎡단가,"㎡당 1,985만원(법정동 212건, 기준일 시점보정) × 36.91㎡",732792562.4052049,410313918.1773671,1308717339.888682,0.45,"㎡당 1,985만원(법정동 212건, 기준일 시점보정) × 36.91㎡",㎡단가,법정동,212,법정동,,0.45251259591625304,,,1168010400101110033,11680,36.91,[],청담동,A,False,36.91,2025-10-18,634000000,661882146.0958898,0.10713450533086592,0.1017751507093683
A,B0 ㎡단가,"㎡당 500만원(법정동 12219건, 기준일 시점보정) × 44.22㎡",221291735.33565605,116096641.94920242,421804035.89358485,0.45,"㎡당 500만원(법정동 12219건, 기준일 시점보정) × 44.22㎡",㎡단가,법정동,12219,법정동,,0.5033231397301925,,,1150010300100560433,11500,44.22,[],화곡동,A,False,44.22,2025-10-20,158000000,164017872.75571424,0.3491928142809451,0.2995064982802245
A,B0 ㎡단가,"㎡당 500만원(법정동 12219건, 기준일 시점보정) × 39.12㎡",195769622.0337141,102706934.26170927,373156351.97098565,0.45,"㎡당 500만원(법정동 12219건, 기준일 시점보정) × 39.12㎡",㎡단가,법정동,12219,법정동,,0.5033231397301925,,,1150010300101640025,11500,39.12,[],화곡동,A,False,39.12,2025-10-20,106000000,110037307.03864373,0.7791204392612247,0.5761191069324374
A,B0 ㎡단가,"㎡당 645만원(법정동 5402건, 기준일 시점보정) × 43.15㎡",278514182.8340358,140722557.7416363,551227545.0687011,0.45,"㎡당 645만원(법정동 5402건, 기준일 시점보정) × 43.15㎡",㎡단가,법정동,5402,법정동,,0.5326768941136113,,,1162010200100980194,11620,43.15,[],신림동,A,False,43.15,2025-10-20,294000000,309321993.00441015,0.09959786522497639,-0.1049137990338636
A,B0 ㎡단가,"㎡당 1,392만원(법정동 905건, 기준일 시점보정) × 43.5㎡",605351190.2161977,390170239.5394027,939205573.2614633,0.45,"㎡당 1,392만원(법정동 905건, 기준일 시점보정) × 43.5㎡",㎡단가,법정동,905,법정동,,0.34271661500793776,,,1168010300112390012,11680,43.5,[],개포동,A,False,43.5,2025-10-20,760000000,793423392.7963349,0.23703889283790464,-0.27054822257211225
A,B0 ㎡단가,"㎡당 645만원(법정동 5402건, 기준일 시점보정) × 66.48㎡",429099023.74986553,216807314.91689408,849260885.1950694,0.45,"㎡당 645만원(법정동 5402건, 기준일 시점보정) × 66.48㎡",㎡단가,법정동,5402,법정동,,0.5326768941136113,,,1162010200100920223,11620,66.48,[],신림동,A,False,66.48,2025-10-21,267500000,281440929.0091147,0.5246503955932039,0.4217651349865124
A,B0 ㎡단가,"㎡당 598만원(법정동 3454건, 기준일 시점보정) × 51.55㎡",308265320.2340285,187476572.73742858,506876706.09425676,0.45,"㎡당 598만원(법정동 3454건, 기준일 시점보정) × 51.55㎡",㎡단가,법정동,3454,법정동,,0.38803600911655123,,,1162010100115340016,11620,51.55,[],봉천동,A,False,51.55,2025-10-23,395000000,415585670.8732721,0.2582388137053206,-0.2987279389748995
A,B0 ㎡단가,"㎡당 645만원(법정동 5402건, 기준일 시점보정) × 38.87㎡",250888674.08479702,126764445.4094418,496551904.44543344,0.45,"㎡당 645만원(법정동 5402건, 기준일 시점보정) × 38.87㎡",㎡단가,법정동,5402,법정동,,0.5326768941136113,,,1162010200107500024,11620,38.87,[],신림동,A,False,38.87,2025-10-26,430000000,452409717.65951145,0.4454392461268513,-0.5895789130480934
A,B0 ㎡단가,"㎡당 500만원(법정동 12219건, 기준일 시점보정) × 59.46㎡",297557815.084986,156108239.0388865,567174761.9681705,0.45,"㎡당 500만원(법정동 12219건, 기준일 시점보정) × 59.46㎡",㎡단가,법정동,12219,법정동,,0.5033231397301925,,,1150010300109710010,11500,59.46,[],화곡동,A,False,59.46,2025-10-27,215000000,223188877.48404154,0.3332107694580881,0.28759014532017774
A,B0 ㎡단가,"㎡당 500만원(법정동 12219건, 기준일 시점보정) × 35.69㎡",178604749.7541734,93701699.4836505,340438399.84265065,0.45,"㎡당 500만원(법정동 12219건, 기준일 시점보정) × 35.69㎡",㎡단가,법정동,12219,법정동,,0.5033231397301925,,,1150010300107930006,11500,35.69,[],화곡동,A,False,35.69,2025-10-29,340000000,352949852.765461,0.4939656487890415,-0.681150724230249
A,B0 ㎡단가,"㎡당 598만원(법정동 3454건, 기준일 시점보정) × 49.89㎡",298338638.7289167,181439499.78409886,490554391.21323824,0.45,"㎡당 598만원(법정동 3454건, 기준일 시점보정) × 49.89㎡",㎡단가,법정동,3454,법정동,,0.38803600911655123,,,1162010100106350306,11620,49.89,[],봉천동,A,False,49.89,2025-10-29,360000000,378761624.0870328,0.21233139854642796,-0.23867783411395796
A,B0 ㎡단가,"㎡당 645만원(법정동 5402건, 기준일 시점보정) × 33.91㎡",218874065.81465062,110588689.06185162,433189479.79790723,0.45,"㎡당 645만원(법정동 5402건, 기준일 시점보정) × 33.91㎡",㎡단가,법정동,5402,법정동,,0.5326768941136113,,,1162010200115740028,11620,33.91,[],신림동,A,False,33.91,2025-10-30,230000000,241986593.1667154,0.0955116027280963,-0.10038580201026495
A,B0 ㎡단가,"㎡당 2,620만원(법정동 336건, 기준일 시점보정) × 42.21㎡",1105741357.965695,763125301.4810842,1602179810.2393615,0.45,"㎡당 2,620만원(법정동 336건, 기준일 시점보정) × 42.21㎡",㎡단가,법정동,336,법정동,,0.289364123947359,,,1168011400106380007,11680,42.21,[],일원동,A,False,42.21,2025-11-01,900000000,900744991.3714598,0.22758535274463296,0.20504911207335735
A,B0 ㎡단가,"㎡당 2,620만원(법정동 336건, 기준일 시점보정) × 49.08㎡",1285709212.2472467,887329774.85647,1862946815.6017017,0.45,"㎡당 2,620만원(법정동 336건, 기준일 시점보정) × 49.08㎡",㎡단가,법정동,336,법정동,,0.289364123947359,,,1168011400106610001,11680,49.08,[],일원동,A,False,49.08,2025-11-01,572500000,572973897.2890675,1.2439228354561527,0.8082256000175763
A,B0 ㎡단가,"㎡당 598만원(법정동 3454건, 기준일 시점보정) × 57.03㎡",341035329.0581307,207406187.06528705,560760010.6412308,0.45,"㎡당 598만원(법정동 3454건, 기준일 시점보정) × 57.03㎡",㎡단가,법정동,3454,법정동,,0.38803600911655123,,,1162010100109350018,11620,57.03,[],봉천동,A,False,57.03,2025-11-03,387000000,401821898.43680716,0.15127739333060794,-0.16402287554095563
A,B0 ㎡단가,"㎡당 1,998만원(법정동 234건, 기준일 시점보정) × 41.04㎡",820105673.6265736,469842598.74640834,1431486454.631818,0.45,"㎡당 1,998만원(법정동 234건, 기준일 시점보정) × 41.04㎡",㎡단가,법정동,234,법정동,,0.43464065223311826,,,1168010500100910037,11680,41.04,[],삼성동,A,False,41.04,2025-11-05,1345000000,1346113348.216237,0.39076031397109856,-0.4955435155837594
A,B0 ㎡단가,"㎡당 645만원(법정동 5402건, 기준일 시점보정) × 41.63㎡",268703254.49318457,135765471.11898777,531810027.8380078,0.45,"㎡당 645만원(법정동 5402건, 기준일 시점보정) × 41.63㎡",㎡단가,법정동,5402,법정동,,0.5326768941136113,,,1162010200100100232,11620,41.63,[],신림동,A,False,41.63,2025-11-06,260000000,269957864.58286786,0.0046474293002053725,-0.004658262176136474
A,B0 ㎡단가,"㎡당 2,620만원(법정동 336건, 기준일 시점보정) × 17.46㎡",457385551.05617124,315663770.7618976,662735358.606472,0.45,"㎡당 2,620만원(법정동 336건, 기준일 시점보정) × 17.46㎡",㎡단가,법정동,336,법정동,,0.289364123947359,,,1168011400106530014,11680,17.46,[],일원동,A,False,17.46,2025-11-07,540000000,540446994.8228759,0.1536902685413708,-0.16686987354360547
A,B0 ㎡단가,"㎡당 1,998만원(법정동 234건, 기준일 시점보정) × 67.9㎡",1356851248.519598,777346794.7095786,2368370620.601861,0.45,"㎡당 1,998만원(법정동 234건, 기준일 시점보정) × 67.9㎡",㎡단가,법정동,234,법정동,,0.43464065223311826,,,1168010500101010010,11680,67.9,[],삼성동,A,False,67.9,2025-11-07,1600000000,1601324429.1048174,0.1526693630233858,-0.16566429807355704
A,B0 ㎡단가,"㎡당 500만원(법정동 12219건, 기준일 시점보정) × 38.43㎡",192316630.23404026,100895385.5745782,366574606.4991059,0.45,"㎡당 500만원(법정동 12219건, 기준일 시점보정) × 38.43㎡",㎡단가,법정동,12219,법정동,,0.5033231397301925,,,1150010300104240066,11500,38.43,[],화곡동,A,False,38.43,2025-11-07,320000000,333010840.3694265,0.42249138190008084,-0.549031913580794
A,B0 ㎡단가,"㎡당 500만원(법정동 12219건, 기준일 시점보정) × 33.6㎡",168145687.63631892,88214544.7646583,320502388.19593877,0.45,"㎡당 500만원(법정동 12219건, 기준일 시점보정) × 33.6㎡",㎡단가,법정동,12219,법정동,,0.5033231397301925,,,1150010300110810006,11500,33.6,[],화곡동,A,False,33.6,2025-11-07,210000000,218538363.9924361,0.23058961106646403,-0.26213078611208684
A,B0 ㎡단가,"㎡당 645만원(법정동 5402건, 기준일 시점보정) × 48.82㎡",315111527.3686598,159213795.34059572,623659994.2121453,0.45,"㎡당 645만원(법정동 5402건, 기준일 시점보정) × 48.82㎡",㎡단가,법정동,5402,법정동,,0.5326768941136113,,,1162010200104120456,11620,48.82,[],신림동,A,False,48.82,2025-11-08,345000000,358213320.3118823,0.12032437237592247,-0.12820204443403574
A,B0 ㎡단가,"㎡당 645만원(법정동 5402건, 기준일 시점보정) × 63.33㎡",408767165.6750757,206534405.13969508,809020635.6709363,0.45,"㎡당 645만원(법정동 5402건, 기준일 시점보정) × 63.33㎡",㎡단가,법정동,5402,법정동,,0.5326768941136113,,,1162010200116120048,11620,63.33,[],신림동,A,False,63.33,2025-11-09,450000000,467234765.6241943,0.1251353800075425,-0.13368612460351792
A,B0 ㎡단가,"㎡당 645만원(법정동 5402건, 기준일 시점보정) × 36.12㎡",233138639.25759894,117796032.11188675,461421527.8767445,0.45,"㎡당 645만원(법정동 5402건, 기준일 시점보정) × 36.12㎡",㎡단가,법정동,5402,법정동,,0.5326768941136113,,,1162010200107040043,11620,36.12,[],신림동,A,False,36.12,2025-11-10,140000000,145361927.08308268,0.6038493980913368,0.4724066135719895
A,B0 ㎡단가,"㎡당 855만원(법정동 493건, 기준일 시점보정) × 82.03㎡",701213055.6232643,449954709.301308,1092776093.265096,0.45,"㎡당 855만원(법정동 493건, 기준일 시점보정) × 82.03㎡",㎡단가,법정동,493,법정동,,0.3461804308237861,,,1162010300106020145,11620,82.03,[],남현동,A,False,82.03,2025-11-10,545000000,565873216.1448576,0.2391698981627734,0.2144417184784628
A,B0 ㎡단가,"㎡당 500만원(법정동 12219건, 기준일 시점보정) × 51.02㎡",255321219.73824415,133949585.53252599,486667614.4570481,0.45,"㎡당 500만원(법정동 12219건, 기준일 시점보정) × 51.02㎡",㎡단가,법정동,12219,법정동,,0.5033231397301925,,,1150010300110870037,11500,51.02,[],화곡동,A,False,51.02,2025-11-11,300000000,312197662.8463373,0.1821808740960613,-0.20111408430631114
A,B0 ㎡단가,"㎡당 500만원(법정동 12219건, 기준일 시점보정) × 59.82㎡",299359376.0239464,157053394.8756506,570608716.1274126,0.45,"㎡당 500만원(법정동 12219건, 기준일 시점보정) × 59.82㎡",㎡단가,법정동,12219,법정동,,0.5033231397301925,,,1150010300101640024,11500,59.82,[],화곡동,A,False,59.82,2025-11-12,170000000,176912008.94625783,0.6921371127207397,0.5259922937877635
A,B0 ㎡단가,"㎡당 500만원(법정동 12219건, 기준일 시점보정) × 42.75㎡",213935361.5015668,112237255.61574845,407782056.41001195,0.45,"㎡당 500만원(법정동 12219건, 기준일 시점보정) × 42.75㎡",㎡단가,법정동,12219,법정동,,0.5033231397301925,,,1150010300104240055,11500,42.75,[],화곡동,A,False,42.75,2025-11-13,280000000,291384485.32324815,0.2657970060957877,-0.3089697301502557
A,B0 ㎡단가,"㎡당 500만원(법정동 12219건, 기준일 시점보정) × 62.46㎡",312570822.9096579,163984537.67858845,595791046.6285233,0.45,"㎡당 500만원(법정동 12219건, 기준일 시점보정) × 62.46㎡",㎡단가,법정동,12219,법정동,,0.5033231397301925,,,1150010300103400111,11500,62.46,[],화곡동,A,False,62.46,2025-11-14,217000000,225822976.12551734,0.38414092433147373,0.32507967595069853
A,B0 ㎡단가,"㎡당 598만원(법정동 3454건, 기준일 시점보정) × 41.73㎡",249542421.20981523,151763285.74845538,410319397.5812469,0.45,"㎡당 598만원(법정동 3454건, 기준일 시점보정) × 41.73㎡",㎡단가,법정동,3454,법정동,,0.38803600911655123,,,1162010100101000107,11620,41.73,[],봉천동,A,False,41.73,2025-11-15,100000000,103829947.91648763,1.4033761570460082,0.8768744809357466
A,B0 ㎡단가,"㎡당 645만원(법정동 5402건, 기준일 시점보정) × 51.16㎡",330215193.36707515,166845099.74651504,653552751.0015016,0.45,"㎡당 645만원(법정동 5402건, 기준일 시점보정) × 51.16㎡",㎡단가,법정동,5402,법정동,,0.5326768941136113,,,1162010200100980108,11620,51.16,[],신림동,A,False,51.16,2025-11-15,360000000,373787812.4993555,0.11657046504788189,-0.12394374710700547
A,B0 ㎡단가,"㎡당 1,674만원(법정동 192건, 기준일 시점보정) × 74.28㎡",1243323617.4463742,787592055.200975,1962759283.1741712,0.45,"㎡당 1,674만원(법정동 192건, 기준일 시점보정) × 74.28㎡",㎡단가,법정동,192,법정동,,0.35624465526808885,,,1168010600109280025,11680,74.28,[],대치동,A,False,74.28,2025-11-17,750000000,750620826.1428832,0.656393713235054,0.5046427772432014
A,B0 ㎡단가,"㎡당 1,674만원(법정동 192건, 기준일 시점보정) × 109.44㎡",1831843520.3733306,1160394110.4091892,2891819816.243686,0.45,"㎡당 1,674만원(법정동 192건, 기준일 시점보정) × 109.44㎡",㎡단가,법정동,192,법정동,,0.35624465526808885,,,1168010600109160006,11680,109.44,[],대치동,A,False,109.44,2025-11-17,1400000000,1401158875.4667153,0.30737745194181315,0.2680231855599413
A,B0 ㎡단가,"㎡당 500만원(법정동 12219건, 기준일 시점보정) × 41.92㎡",209781762.67007464,110058146.32543112,399864884.32064843,0.45,"㎡당 500만원(법정동 12219건, 기준일 시점보정) × 41.92㎡",㎡단가,법정동,12219,법정동,,0.5033231397301925,,,1150010300103940011,11500,41.92,[],화곡동,A,False,41.92,2025-11-17,167500000,174310361.75587168,0.20349565313783244,0.1852303663838914
A,B0 ㎡단가,"㎡당 500만원(법정동 12219건, 기준일 시점보정) × 28.85㎡",144375091.91392305,75743738.58513094,275193270.8170494,0.45,"㎡당 500만원(법정동 12219건, 기준일 시점보정) × 28.85㎡",㎡단가,법정동,12219,법정동,,0.5033231397301925,,,1150010300101570006,11500,28.85,[],화곡동,A,False,28.85,2025-11-18,200000000,208131775.23089156,0.3063284462271071,-0.3657566959577021
A,B0 ㎡단가,"㎡당 1,429만원(법정동 175건, 기준일 시점보정) × 116.55㎡",1665929909.0607164,1208097682.7962873,2297266604.699737,0.45,"㎡당 1,429만원(법정동 175건, 기준일 시점보정) × 116.55㎡",㎡단가,법정동,175,법정동,,0.2507307365653645,,,1168011800109480003,11680,116.55,[],도곡동,A,False,116.55,2025-11-18,1360000000,1361125764.7390947,0.22393532781303832,0.20207134594017018
A,B0 ㎡단가,"㎡당 500만원(법정동 12219건, 기준일 시점보정) × 57㎡",285247148.6687554,149649674.15433112,543709408.5466821,0.45,"㎡당 500만원(법정동 12219건, 기준일 시점보정) × 57㎡",㎡단가,법정동,12219,법정동,,0.5033231397301925,,,1150010300100290036,11500,57.0,[],화곡동,A,False,57.0,2025-11-19,255000000,265368013.4193867,0.07491157277479324,0.07223840031234766
A,B0 ㎡단가,"㎡당 500만원(법정동 12219건, 기준일 시점보정) × 61.92㎡",309868481.5012167,162566803.92344195,590640115.3896593,0.45,"㎡당 500만원(법정동 12219건, 기준일 시점보정) × 61.92㎡",㎡단가,법정동,12219,법정동,,0.5033231397301925,,,1150010300104080111,11500,61.92,[],화곡동,A,False,61.92,2025-11-20,210000000,218538363.9924361,0.41791343103466105,0.3491863762002276
A,B0 ㎡단가,"㎡당 500만원(법정동 12219건, 기준일 시점보정) × 52.72㎡",263828590.83889115,138412821.42835686,502883509.0979139,0.45,"㎡당 500만원(법정동 12219건, 기준일 시점보정) × 52.72㎡",㎡단가,법정동,12219,법정동,,0.5033231397301925,,,1150010300101550010,11500,52.72,[],화곡동,A,False,52.72,2025-11-25,175000000,182115303.3270301,0.44868984659200206,0.37065959390696207
A,B0 ㎡단가,"㎡당 500만원(법정동 12219건, 기준일 시점보정) × 52.32㎡",261826856.4622686,137362648.27639678,499068004.47653425,0.45,"㎡당 500만원(법정동 12219건, 기준일 시점보정) × 52.32㎡",㎡단가,법정동,12219,법정동,,0.5033231397301925,,,1150010300105040064,11500,52.32,[],화곡동,A,False,52.32,2025-11-25,150000000,156098831.42316866,0.6773146478751119,0.5171940906889129
A,B0 ㎡단가,"㎡당 500만원(법정동 12219건, 기준일 시점보정) × 29.99㎡",150080034.887298,78736732.06821747,286067458.9879827,0.45,"㎡당 500만원(법정동 12219건, 기준일 시점보정) × 29.99㎡",㎡단가,법정동,12219,법정동,,0.5033231397301925,,,1150010300108650012,11500,29.99,[],화곡동,A,False,29.99,2025-11-26,210000000,218538363.9924361,0.3132554296393815,-0.37579286032032616
A,B0 ㎡단가,"㎡당 500만원(법정동 12219건, 기준일 시점보정) × 29.98㎡",150029991.52788243,78710477.73941848,285972071.3724482,0.45,"㎡당 500만원(법정동 12219건, 기준일 시점보정) × 29.98㎡",㎡단가,법정동,12219,법정동,,0.5033231397301925,,,1150010300100460309,11500,29.98,[],화곡동,A,False,29.98,2025-11-27,120000000,124879065.13853493,0.2014022635535127,0.1834894275286304
A,B0 ㎡단가,"㎡당 598만원(법정동 3454건, 기준일 시점보정) × 27.39㎡",163790244.834336,99611703.72993515,269318195.53679264,0.45,"㎡당 598만원(법정동 3454건, 기준일 시점보정) × 27.39㎡",㎡단가,법정동,3454,법정동,,0.38803600911655123,,,1162010100115340004,11620,27.39,[],봉천동,A,False,27.39,2025-11-28,185000000,192085403.64550212,0.14730509593214824,-0.15935346948296103
A,B0 ㎡단가,"㎡당 645만원(법정동 5402건, 기준일 시점보정) × 39.18㎡",252889587.1016813,127775430.18116623,500512055.98590404,0.45,"㎡당 645만원(법정동 5402건, 기준일 시점보정) × 39.18㎡",㎡단가,법정동,5402,법정동,,0.5326768941136113,,,1162010200106110079,11620,39.18,[],신림동,A,False,39.18,2025-11-28,195000000,202468398.43715087,0.2490323875416138,0.2223691615851572
A,B0 ㎡단가,"㎡당 500만원(법정동 12219건, 기준일 시점보정) × 53.5㎡",267731972.87330538,140460659.07467914,510323743.1096048,0.45,"㎡당 500만원(법정동 12219건, 기준일 시점보정) × 53.5㎡",㎡단가,법정동,12219,법정동,,0.5033231397301925,,,1150010300101110141,11500,53.5,[],화곡동,A,False,53.5,2025-11-29,197000000,205009798.60242817,0.30594720202868547,0.2669286028001955
A,B0 ㎡단가,"㎡당 598만원(법정동 3454건, 기준일 시점보정) × 62.94㎡",376376707.18777406,228899621.49551415,618871384.7055775,0.45,"㎡당 598만원(법정동 3454건, 기준일 시점보정) × 62.94㎡",㎡단가,법정동,3454,법정동,,0.38803600911655123,,,1162010100106730058,11620,62.94,[],봉천동,A,False,62.94,2025-12-03,305000000,324387072.7860906,0.16027036452209914,0.14865305082489152
A,B0 ㎡단가,"㎡당 1,589만원(법정동 1029건, 기준일 시점보정) × 47.26㎡",750836662.2642618,527549390.07056564,1068631115.8936771,0.45,"㎡당 1,589만원(법정동 1029건, 기준일 시점보정) × 47.26㎡",㎡단가,법정동,1029,법정동,,0.2753945404339587,,,1168010100107470006,11680,47.26,[],역삼동,A,False,47.26,2025-12-03,530000000,524446826.7807052,0.4316735728448223,0.35884409062945827
A,B0 ㎡단가,"㎡당 500만원(법정동 12219건, 기준일 시점보정) × 57.31㎡",286798492.810638,150463558.34710023,546666424.6282516,0.45,"㎡당 500만원(법정동 12219건, 기준일 시점보정) × 57.31㎡",㎡단가,법정동,12219,법정동,,0.5033231397301925,,,1150010300103680017,11500,57.31,[],화곡동,A,False,57.31,2025-12-05,201000000,207817167.41395155,0.3800519773198687,0.32212116318435796
A,B0 ㎡단가,"㎡당 500만원(법정동 12219건, 기준일 시점보정) × 55.44㎡",277440384.5999263,145553998.86168623,528828940.52329904,0.45,"㎡당 500만원(법정동 12219건, 기준일 시점보정) × 55.44㎡",㎡단가,법정동,12219,법정동,,0.5033231397301925,,,1150010300104100283,11500,55.44,[],화곡동,A,False,55.44,2025-12-09,217000000,224359827.5066044,0.2365867262567733,0.21235494402097616
A,B0 ㎡단가,"㎡당 500만원(법정동 12219건, 기준일 시점보정) × 43.71㎡",218739524.00546134,114757671.18045282,416939267.50132394,0.45,"㎡당 500만원(법정동 12219건, 기준일 시점보정) × 43.71㎡",㎡단가,법정동,12219,법정동,,0.5033231397301925,,,1150010300103940023,11500,43.71,[],화곡동,A,False,43.71,2025-12-09,170000000,175765763.48443663,0.2444944889670158,0.21872941450474903
A,B0 ㎡단가,"㎡당 598만원(법정동 3454건, 기준일 시점보정) × 79.29㎡",474148540.08450145,288361153.29487234,779636353.5637925,0.45,"㎡당 598만원(법정동 3454건, 기준일 시점보정) × 79.29㎡",㎡단가,법정동,3454,법정동,,0.38803600911655123,,,1162010100109180002,11620,79.29,[],봉천동,A,False,79.29,2025-12-11,435000000,462650415.2850801,0.024852727717398358,0.024548921991663027
A,B0 ㎡단가,"㎡당 2,620만원(법정동 336건, 기준일 시점보정) × 16.76㎡",439048215.1031747,303008293.1253954,636165212.4996834,0.45,"㎡당 2,620만원(법정동 336건, 기준일 시점보정) × 16.76㎡",㎡단가,법정동,336,법정동,,0.289364123947359,,,1168011400106420005,11680,16.76,[],일원동,A,False,16.76,2025-12-13,578000000,571943897.8853729,0.23235789956593383,-0.26443166951303926
A,B0 ㎡단가,"㎡당 598만원(법정동 3454건, 기준일 시점보정) × 51.3㎡",306770338.0796439,186567375.00349322,504418526.14229566,0.45,"㎡당 598만원(법정동 3454건, 기준일 시점보정) × 51.3㎡",㎡단가,법정동,3454,법정동,,0.38803600911655123,,,1162010100101800097,11620,51.3,[],봉천동,A,False,51.3,2025-12-13,250000000,265891043.2672874,0.15374453501715935,0.1430127701105186
A,B0 ㎡단가,"㎡당 500만원(법정동 12219건, 기준일 시점보정) × 61.71㎡",308817570.9534903,162015463.01866314,588636975.4634359,0.45,"㎡당 500만원(법정동 12219건, 기준일 시점보정) × 61.71㎡",㎡단가,법정동,12219,법정동,,0.5033231397301925,,,1150010300100550075,11500,61.71,[],화곡동,A,False,61.71,2025-12-14,223000000,230563325.04134923,0.33940456877999553,0.2922251635526476
A,B0 ㎡단가,"㎡당 1,998만원(법정동 234건, 기준일 시점보정) × 39.6㎡",791330035.9554644,453356893.5272354,1381258859.7324536,0.45,"㎡당 1,998만원(법정동 234건, 기준일 시점보정) × 39.6㎡",㎡단가,법정동,234,법정동,,0.43464065223311826,,,1168010500100270005,11680,39.6,[],삼성동,A,False,39.6,2025-12-14,760000000,752036959.1572376,0.05224886399500909,0.05092964907186532
A,B0 ㎡단가,"㎡당 1,589만원(법정동 1029건, 기준일 시점보정) × 27.74㎡",440715383.2249387,309653408.39097494,627249834.00107,0.45,"㎡당 1,589만원(법정동 1029건, 기준일 시점보정) × 27.74㎡",㎡단가,법정동,1029,법정동,,0.2753945404339587,,,1168010100107810018,11680,27.74,[],역삼동,A,False,27.74,2025-12-15,530000000,524446826.7807052,0.15965668830479626,-0.17394476624261904
A,B0 ㎡단가,"㎡당 500만원(법정동 12219건, 기준일 시점보정) × 35.95㎡",179905877.09897867,94384312.03242487,342918477.84654856,0.45,"㎡당 500만원(법정동 12219건, 기준일 시점보정) × 35.95㎡",㎡단가,법정동,12219,법정동,,0.5033231397301925,,,1150010300104100226,11500,35.95,[],화곡동,A,False,35.95,2025-12-16,55000000,56865394.0684942,2.163714593840369,1.1517468416143755
A,B0 ㎡단가,"㎡당 500만원(법정동 12219건, 기준일 시점보정) × 29.91㎡",149679688.01197347,78526697.43782544,285304358.06370676,0.45,"㎡당 500만원(법정동 12219건, 기준일 시점보정) × 29.91㎡",㎡단가,법정동,12219,법정동,,0.5033231397301925,,,1150010300110440011,11500,29.91,[],화곡동,A,False,29.91,2025-12-16,220000000,227461576.2739768,0.3419561647999629,-0.41848373103071523
A,B0 ㎡단가,"㎡당 645만원(법정동 5402건, 기준일 시점보정) × 48.26㎡",311496974.82202965,157387500.26909325,616506172.07452,0.45,"㎡당 645만원(법정동 5402건, 기준일 시점보정) × 48.26㎡",㎡단가,법정동,5402,법정동,,0.5326768941136113,,,1162010200100920006,11620,48.26,[],신림동,A,False,48.26,2025-12-17,199000000,211649270.4407608,0.47176021052817924,0.3864591065805641
A,B0 ㎡단가,"㎡당 1,998만원(법정동 234건, 기준일 시점보정) × 122.08㎡",2439534615.895032,1397621453.580934,4258183878.6903596,0.45,"㎡당 1,998만원(법정동 234건, 기준일 시점보정) × 122.08㎡",㎡단가,법정동,234,법정동,,0.43464065223311826,,,1168010500100950006,11680,122.08,[],삼성동,A,False,122.08,2025-12-17,1700000000,1682187934.9569788,0.45021526144605356,0.3717120015836484
A,B0 ㎡단가,"㎡당 598만원(법정동 3454건, 기준일 시점보정) × 40.07㎡",239615739.70470464,145726212.79512638,393997082.7002303,0.45,"㎡당 598만원(법정동 3454건, 기준일 시점보정) × 40.07㎡",㎡단가,법정동,3454,법정동,,0.38803600911655123,,,1162010100100410305,11620,40.07,[],봉천동,A,False,40.07,2025-12-17,415450000,441857735.7015782,0.45770839719656675,-0.6119514096668947
A,B0 ㎡단가,"㎡당 500만원(법정동 12219건, 기준일 시점보정) × 63㎡",315273164.3180986,165402271.43373466,600941977.8673863,0.45,"㎡당 500만원(법정동 12219건, 기준일 시점보정) × 63㎡",㎡단가,법정동,12219,법정동,,0.5033231397301925,,,1150010300101050090,11500,63.0,[],화곡동,A,False,63.0,2025-12-17,295000000,305005295.4582871,0.03366455931325209,0.03311031273150235
A,B0 ㎡단가,"㎡당 500만원(법정동 12219건, 기준일 시점보정) × 36.5㎡",182658261.8668347,95828300.11636998,348164796.70094573,0.45,"㎡당 500만원(법정동 12219건, 기준일 시점보정) × 36.5㎡",㎡단가,법정동,12219,법정동,,0.5033231397301925,,,1150010300103540024,11500,36.5,[],화곡동,A,False,36.5,2025-12-18,273000000,282259137.8308894,0.35287033301904586,-0.43520859191672534
A,B0 ㎡단가,"㎡당 500만원(법정동 12219건, 기준일 시점보정) × 64.5㎡",322779668.23043364,169340420.75358516,615250120.197561,0.45,"㎡당 500만원(법정동 12219건, 기준일 시점보정) × 64.5㎡",㎡단가,법정동,12219,법정동,,0.5033231397301925,,,1150010300107890012,11500,64.5,[],화곡동,A,False,64.5,2025-12-18,250000000,258479063.94770092,0.2487652318941503,0.22215524861926794
A,B0 ㎡단가,"㎡당 1,392만원(법정동 905건, 기준일 시점보정) × 34.45㎡",479410310.4125975,308996890.8536186,743807632.1576409,0.45,"㎡당 1,392만원(법정동 905건, 기준일 시점보정) × 34.45㎡",㎡단가,법정동,905,법정동,,0.34271661500793776,,,1168010300106600025,11680,34.45,[],개포동,A,False,34.45,2025-12-18,416000000,411641282.9071196,0.16463127076777898,0.15240453114040822
A,B0 ㎡단가,"㎡당 598만원(법정동 3454건, 기준일 시점보정) × 53.66㎡",320882969.6170313,195150201.61184117,527623744.8888032,0.45,"㎡당 598만원(법정동 3454건, 기준일 시점보정) × 53.66㎡",㎡단가,법정동,3454,법정동,,0.38803600911655123,,,1162010100116880022,11620,53.66,[],봉천동,A,False,53.66,2025-12-19,243000000,258446094.05580336,0.24158568071741346,0.2163893374529716
A,B0 ㎡단가,"㎡당 1,447만원(법정동 941건, 기준일 시점보정) × 61.68㎡",892565097.3578135,606960253.620821,1312561157.4544034,0.45,"㎡당 1,447만원(법정동 941건, 기준일 시점보정) × 61.68㎡",㎡단가,법정동,941,법정동,,0.30090210699592573,,,1168010800101240026,11680,61.68,[],논현동,A,False,61.68,2025-12-19,555000000,549184884.6477196,0.625254303804007,0.4856642981863104
A,B0 ㎡단가,"㎡당 500만원(법정동 12219건, 기준일 시점보정) × 40.28㎡",201574651.72592032,105752436.40239389,384221315.37298834,0.45,"㎡당 500만원(법정동 12219건, 기준일 시점보정) × 40.28㎡",㎡단가,법정동,12219,법정동,,0.5033231397301925,,,1150010300101660019,11500,40.28,[],화곡동,A,False,40.28,2025-12-20,160000000,165426600.9265286,0.21851413616027965,0.19763219529632162
A,B0 ㎡단가,"㎡당 598만원(법정동 3454건, 기준일 시점보정) × 29.99㎡",179338059.23993215,109067360.16286083,294883267.03718215,0.45,"㎡당 598만원(법정동 3454건, 기준일 시점보정) × 29.99㎡",㎡단가,법정동,3454,법정동,,0.38803600911655123,,,1162010100100410037,11620,29.99,[],봉천동,A,False,29.99,2025-12-23,220000000,233984118.07521293,0.2335460170750354,-0.26598061779540283
A,B0 ㎡단가,"㎡당 645만원(법정동 5402건, 기준일 시점보정) × 28.78㎡",185762182.66427732,93858521.71041253,367655359.1443163,0.45,"㎡당 645만원(법정동 5402건, 기준일 시점보정) × 28.78㎡",㎡단가,법정동,5402,법정동,,0.5326768941136113,,,1162010200106460467,11620,28.78,[],신림동,A,False,28.78,2025-12-23,170000000,180805909.42175543,0.02741211976075777,0.02704313551713196
A,B0 ㎡단가,"㎡당 1,589만원(법정동 1029건, 기준일 시점보정) × 29.79㎡",473284472.4683106,332536951.54892397,673603913.2981937,0.45,"㎡당 1,589만원(법정동 1029건, 기준일 시점보정) × 29.79㎡",㎡단가,법정동,1029,법정동,,0.2753945404339587,,,1168010100107920033,11680,29.79,[],역삼동,A,False,29.79,2025-12-23,365000000,361175644.8584102,0.3103997437419953,0.27033223855956334
A,B0 ㎡단가,"㎡당 1,447만원(법정동 941건, 기준일 시점보정) × 14.04㎡",203171432.66705108,138160213.3728329,298773648.68125546,0.45,"㎡당 1,447만원(법정동 941건, 기준일 시점보정) × 14.04㎡",㎡단가,법정동,941,법정동,,0.30090210699592573,,,1168010800102440017,11680,14.04,[],논현동,A,False,14.04,2025-12-23,179500000,177619255.48516336,0.1438592742216629,0.1344078733470032
A,B0 ㎡단가,"㎡당 598만원(법정동 3454건, 기준일 시점보정) × 33.82㎡",202241185.84509832,122996269.44674721,332542583.90121675,0.45,"㎡당 598만원(법정동 3454건, 기준일 시점보정) × 33.82㎡",㎡단가,법정동,3454,법정동,,0.38803600911655123,,,1162010100116280021,11620,33.82,[],봉천동,A,False,33.82,2025-12-24,160000000,170170267.69106394,0.18846369926535939,0.17266146403264726
A,B0 ㎡단가,"㎡당 598만원(법정동 3454건, 기준일 시점보정) × 27.42㎡",163969642.69286242,99720807.45800756,269613177.1310284,0.45,"㎡당 598만원(법정동 3454건, 기준일 시점보정) × 27.42㎡",㎡단가,법정동,3454,법정동,,0.38803600911655123,,,1162010100115860014,11620,27.42,[],봉천동,A,False,27.42,2025-12-25,260000000,276526684.9979789,0.4070386274147074,-0.5226260210853175
A,B0 ㎡단가,"㎡당 500만원(법정동 12219건, 기준일 시점보정) × 47.92㎡",239807778.31941718,125810743.60483433,457097453.6413516,0.45,"㎡당 500만원(법정동 12219건, 기준일 시점보정) × 47.92㎡",㎡단가,법정동,12219,법정동,,0.5033231397301925,,,1150010300104080027,11500,47.92,[],화곡동,A,False,47.92,2025-12-25,228000000,235732906.32030323,0.017285970222490683,0.0171382675325427
A,B0 ㎡단가,"㎡당 500만원(법정동 12219건, 기준일 시점보정) × 69.07㎡",345649483.4833503,181338649.01473096,658842260.4968313,0.45,"㎡당 500만원(법정동 12219건, 기준일 시점보정) × 69.07㎡",㎡단가,법정동,12219,법정동,,0.5033231397301925,,,1150010300100290016,11500,69.07,[],화곡동,A,False,69.07,2025-12-26,233000000,240902487.59925726,0.43481076898774196,0.3610329722149704
A,B0 ㎡단가,"㎡당 598만원(법정동 3454건, 기준일 시점보정) × 70.31㎡",420448781.0990206,255702770.6919221,691338529.6893723,0.45,"㎡당 598만원(법정동 3454건, 기준일 시점보정) × 70.31㎡",㎡단가,법정동,3454,법정동,,0.38803600911655123,,,1162010100109100026,11620,70.31,[],봉천동,A,False,70.31,2025-12-26,500000000,531782086.5345748,0.2093588863834654,-0.2349111264150808
A,B0 ㎡단가,"㎡당 1,392만원(법정동 905건, 기준일 시점보정) × 26.68㎡",371282063.3326008,239304413.58416668,576046084.9336966,0.45,"㎡당 1,392만원(법정동 905건, 기준일 시점보정) × 26.68㎡",㎡단가,법정동,905,법정동,,0.34271661500793776,,,1168010300112550002,11680,26.68,[],개포동,A,False,26.68,2025-12-26,349500000,345838048.98086125,0.07357205034761112,0.07099145331556167
A,B0 ㎡단가,"㎡당 1,392만원(법정동 905건, 기준일 시점보정) × 36.84㎡",512669835.5762,330433830.45130074,795409961.3552246,0.45,"㎡당 1,392만원(법정동 905건, 기준일 시점보정) × 36.84㎡",㎡단가,법정동,905,법정동,,0.34271661500793776,,,1168010300101600007,11680,36.84,[],개포동,A,False,36.84,2025-12-27,880000000,870779636.9189067,0.41125192432130386,-0.5297569021431421
A,B0 ㎡단가,"㎡당 1,674만원(법정동 192건, 기준일 시점보정) × 56.36㎡",943372631.6542495,597586002.0345578,1489244927.2980115,0.45,"㎡당 1,674만원(법정동 192건, 기준일 시점보정) × 56.36㎡",㎡단가,법정동,192,법정동,,0.35624465526808885,,,1168010600109160044,11680,56.36,[],대치동,A,False,56.36,2025-12-27,840000000,831198744.3316838,0.13495435127582872,0.12659243098431563
A,B0 ㎡단가,"㎡당 1,674만원(법정동 192건, 기준일 시점보정) × 69.9㎡",1170009704.6244156,741150843.5453442,1847023073.423191,0.45,"㎡당 1,674만원(법정동 192건, 기준일 시점보정) × 69.9㎡",㎡단가,법정동,192,법정동,,0.35624465526808885,,,1168010600109170025,11680,69.9,[],대치동,A,False,69.9,2025-12-29,950000000,940046198.946547,0.24463000428657103,0.21883830043637395
A,B0 ㎡단가,"㎡당 598만원(법정동 3454건, 기준일 시점보정) × 52.31㎡",312810065.9833555,190240533.84859082,514349573.14821506,0.45,"㎡당 598만원(법정동 3454건, 기준일 시점보정) × 52.31㎡",㎡단가,법정동,3454,법정동,,0.38803600911655123,,,1162010100106490090,11620,52.31,[],봉천동,A,False,52.31,2025-12-29,162000000,172297396.03720224,0.8155240484064772,0.5963741579461747
A,B0 ㎡단가,"㎡당 500만원(법정동 12219건, 기준일 시점보정) × 29.72㎡",148728864.18307722,78027865.19064413,283491993.36855036,0.45,"㎡당 500만원(법정동 12219건, 기준일 시점보정) × 29.72㎡",㎡단가,법정동,12219,법정동,,0.5033231397301925,,,1150010300103660064,11500,29.72,[],화곡동,A,False,29.72,2025-12-30,220000000,227461576.2739768,0.34613631621046304,-0.42485638382301627
A,B0 ㎡단가,"㎡당 500만원(법정동 12219건, 기준일 시점보정) × 49.73㎡",248865626.37363565,130562777.11745436,474362612.05309725,0.45,"㎡당 500만원(법정동 12219건, 기준일 시점보정) × 49.73㎡",㎡단가,법정동,12219,법정동,,0.5033231397301925,,,1150010300101610030,11500,49.73,[],화곡동,A,False,49.73,2025-12-30,255000000,263648645.22665495,0.05607090770487574,-0.05770422975198927
A,B0 ㎡단가,"㎡당 645만원(법정동 5402건, 기준일 시점보정) × 54.15㎡",349514322.14282924,176596210.93185696,691749051.3434589,0.45,"㎡당 645만원(법정동 5402건, 기준일 시점보정) × 54.15㎡",㎡단가,법정동,5402,법정동,,0.5326768941136113,,,1162010200100980381,11620,54.15,[],신림동,A,False,54.15,2026-01-01,220000000,228650370.4818934,0.5285972264388128,0.42435046937963405
A,B0 ㎡단가,"㎡당 500만원(법정동 12219건, 기준일 시점보정) × 23.41㎡",117151504.39185221,61461383.718471885,223302407.96627805,0.45,"㎡당 500만원(법정동 12219건, 기준일 시점보정) × 23.41㎡",㎡단가,법정동,12219,법정동,,0.5033231397301925,,,1150010300103600002,11500,23.41,[],화곡동,A,False,23.41,2026-01-02,185000000,187694605.3208579,0.375839789366426,-0.4713481957565733
A,B0 ㎡단가,"㎡당 500만원(법정동 12219건, 기준일 시점보정) × 27.5㎡",137619238.39282063,72199404.19726501,262315942.71989048,0.45,"㎡당 500만원(법정동 12219건, 기준일 시점보정) × 27.5㎡",㎡단가,법정동,12219,법정동,,0.5033231397301925,,,1150010300103620023,11500,27.5,[],화곡동,A,False,27.5,2026-01-02,260000000,263787012.8833679,0.4782941097495642,-0.6506512785240716
A,B0 ㎡단가,"㎡당 500만원(법정동 12219건, 기준일 시점보정) × 42.69㎡",213635101.34507325,112079729.64295436,407209730.71680474,0.45,"㎡당 500만원(법정동 12219건, 기준일 시점보정) × 42.69㎡",㎡단가,법정동,12219,법정동,,0.5033231397301925,,,1150010300104670008,11500,42.69,[],화곡동,A,False,42.69,2026-01-03,180000000,182621778.1500239,0.16982269863549287,0.1568521976985914
A,B0 ㎡단가,"㎡당 598만원(법정동 3454건, 기준일 시점보정) × 38.87㎡",232439825.36365998,141362063.67223743,382197818.93081933,0.45,"㎡당 598만원(법정동 3454건, 기준일 시점보정) × 38.87㎡",㎡단가,법정동,3454,법정동,,0.38803600911655123,,,1162010100106350398,11620,38.87,[],봉천동,A,False,38.87,2026-01-03,280000000,291009562.4315007,0.2012639604639354,-0.22472475133225367
A,B0 ㎡단가,"㎡당 645만원(법정동 5402건, 기준일 시점보정) × 52.52㎡",338993392.4088896,171280387.77730596,670926319.0500171,0.45,"㎡당 645만원(법정동 5402건, 기준일 시점보정) × 52.52㎡",㎡단가,법정동,5402,법정동,,0.5326768941136113,,,1162010200105980039,11620,52.52,[],신림동,A,False,52.52,2026-01-05,240000000,249436767.79842916,0.3590353795909972,0.30677516837759894
A,B0 ㎡단가,"㎡당 500만원(법정동 12219건, 기준일 시점보정) × 43.44㎡",217388353.30124086,114048804.30287966,414363801.8818922,0.45,"㎡당 500만원(법정동 12219건, 기준일 시점보정) × 43.44㎡",㎡단가,법정동,12219,법정동,,0.5033231397301925,,,1150010300104090155,11500,43.44,[],화곡동,A,False,43.44,2026-01-05,140000000,142039160.78335193,0.5304818199596152,0.42558260083530575
A,B0 ㎡단가,"㎡당 598만원(법정동 3454건, 기준일 시점보정) × 59.49㎡",355745953.4572707,216352692.76720843,584948501.3685209,0.45,"㎡당 598만원(법정동 3454건, 기준일 시점보정) × 59.49㎡",㎡단가,법정동,3454,법정동,,0.38803600911655123,,,1162010100117180005,11620,59.49,[],봉천동,A,False,59.49,2026-01-05,580170000,602982206.5567276,0.41002246900663286,-0.5276708258696398
A,B0 ㎡단가,"㎡당 645만원(법정동 5402건, 기준일 시점보정) × 84.21㎡",543538339.1994023,274629121.37713146,1075756003.9452014,0.45,"㎡당 645만원(법정동 5402건, 기준일 시점보정) × 84.21㎡",㎡단가,법정동,5402,법정동,,0.5326768941136113,,,1162010200104630006,11620,84.21,[],신림동,A,False,84.21,2026-01-06,450000000,467693939.6220547,0.16216673587568356,0.15028613856253084
A,B0 ㎡단가,"㎡당 645만원(법정동 5402건, 기준일 시점보정) × 47.62㎡",307366057.62588197,155300305.9016624,608330375.3458074,0.45,"㎡당 645만원(법정동 5402건, 기준일 시점보정) × 47.62㎡",㎡단가,법정동,5402,법정동,,0.5326768941136113,,,1162010200107530001,11620,47.62,[],신림동,A,False,47.62,2026-01-06,200000000,207863973.16535762,0.4786884564232281,0.3911555167956749
A,B0 ㎡단가,"㎡당 1,589만원(법정동 1029건, 기준일 시점보정) × 57.41㎡",912093372.4204683,640850835.4623617,1298140337.7794347,0.45,"㎡당 1,589만원(법정동 1029건, 기준일 시점보정) × 57.41㎡",㎡단가,법정동,1029,법정동,,0.2753945404339587,,,1168010100107810001,11680,57.41,[],역삼동,A,False,57.41,2026-01-06,830000000,804768535.7282773,0.13336112425800434,0.12518766405748283
A,B0 ㎡단가,"㎡당 500만원(법정동 12219건, 기준일 시점보정) × 38.86㎡",194468494.68890935,102024321.7129352,370676273.96708876,0.45,"㎡당 500만원(법정동 12219건, 기준일 시점보정) × 38.86㎡",㎡단가,법정동,12219,법정동,,0.5033231397301925,,,1150010300100240294,11500,38.86,[],화곡동,A,False,38.86,2026-01-09,150000000,152184815.12501994,0.27784427460225475,0.2451744976719684
A,B0 ㎡단가,"㎡당 645만원(법정동 5402건, 기준일 시점보정) × 68.32㎡",440975410.68879116,222807998.72325838,872766300.7901202,0.45,"㎡당 645만원(법정동 5402건, 기준일 시점보정) × 68.32㎡",㎡단가,법정동,5402,법정동,,0.5326768941136113,,,1162010200103060044,11620,68.32,[],신림동,A,False,68.32,2026-01-09,250000000,259829966.45669705,0.6971691783760577,0.5289616739030617
A,B0 ㎡단가,"㎡당 1,392만원(법정동 905건, 기준일 시점보정) × 46.46㎡",646542903.3895292,416719754.6896697,1003114734.1086792,0.45,"㎡당 1,392만원(법정동 905건, 기준일 시점보정) × 46.46㎡",㎡단가,법정동,905,법정동,,0.34271661500793776,,,1168010300112090006,11680,46.46,[],개포동,A,False,46.46,2026-01-10,600000000,581760387.2734535,0.11135601105412676,0.10558090131983625
A,B0 ㎡단가,"㎡당 1,674만원(법정동 192건, 기준일 시점보정) × 63.71㎡",1066399403.170549,675518172.2785951,1683459799.82534,0.45,"㎡당 1,674만원(법정동 192건, 기준일 시점보정) × 63.71㎡",㎡단가,법정동,192,법정동,,0.35624465526808885,,,1168010600109170022,11680,63.71,[],대치동,A,False,63.71,2026-01-12,880000000,853248568.0010651,0.24981094977849153,0.2229922996990541
A,B0 ㎡단가,"㎡당 500만원(법정동 12219건, 기준일 시점보정) × 45.81㎡",229248629.4827311,120271080.22824389,436970666.7635698,0.45,"㎡당 500만원(법정동 12219건, 기준일 시점보정) × 45.81㎡",㎡단가,법정동,12219,법정동,,0.5033231397301925,,,1150010300104100020,11500,45.81,[],화곡동,A,False,45.81,2026-01-13,140000000,142039160.78335193,0.6139818640043725,0.4787043331082759
A,B0 ㎡단가,"㎡당 500만원(법정동 12219건, 기준일 시점보정) × 57.54㎡",287949490.0771971,151067407.90947783,548860339.7855469,0.45,"㎡당 500만원(법정동 12219건, 기준일 시점보정) × 57.54㎡",㎡단가,법정동,12219,법정동,,0.5033231397301925,,,1150010300104100039,11500,57.54,[],화곡동,A,False,57.54,2026-01-13,240000000,243495704.2000319,0.18256496977312728,0.16768578260034375
A,B0 ㎡단가,"㎡당 500만원(법정동 12219건, 기준일 시점보정) × 29.97㎡",149979948.16846684,78684223.41061945,285876683.75691366,0.45,"㎡당 500만원(법정동 12219건, 기준일 시점보정) × 29.97㎡",㎡단가,법정동,12219,법정동,,0.5033231397301925,,,1150010300104780013,11500,29.97,[],화곡동,A,False,29.97,2026-01-13,179000000,181607212.71585712,0.1741520288452108,-0.19134457669325153
A,B0 ㎡단가,"㎡당 598만원(법정동 3454건, 기준일 시점보정) × 41.16㎡",246133861.89781976,149690314.91508356,404714747.2907779,0.45,"㎡당 598만원(법정동 3454건, 기준일 시점보정) × 41.16㎡",㎡단가,법정동,3454,법정동,,0.38803600911655123,,,1162010100108980009,11620,41.16,[],봉천동,A,False,41.16,2026-01-13,225000000,233846969.81102735,0.052542447296715006,0.0512086157342939
A,B0 ㎡단가,"㎡당 645만원(법정동 5402건, 기준일 시점보정) × 27.36㎡",176596710.13532373,89227559.20767483,349515310.15248346,0.45,"㎡당 645만원(법정동 5402건, 기준일 시점보정) × 27.36㎡",㎡단가,법정동,5402,법정동,,0.5326768941136113,,,1162010200106460142,11620,27.36,[],신림동,A,False,27.36,2026-01-14,130000000,135111582.55748245,0.3070434583962605,0.26776768458376043
A,B0 ㎡단가,"㎡당 500만원(법정동 12219건, 기준일 시점보정) × 63.96㎡",320077326.8219931,167922686.998439,610099188.9586983,0.45,"㎡당 500만원(법정동 12219건, 기준일 시점보정) × 63.96㎡",㎡단가,법정동,12219,법정동,,0.5033231397301925,,,1150010300101050427,11500,63.96,[],화곡동,A,False,63.96,2026-01-15,240000000,243495704.2000319,0.31450913219828036,0.27346331244269323
A,B0 ㎡단가,"㎡당 1,589만원(법정동 1029건, 기준일 시점보정) × 40.59㎡",644867967.0187551,453094154.5273856,917810770.0830368,0.45,"㎡당 1,589만원(법정동 1029건, 기준일 시점보정) × 40.59㎡",㎡단가,법정동,1029,법정동,,0.2753945404339587,,,1168010100107780023,11680,40.59,[],역삼동,A,False,40.59,2026-01-16,690000000,669024445.3644716,0.036107018978292334,-0.036775006071920045
A,B0 ㎡단가,"㎡당 1,589만원(법정동 1029건, 기준일 시점보정) × 243.21㎡",3863964973.1123857,2714881234.851088,5499402744.318695,0.45,"㎡당 1,589만원(법정동 1029건, 기준일 시점보정) × 243.21㎡",㎡단가,법정동,1029,법정동,,0.2753945404339587,,,1168010100107930032,11680,243.21,[],역삼동,A,False,243.21,2026-01-16,2950000000,2860321904.0944796,0.3508846565770154,0.30075967900244077
A,B0 ㎡단가,"㎡당 1,392만원(법정동 905건, 기준일 시점보정) × 54.55㎡",759124308.6504276,489282449.81320524,1177785379.8025942,0.45,"㎡당 1,392만원(법정동 905건, 기준일 시점보정) × 54.55㎡",㎡단가,법정동,905,법정동,,0.34271661500793776,,,1168010300112020006,11680,54.55,[],개포동,A,False,54.55,2026-01-16,700000000,678720451.8190291,0.11846387804568029,0.11195620642939602
A,B0 ㎡단가,"㎡당 500만원(법정동 12219건, 기준일 시점보정) × 42.84㎡",214385751.7363072,112473544.57493964,408640544.949823,0.45,"㎡당 500만원(법정동 12219건, 기준일 시점보정) × 42.84㎡",㎡단가,법정동,12219,법정동,,0.5033231397301925,,,1150010300103660087,11500,42.84,[],화곡동,A,False,42.84,2026-01-19,270000000,273932667.2250359,0.21737792754673857,-0.24510536559989407
A,B0 ㎡단가,"㎡당 598만원(법정동 3454건, 기준일 시점보정) × 52.02㎡",311075886.68427044,189185864.47722644,511498084.40394187,0.45,"㎡당 598만원(법정동 3454건, 기준일 시점보정) × 52.02㎡",㎡단가,법정동,3454,법정동,,0.38803600911655123,,,1162010100101800322,11620,52.02,[],봉천동,A,False,52.02,2026-01-20,220000000,228650370.4818934,0.3604871316353465,0.3078428206410081
A,B0 ㎡단가,"㎡당 645만원(법정동 5402건, 기준일 시점보정) × 29.66㎡",191442193.8089805,96728413.96563004,378897079.6462964,0.45,"㎡당 645만원(법정동 5402건, 기준일 시점보정) × 29.66㎡",㎡단가,법정동,5402,법정동,,0.5326768941136113,,,1162010200104090269,11620,29.66,[],신림동,A,False,29.66,2026-01-20,210000000,218257171.8236255,0.1228595504587327,-0.13108815172268862
A,B0 ㎡단가,"㎡당 645만원(법정동 5402건, 기준일 시점보정) × 56.24㎡",363004348.611499,183412205.03799838,718448137.5356609,0.45,"㎡당 645만원(법정동 5402건, 기준일 시점보정) × 56.24㎡",㎡단가,법정동,5402,법정동,,0.5326768941136113,,,1162010200107120016,11620,56.24,[],신림동,A,False,56.24,2026-01-20,310000000,322189158.4063043,0.12668083062473426,0.11927599230821131
A,B0 ㎡단가,"㎡당 1,589만원(법정동 1029건, 기준일 시점보정) × 28.799㎡",457540098.10724646,321474711.9052521,651195673.0135843,0.45,"㎡당 1,589만원(법정동 1029건, 기준일 시점보정) × 28.799㎡",㎡단가,법정동,1029,법정동,,0.2753945404339587,,,1168010100107510008,11680,28.799,[],역삼동,A,False,28.799,2026-01-20,520000000,504192335.63699305,0.09252865272298613,-0.0970932865900463
A,B0 ㎡단가,"㎡당 500만원(법정동 12219건, 기준일 시점보정) × 52.38㎡",262127116.6187617,137520174.24919066,499640330.1697407,0.45,"㎡당 500만원(법정동 12219건, 기준일 시점보정) × 52.38㎡",㎡단가,법정동,12219,법정동,,0.5033231397301925,,,1150010300110810029,11500,52.38,[],화곡동,A,False,52.38,2026-01-21,186750000,189470094.83064982,0.38347487952150655,0.3245983628855701
A,B0 ㎡단가,"㎡당 1,589만원(법정동 1029건, 기준일 시점보정) × 17㎡",270085130.31088525,189765967.65128237,384399681.9761424,0.45,"㎡당 1,589만원(법정동 1029건, 기준일 시점보정) × 17㎡",㎡단가,법정동,1029,법정동,,0.2753945404339587,,,1168010100107430012,11680,17.0,[],역삼동,A,False,17.0,2026-01-21,790000000,765984509.9100472,0.6474013158012785,-1.0424247407362728
A,B0 ㎡단가,"㎡당 598만원(법정동 3454건, 기준일 시점보정) × 65.9㎡",394077295.8956822,239664522.66530567,647976235.336788,0.45,"㎡당 598만원(법정동 3454건, 기준일 시점보정) × 65.9㎡",㎡단가,법정동,3454,법정동,,0.38803600911655123,,,1162010100117140000,11620,65.9,[],봉천동,A,False,65.9,2026-01-22,460000000,478087138.28032255,0.17572077485042453,-0.19324594100181652
A,B0 ㎡단가,"㎡당 645만원(법정동 5402건, 기준일 시점보정) × 72.96㎡",470924560.3608637,237940157.8871331,932040827.0732901,0.45,"㎡당 645만원(법정동 5402건, 기준일 시점보정) × 72.96㎡",㎡단가,법정동,5402,법정동,,0.5326768941136113,,,1162010200114590015,11620,72.96,[],신림동,A,False,72.96,2026-01-22,438000000,455222101.2321332,0.034494061439963475,0.033912477674623874
A,B0 ㎡단가,"㎡당 598만원(법정동 3454건, 기준일 시점보정) × 72.39㎡",432887032.6234967,263267295.83826217,711790586.8896827,0.45,"㎡당 598만원(법정동 3454건, 기준일 시점보정) × 72.39㎡",㎡단가,법정동,3454,법정동,,0.38803600911655123,,,1162010100101800180,11620,72.39,[],봉천동,A,False,72.39,2026-01-22,380000000,394941549.01417947,0.09607873292651439,0.09173902255748125
A,B0 ㎡단가,"㎡당 500만원(법정동 12219건, 기준일 시점보정) × 25.59㎡",128060956.74444662,67184827.39665502,244096908.15280008,0.45,"㎡당 500만원(법정동 12219건, 기준일 시점보정) × 25.59㎡",㎡단가,법정동,12219,법정동,,0.5033231397301925,,,1150010300107910001,11500,25.59,[],화곡동,A,False,25.59,2026-01-22,290000000,294223975.90837187,0.5647500977815357,-0.831834924989891
A,B0 ㎡단가,"㎡당 1,589만원(법정동 1029건, 기준일 시점보정) × 28.69㎡",455808375.80113566,320257977.17148805,648730992.6997374,0.45,"㎡당 1,589만원(법정동 1029건, 기준일 시점보정) × 28.69㎡",㎡단가,법정동,1029,법정동,,0.2753945404339587,,,1168010100107780038,11680,28.69,[],역삼동,A,False,28.69,2026-01-23,580000000,562368374.3643384,0.18948433699468015,-0.21008461287861216
A,B0 ㎡단가,"㎡당 500만원(법정동 12219건, 기준일 시점보정) × 45.75㎡",228948369.32623816,120113554.2554501,436398341.0703637,0.45,"㎡당 500만원(법정동 12219건, 기준일 시점보정) × 45.75㎡",㎡단가,법정동,12219,법정동,,0.5033231397301925,,,1150010300100560663,11500,45.75,[],화곡동,A,False,45.75,2026-01-24,170000000,172476123.80835593,0.3274206555142117,0.2832377024902
A,B0 ㎡단가,"㎡당 598만원(법정동 3454건, 기준일 시점보정) × 47.71㎡",285302394.3426858,173511295.5441841,469119062.0321419,0.45,"㎡당 598만원(법정동 3454건, 기준일 시점보정) × 47.71㎡",㎡단가,법정동,3454,법정동,,0.38803600911655123,,,1162010100100410387,11620,47.71,[],봉천동,A,False,47.71,2026-01-24,440000000,457300740.9637868,0.3761164835609163,-0.47179160041142876
A,B0 ㎡단가,"㎡당 855만원(법정동 493건, 기준일 시점보정) × 94.92㎡",811400015.1134981,520659527.0861898,1264492341.4936352,0.45,"㎡당 855만원(법정동 493건, 기준일 시점보정) × 94.92㎡",㎡단가,법정동,493,법정동,,0.3461804308237861,,,1162010300106020195,11620,94.92,[],남현동,A,False,94.92,2026-01-24,650000000,675557912.7874123,0.20108135772637042,0.18322228245741462
A,B0 ㎡단가,"㎡당 1,998만원(법정동 234건, 기준일 시점보정) × 79.35㎡",1585657534.1683333,908431048.0147997,2767749760.600253,0.45,"㎡당 1,998만원(법정동 234건, 기준일 시점보정) × 79.35㎡",㎡단가,법정동,234,법정동,,0.43464065223311826,,,1168010500100270015,11680,79.35,[],삼성동,A,False,79.35,2026-01-24,1650000000,1599841065.0019972,0.008865587428615125,-0.008905120578687198
A,B0 ㎡단가,"㎡당 598만원(법정동 3454건, 기준일 시점보정) × 57.02㎡",340975529.771955,207369819.15592948,560661683.443152,0.45,"㎡당 598만원(법정동 3454건, 기준일 시점보정) × 57.02㎡",㎡단가,법정동,3454,법정동,,0.38803600911655123,,,1162010100106350562,11620,57.02,[],봉천동,A,False,57.02,2026-01-25,380000000,394941549.01417947,0.1366430535782573,-0.14692706226304136
A,B0 ㎡단가,"㎡당 500만원(법정동 12219건, 기준일 시점보정) × 44.91㎡",224744727.13533,117908190.63633354,428385781.36546487,0.45,"㎡당 500만원(법정동 12219건, 기준일 시점보정) × 44.91㎡",㎡단가,법정동,12219,법정동,,0.5033231397301925,,,1150010300110450037,11500,44.91,[],화곡동,A,False,44.91,2026-01-26,300000000,304369630.2500399,0.26160593962445583,-0.3032776397376237
A,B0 ㎡단가,"㎡당 1,392만원(법정동 905건, 기준일 시점보정) × 52.62㎡",732266198.3718683,471971448.38076633,1136114879.6555889,0.45,"㎡당 1,392만원(법정동 905건, 기준일 시점보정) × 52.62㎡",㎡단가,법정동,905,법정동,,0.34271661500793776,,,1168010300111780002,11680,52.62,[],개포동,A,False,52.62,2026-01-26,570000000,552672367.9097809,0.32495532776736286,0.2813787439772695
A,B0 ㎡단가,"㎡당 500만원(법정동 12219건, 기준일 시점보정) × 43.15㎡",215937095.8781893,113287428.7677085,411597561.0313915,0.45,"㎡당 500만원(법정동 12219건, 기준일 시점보정) × 43.15㎡",㎡단가,법정동,12219,법정동,,0.5033231397301925,,,1150010300104100180,11500,43.15,[],화곡동,A,False,43.15,2026-01-27,172000000,174505254.67668954,0.23742460522613842,0.2130322885349137
A,B0 ㎡단가,"㎡당 1,589만원(법정동 1029건, 기준일 시점보정) × 26.8㎡",425781264.2548083,299160466.6502576,605994792.7623905,0.45,"㎡당 1,589만원(법정동 1029건, 기준일 시점보정) × 26.8㎡",㎡단가,법정동,1029,법정동,,0.2753945404339587,,,1168010100107450039,11680,26.8,[],역삼동,A,False,26.8,2026-01-28,700000000,678720451.8190291,0.37267064354156715,-0.46628358685801297
A,B0 ㎡단가,"㎡당 500만원(법정동 12219건, 기준일 시점보정) × 27.19㎡",136067894.25093794,71385520.00449587,259358926.6383209,0.45,"㎡당 500만원(법정동 12219건, 기준일 시점보정) × 27.19㎡",㎡단가,법정동,12219,법정동,,0.5033231397301925,,,1150010300110500008,11500,27.19,[],화곡동,A,False,27.19,2026-01-29,210000000,213058741.1750279,0.3613597193876309,-0.44841392425415855
A,B0 ㎡단가,"㎡당 645만원(법정동 5402건, 기준일 시점보정) × 51.19㎡",330408830.1106451,166942936.98248863,653935991.4731611,0.45,"㎡당 645만원(법정동 5402건, 기준일 시점보정) × 51.19㎡",㎡단가,법정동,5402,법정동,,0.5326768941136113,,,1162010200115760017,11620,51.19,[],신림동,A,False,51.19,2026-01-29,375000000,389744949.68504554,0.15224345978658654,-0.1651617832159226
A,B0 ㎡단가,"㎡당 500만원(법정동 12219건, 기준일 시점보정) × 34.51㎡",172699633.343136,90603688.68536787,329182661.209579,0.45,"㎡당 500만원(법정동 12219건, 기준일 시점보정) × 34.51㎡",㎡단가,법정동,12219,법정동,,0.5033231397301925,,,1150010300103460012,11500,34.51,[],화곡동,A,False,34.51,2026-01-30,240000000,243495704.2000319,0.29074874683923324,-0.3435454384131486
A,B0 ㎡단가,"㎡당 500만원(법정동 12219건, 기준일 시점보정) × 29.17㎡",145976479.4152212,76583877.10669905,278245674.5141533,0.45,"㎡당 500만원(법정동 12219건, 기준일 시점보정) × 29.17㎡",㎡단가,법정동,12219,법정동,,0.5033231397301925,,,1150010300111710000,11500,29.17,[],화곡동,A,False,29.17,2026-01-30,294000000,298282237.6450391,0.5106095469588917,-0.7145946356401195
A,B0 ㎡단가,"㎡당 645만원(법정동 5402건, 기준일 시점보정) × 29.9㎡",192991287.7575358,97511111.85341656,381963003.4195634,0.45,"㎡당 645만원(법정동 5402건, 기준일 시점보정) × 29.9㎡",㎡단가,법정동,5402,법정동,,0.5326768941136113,,,1162010200104120158,11620,29.9,[],신림동,A,False,29.9,2026-01-31,300000000,311795959.74803644,0.3810333914734084,-0.47970395197456733
A,B0 ㎡단가,"㎡당 500만원(법정동 12219건, 기준일 시점보정) × 54.34㎡",271935615.0642135,142666022.69379565,518336302.8145035,0.45,"㎡당 500만원(법정동 12219건, 기준일 시점보정) × 54.34㎡",㎡단가,법정동,12219,법정동,,0.5033231397301925,,,1150010300110400021,11500,54.34,[],화곡동,A,False,54.34,2026-01-31,268000000,271903536.35670227,0.00011797826516372736,0.00011797130627548818
A,B0 ㎡단가,"㎡당 500만원(법정동 12219건, 기준일 시점보정) × 48.75㎡",243961377.1509094,127989852.89515169,465014625.7307152,0.45,"㎡당 500만원(법정동 12219건, 기준일 시점보정) × 48.75㎡",㎡단가,법정동,12219,법정동,,0.5033231397301925,,,1150010300111140015,11500,48.75,[],화곡동,A,False,48.75,2026-02-04,233000000,235669006.8231229,0.035186511962560243,0.034581615277142985
A,B0 ㎡단가,"㎡당 1,392만원(법정동 905건, 기준일 시점보정) × 36.36㎡",505990098.3048493,326128503.67017657,785046313.6502712,0.45,"㎡당 1,392만원(법정동 905건, 기준일 시점보정) × 36.36㎡",㎡단가,법정동,905,법정동,,0.34271661500793776,,,1168010300112350005,11680,36.36,[],개포동,A,False,36.36,2026-02-04,495000000,483594877.00833404,0.04630988118620896,0.0452695752924214
A,B0 ㎡단가,"㎡당 1,998만원(법정동 234건, 기준일 시점보정) × 56.37㎡",1126446316.3335736,645346668.8921779,1966201058.6646056,0.45,"㎡당 1,998만원(법정동 234건, 기준일 시점보정) × 56.37㎡",㎡단가,법정동,234,법정동,,0.43464065223311826,,,1168010500100900016,11680,56.37,[],삼성동,A,False,56.37,2026-02-05,1000000000,976959347.491584,0.1530124761340465,0.14237806181298227
A,B0 ㎡단가,"㎡당 1,589만원(법정동 1029건, 기준일 시점보정) × 42.8697㎡",681086382.9934459,478541770.7894233,969358767.436039,0.45,"㎡당 1,589만원(법정동 1029건, 기준일 시점보정) × 42.8697㎡",㎡단가,법정동,1029,법정동,,0.2753945404339587,,,1168010100107960014,11680,42.8697,[],역삼동,A,False,42.8697,2026-02-05,575000000,561751624.8076608,0.21243331201159285,0.1926293419141136
A,B0 ㎡단가,"㎡당 645만원(법정동 5402건, 기준일 시점보정) × 27.94㎡",180340353.844333,91119079.10315928,356924625.9378801,0.45,"㎡당 645만원(법정동 5402건, 기준일 시점보정) × 27.94㎡",㎡단가,법정동,5402,법정동,,0.5326768941136113,,,1162010200114900001,11620,27.94,[],신림동,A,False,27.94,2026-02-05,260000000,267409037.75932646,0.3256011264411977,-0.3939335425823597
A,B0 ㎡단가,"㎡당 500만원(법정동 12219건, 기준일 시점보정) × 61.79㎡",309217917.8288143,162225497.6490549,589400076.3877108,0.45,"㎡당 500만원(법정동 12219건, 기준일 시점보정) × 61.79㎡",㎡단가,법정동,12219,법정동,,0.5033231397301925,,,1150010300101050237,11500,61.79,[],화곡동,A,False,61.79,2026-02-05,270000000,273092840.52464885,0.1322813049026267,0.12423445147350129
A,B0 ㎡단가,"㎡당 645만원(법정동 5402건, 기준일 시점보정) × 34.56㎡",223069528.59198827,112708495.84127367,441493023.3505062,0.45,"㎡당 645만원(법정동 5402건, 기준일 시점보정) × 34.56㎡",㎡단가,법정동,5402,법정동,,0.5326768941136113,,,1162010200100940288,11620,34.56,[],신림동,A,False,34.56,2026-02-05,195000000,200556778.31949484,0.11225125603398817,0.10638611997646087
A,B0 ㎡단가,"㎡당 645만원(법정동 5402건, 기준일 시점보정) × 32.34㎡",208740409.56784996,105468540.37924732,413133228.4477824,0.45,"㎡당 645만원(법정동 5402건, 기준일 시점보정) × 32.34㎡",㎡단가,법정동,5402,법정동,,0.5326768941136113,,,1162010200104090273,11620,32.34,[],신림동,A,False,32.34,2026-02-06,180000000,185129333.83337983,0.12753827416524158,0.12003673786310257
A,B0 ㎡단가,"㎡당 645만원(법정동 5402건, 기준일 시점보정) × 68.13㎡",439749044.64618427,222188362.89542705,870339111.1362826,0.45,"㎡당 645만원(법정동 5402건, 기준일 시점보정) × 68.13㎡",㎡단가,법정동,5402,법정동,,0.5326768941136113,,,1162010200100940176,11620,68.13,[],신림동,A,False,68.13,2026-02-07,330000000,339403778.6945297,0.29565158743258224,0.25901372492940167
A,B0 ㎡단가,"㎡당 645만원(법정동 5402건, 기준일 시점보정) × 42.87㎡",276706906.560721,139809410.20588517,547650633.9998889,0.45,"㎡당 645만원(법정동 5402건, 기준일 시점보정) × 42.87㎡",㎡단가,법정동,5402,법정동,,0.5326768941136113,,,1162010200103060034,11620,42.87,[],신림동,A,False,42.87,2026-02-07,280000000,287978963.7408131,0.03914194645910726,-0.03992858795501302
A,B0 ㎡단가,"㎡당 500만원(법정동 12219건, 기준일 시점보정) × 29.9㎡",149629644.65255755,78500443.10902627,285208970.4481716,0.45,"㎡당 500만원(법정동 12219건, 기준일 시점보정) × 29.9㎡",㎡단가,법정동,12219,법정동,,0.5033231397301925,,,1150010300110780022,11500,29.9,[],화곡동,A,False,29.9,2026-02-08,253000000,255898106.12124503,0.4152764671823607,-0.5366161369318937
A,B0 ㎡단가,"㎡당 1,486만원(법정동 74건, 기준일 시점보정) × 71.4㎡",1061143415.1586921,626403916.8208641,1797602660.6753604,0.45,"㎡당 1,486만원(법정동 74건, 기준일 시점보정) × 71.4㎡",㎡단가,법정동,74,법정동,,0.41128815676989355,,,1168010700106260065,11680,71.4,[],신사동,A,False,71.4,2026-02-09,880000000,859724225.792594,0.2342834868709283,0.2104906291405617
A,B0 ㎡단가,"㎡당 500만원(법정동 12219건, 기준일 시점보정) × 27.9㎡",139620972.76944363,73249577.34922533,266131447.341271,0.45,"㎡당 500만원(법정동 12219건, 기준일 시점보정) × 27.9㎡",㎡단가,법정동,12219,법정동,,0.5033231397301925,,,1150010300111280015,11500,27.9,[],화곡동,A,False,27.9,2026-02-09,215000000,217462817.45481297,0.3579547326592706,-0.4430964679013548
A,B0 ㎡단가,"㎡당 645만원(법정동 5402건, 기준일 시점보정) × 29.97㎡",193443106.82586482,97739398.73735452,382857231.1867671,0.45,"㎡당 645만원(법정동 5402건, 기준일 시점보정) × 29.97㎡",㎡단가,법정동,5402,법정동,,0.5326768941136113,,,1162010200104700007,11620,29.97,[],신림동,A,False,29.97,2026-02-09,270000000,277694000.7500698,0.3033947211557965,-0.36153634306545007
A,B0 ㎡단가,"㎡당 500만원(법정동 12219건, 기준일 시점보정) × 67.52㎡",337892762.77393687,177269228.0508852,644057180.0889832,0.45,"㎡당 500만원(법정동 12219건, 기준일 시점보정) × 67.52㎡",㎡단가,법정동,12219,법정동,,0.5033231397301925,,,1150010300104560020,11500,67.52,[],화곡동,A,False,67.52,2026-02-10,120000000,121374595.78873283,1.7838837326558856,1.0238469789046443
A,B0 ㎡단가,"㎡당 1,589만원(법정동 1029건, 기준일 시점보정) × 26.83㎡",426257885.0730031,299495347.7696416,606673145.1423472,0.45,"㎡당 1,589만원(법정동 1029건, 기준일 시점보정) × 26.83㎡",㎡단가,법정동,1029,법정동,,0.2753945404339587,,,1168010100107450022,11680,26.83,[],역삼동,A,False,26.83,2026-02-10,835000000,815761055.1554726,0.4774721318465438,-0.6490769603866309
A,B0 ㎡단가,"㎡당 1,589만원(법정동 1029건, 기준일 시점보정) × 55.53㎡",882225134.4802037,619864951.9809244,1255630255.3020701,0.45,"㎡당 1,589만원(법정동 1029건, 기준일 시점보정) × 55.53㎡",㎡단가,법정동,1029,법정동,,0.2753945404339587,,,1168010100106990017,11680,55.53,[],역삼동,A,False,55.53,2026-02-11,320000000,312626991.1973069,1.8219736597324347,1.0374365194864357
A,B0 ㎡단가,"㎡당 1,567만원(구 4138건, 기준일 시점보정) × 59.6㎡",933978382.7776864,589487698.1496947,1479785960.3077018,0.3,"㎡당 1,567만원(구 4138건, 기준일 시점보정) × 59.6㎡",㎡단가,구,4138,구,,0.35908196137827625,,,1168011200106460000,11680,59.6,[],자곡동,A,False,59.6,2026-02-11,1440000000,1406821460.387881,0.33610738172832894,-0.40963486205408156
A,B0 ㎡단가,"㎡당 500만원(법정동 12219건, 기준일 시점보정) × 47.86㎡",239507518.16292325,125653217.63204004,456525127.94814354,0.45,"㎡당 500만원(법정동 12219건, 기준일 시점보정) × 47.86㎡",㎡단가,법정동,12219,법정동,,0.5033231397301925,,,1150010300100980009,11500,47.86,[],화곡동,A,False,47.86,2026-02-12,200000000,202290992.98122138,0.18397519648913221,0.1688775873311766
A,B0 ㎡단가,"㎡당 500만원(법정동 12219건, 기준일 시점보정) × 70.59㎡",353256074.1145168,185329306.99217963,673341178.0580755,0.45,"㎡당 500만원(법정동 12219건, 기준일 시점보정) × 70.59㎡",㎡단가,법정동,12219,법정동,,0.5033231397301925,,,1150010300103520007,11500,70.59,[],화곡동,A,False,70.59,2026-02-12,157000000,158798429.49025878,1.2245564723055822,0.7995575574580599
A,B0 ㎡단가,"㎡당 500만원(법정동 12219건, 기준일 시점보정) × 81.86㎡",409654940.17586625,214917935.5486592,780843020.7654649,0.45,"㎡당 500만원(법정동 12219건, 기준일 시점보정) × 81.86㎡",㎡단가,법정동,12219,법정동,,0.5033231397301925,,,1150010300109910021,11500,81.86,[],화곡동,A,False,81.86,2026-02-12,385000000,389410161.48885113,0.05198831640554076,0.0506820081754619
A,B0 ㎡단가,"㎡당 500만원(법정동 12219건, 기준일 시점보정) × 41.71㎡",208730852.12234753,109506805.42065196,397861744.3944236,0.45,"㎡당 500만원(법정동 12219건, 기준일 시점보정) × 41.71㎡",㎡단가,법정동,12219,법정동,,0.5033231397301925,,,1150010300108310003,11500,41.71,[],화곡동,A,False,41.71,2026-02-13,148000000,149695334.80610383,0.3943711231396139,0.3324435058437271
A,B0 ㎡단가,"㎡당 855만원(법정동 493건, 기준일 시점보정) × 24.11㎡",206098339.2792506,132249275.15853406,321185317.6718456,0.45,"㎡당 855만원(법정동 493건, 기준일 시점보정) × 24.11㎡",㎡단가,법정동,493,법정동,,0.3461804308237861,,,1162010300110720100,11620,24.11,[],남현동,A,False,24.11,2026-02-13,360000000,370258667.66675967,0.4433666048170862,-0.5858484331581819
A,B0 ㎡단가,"㎡당 1,429만원(법정동 175건, 기준일 시점보정) × 34.29㎡",490130730.00164735,355432600.11226696,675875348.5641701,0.45,"㎡당 1,429만원(법정동 175건, 기준일 시점보정) × 34.29㎡",㎡단가,법정동,175,법정동,,0.2507307365653645,,,1168011800109510020,11680,34.29,[],도곡동,A,False,34.29,2026-02-14,580000000,566636421.5451187,0.13501725027638298,-0.14504571476516206
A,B0 ㎡단가,"㎡당 500만원(법정동 12219건, 기준일 시점보정) × 39.27㎡",196520272.42494836,103100749.19369473,374587166.20400465,0.45,"㎡당 500만원(법정동 12219건, 기준일 시점보정) × 39.27㎡",㎡단가,법정동,12219,법정동,,0.5033231397301925,,,1150010300100560317,11500,39.27,[],화곡동,A,False,39.27,2026-02-14,140000000,141603695.08685496,0.38781881577602484,0.3277333173796035
A,B0 ㎡단가,"㎡당 500만원(법정동 12219건, 기준일 시점보정) × 58.5㎡",292753652.58109134,153587823.47418207,558017550.8768584,0.45,"㎡당 500만원(법정동 12219건, 기준일 시점보정) × 58.5㎡",㎡단가,법정동,12219,법정동,,0.5033231397301925,,,1150010300103410042,11500,58.5,[],화곡동,A,False,58.5,2026-02-14,249000000,251852286.2616206,0.16240220379410403,0.1504887291720907
A,B0 ㎡단가,"㎡당 598만원(법정동 3454건, 기준일 시점보정) × 53.85㎡",322019156.0543631,195841191.88963178,529491961.65229285,0.45,"㎡당 598만원(법정동 3454건, 기준일 시점보정) × 53.85㎡",㎡단가,법정동,3454,법정동,,0.38803600911655123,,,1162010100101800361,11620,53.85,[],봉천동,A,False,53.85,2026-02-15,185000000,190271815.3287515,0.6924164805910881,0.5261573778162952
A,B0 ㎡단가,"㎡당 500만원(법정동 12219건, 기준일 시점보정) × 49.77㎡",249065799.81129757,130667794.43265021,474744162.5152346,0.45,"㎡당 500만원(법정동 12219건, 기준일 시점보정) × 49.77㎡",㎡단가,법정동,12219,법정동,,0.5033231397301925,,,1150010300100460149,11500,49.77,[],화곡동,A,False,49.77,2026-02-20,175000000,177004618.8585687,0.4071146923590035,0.34154129034593567
A,B0 ㎡단가,"㎡당 500만원(법정동 12219건, 기준일 시점보정) × 58.15㎡",291002135.00154626,152668921.96621683,554678984.3331505,0.45,"㎡당 500만원(법정동 12219건, 기준일 시점보정) × 58.15㎡",㎡단가,법정동,12219,법정동,,0.5033231397301925,,,1150010300100980140,11500,58.15,[],화곡동,A,False,58.15,2026-02-20,239000000,241737736.61255953,0.2037927511001077,0.18547719843215
A,B0 ㎡단가,"㎡당 645만원(법정동 5402건, 기준일 시점보정) × 72.61㎡",468665465.0192203,236798723.46744427,927569688.2372751,0.45,"㎡당 645만원(법정동 5402건, 기준일 시점보정) × 72.61㎡",㎡단가,법정동,5402,법정동,,0.5326768941136113,,,1162010200104090222,11620,72.61,[],신림동,A,False,72.61,2026-02-21,540000000,555388001.5001396,0.15614765937808525,-0.16977775156181282
A,B0 ㎡단가,"㎡당 645만원(법정동 5402건, 기준일 시점보정) × 37.59㎡",242626839.69250128,122590056.67457986,480200310.9880075,0.45,"㎡당 645만원(법정동 5402건, 기준일 시점보정) × 37.59㎡",㎡단가,법정동,5402,법정동,,0.5326768941136113,,,1162010200100920162,11620,37.59,[],신림동,A,False,37.59,2026-02-21,250000000,257124074.76858312,0.05638225471158097,-0.0580341256818063
A,B0 ㎡단가,"㎡당 598만원(법정동 3454건, 기준일 시점보정) × 79.17㎡",473430948.6503981,287924738.3825841,778456427.1868532,0.45,"㎡당 598만원(법정동 3454건, 기준일 시점보정) × 79.17㎡",㎡단가,법정동,3454,법정동,,0.38803600911655123,,,1162010100109350008,11620,79.17,[],봉천동,A,False,79.17,2026-02-21,390000000,401113556.6389897,0.18029156784769432,0.16576149935187323
A,B0 ㎡단가,"㎡당 500만원(법정동 12219건, 기준일 시점보정) × 51.92㎡",259825122.0856458,136312475.12443662,495252499.85515416,0.45,"㎡당 500만원(법정동 12219건, 기준일 시점보정) × 51.92㎡",㎡단가,법정동,12219,법정동,,0.5033231397301925,,,1150010300110430008,11500,51.92,[],화곡동,A,False,51.92,2026-02-21,250000000,252863741.2265267,0.02753016634711091,0.027158025932576664
A,B0 ㎡단가,"㎡당 598만원(법정동 3454건, 기준일 시점보정) × 68.45㎡",409326113.8704016,248938339.55144438,673049670.8467857,0.45,"㎡당 598만원(법정동 3454건, 기준일 시점보정) × 68.45㎡",㎡단가,법정동,3454,법정동,,0.38803600911655123,,,1162010100101800502,11620,68.45,[],봉천동,A,False,68.45,2026-02-21,395000000,406256038.1343613,0.007556997183694599,0.007528586125557383
A,B0 ㎡단가,"㎡당 598만원(법정동 3454건, 기준일 시점보정) × 74.13㎡",443292108.41801184,269595312.0664513,728899519.3553292,0.45,"㎡당 598만원(법정동 3454건, 기준일 시점보정) × 74.13㎡",㎡단가,법정동,3454,법정동,,0.38803600911655123,,,1162010100116440029,11620,74.13,[],봉천동,A,False,74.13,2026-02-23,399000000,410370023.3306587,0.0802253654400725,0.07716969107098742
A,B0 ㎡단가,"㎡당 645만원(법정동 5402건, 기준일 시점보정) × 40.89㎡",263926881.4851389,133352152.63164584,522356762.870434,0.45,"㎡당 645만원(법정동 5402건, 기준일 시점보정) × 40.89㎡",㎡단가,법정동,5402,법정동,,0.5326768941136113,,,1162010200107040075,11620,40.89,[],신림동,A,False,40.89,2026-02-24,80000000,82279703.9259466,2.2076790373805726,1.1655476343070224
A,B0 ㎡단가,"㎡당 598만원(법정동 3454건, 기준일 시점보정) × 46.54㎡",278305877.8601678,169256250.1493677,457614779.85696703,0.45,"㎡당 598만원(법정동 3454건, 기준일 시점보정) × 46.54㎡",㎡단가,법정동,3454,법정동,,0.38803600911655123,,,1162010100101480055,11620,46.54,[],봉천동,A,False,46.54,2026-02-25,410000000,421683482.6204763,0.3400123805402908,-0.41553420253198675
A,B0 ㎡단가,"㎡당 500만원(법정동 12219건, 기준일 시점보정) × 36.81㎡",184209606.00871775,96642184.30913931,351121812.782516,0.45,"㎡당 500만원(법정동 12219건, 기준일 시점보정) × 36.81㎡",㎡단가,법정동,12219,법정동,,0.5033231397301925,,,1150010300103540032,11500,36.81,[],화곡동,A,False,36.81,2026-02-25,185000000,187119168.50762978,0.015549248760120473,-0.015671406288406086
A,B0 ㎡단가,"㎡당 1,985만원(법정동 212건, 기준일 시점보정) × 90.12㎡",1789197120.670742,1001828510.055387,3195383545.672394,0.45,"㎡당 1,985만원(법정동 212건, 기준일 시점보정) × 90.12㎡",㎡단가,법정동,212,법정동,,0.45251259591625304,,,1168010400101210037,11680,90.12,[],청담동,A,False,90.12,2026-02-26,2000000000,1953918694.983168,0.08430318760722275,-0.08806995993514374
A,B0 ㎡단가,"㎡당 500만원(법정동 12219건, 기준일 시점보정) × 29.95㎡",149879861.44963586,78631714.75302152,285685908.52584493,0.45,"㎡당 500만원(법정동 12219건, 기준일 시점보정) × 29.95㎡",㎡단가,법정동,12219,법정동,,0.5033231397301925,,,1150010300103720012,11500,29.95,[],화곡동,A,False,29.95,2026-02-28,214000000,216451362.48990688,0.30755870637393307,-0.3675318190614042
A,B0 ㎡단가,"㎡당 500만원(법정동 12219건, 기준일 시점보정) × 53.24㎡",266430845.52850094,139778046.5259052,507843665.1057084,0.45,"㎡당 500만원(법정동 12219건, 기준일 시점보정) × 53.24㎡",㎡단가,법정동,12219,법정동,,0.5033231397301925,,,1150010300107720014,11500,53.24,[],화곡동,A,False,53.24,2026-02-28,163000000,164867159.27969542,0.6160334580430527,0.4799746641191362
A,B0 ㎡단가,"㎡당 500만원(법정동 12219건, 기준일 시점보정) × 29.78㎡",149029124.33957094,78185391.16343832,284064319.061758,0.45,"㎡당 500만원(법정동 12219건, 기준일 시점보정) × 29.78㎡",㎡단가,법정동,12219,법정동,,0.5033231397301925,,,1150010300109690013,11500,29.78,[],화곡동,A,False,29.78,2026-02-28,230000000,232634641.92840457,0.3593855020722322,-0.44532741026834494
A,B0 ㎡단가,"㎡당 500만원(법정동 12219건, 기준일 시점보정) × 15.1㎡",75565472.71751244,39644036.48649827,144035299.45710358,0.45,"㎡당 500만원(법정동 12219건, 기준일 시점보정) × 15.1㎡",㎡단가,법정동,12219,법정동,,0.5033231397301925,,,1150010300107850007,11500,15.1,[],화곡동,A,False,15.1,2026-03-01,133000000,135769058.66806856,0.4434264076157682,-0.5859558755285721
A,B0 ㎡단가,"㎡당 500만원(법정동 12219건, 기준일 시점보정) × 40.5㎡",202675605.6330631,106330031.63597213,386319842.91474783,0.45,"㎡당 500만원(법정동 12219건, 기준일 시점보정) × 40.5㎡",㎡단가,법정동,12219,법정동,,0.5033231397301925,,,1150010300103660042,11500,40.5,[],화곡동,A,False,40.5,2026-03-01,220000000,224580397.79680514,0.09753652758047457,-0.10262706336756539
A,B0 ㎡단가,"㎡당 500만원(법정동 12219건, 기준일 시점보정) × 59.96㎡",300059983.0557644,157420955.4788367,571944142.7448955,0.45,"㎡당 500만원(법정동 12219건, 기준일 시점보정) × 59.96㎡",㎡단가,법정동,12219,법정동,,0.5033231397301925,,,1150010300100560661,11500,59.96,[],화곡동,A,False,59.96,2026-03-02,187000000,190893338.12728438,0.5718724707705073,0.4522675652521124
A,B0 ㎡단가,"㎡당 500만원(법정동 12219건, 기준일 시점보정) × 28.18㎡",141022186.8330793,73984698.55559732,268802300.5762366,0.45,"㎡당 500만원(법정동 12219건, 기준일 시점보정) × 28.18㎡",㎡단가,법정동,12219,법정동,,0.5033231397301925,,,1150010300110460026,11500,28.18,[],화곡동,A,False,28.18,2026-03-04,249000000,254184177.50638402,0.44519683240496966,-0.5891418811218718
A,B0 ㎡단가,"㎡당 500만원(법정동 12219건, 기준일 시점보정) × 46.55㎡",232951838.07948354,122213900.55937038,444029350.3131235,0.45,"㎡당 500만원(법정동 12219건, 기준일 시점보정) × 46.55㎡",㎡단가,법정동,12219,법정동,,0.5033231397301925,,,1150010300101550022,11500,46.55,[],화곡동,A,False,46.55,2026-03-04,391500000,399651026.07931465,0.41711187291371554,-0.5397600028354795
A,B0 ㎡단가,"㎡당 1,589만원(법정동 1029건, 기준일 시점보정) × 26.42㎡",419744067.22432923,294918639.13805217,597402329.2829232,0.45,"㎡당 1,589만원(법정동 1029건, 기준일 시점보정) × 26.42㎡",㎡단가,법정동,1029,법정동,,0.2753945404339587,,,1168010100106430013,11680,26.42,[],역삼동,A,False,26.42,2026-03-06,320000000,310236142.08114725,0.3529824874966967,0.30231140564346215
A,B0 ㎡단가,"㎡당 645만원(법정동 5402건, 기준일 시점보정) × 38.5㎡",248500487.5807744,125557786.16577093,491825271.9616469,0.45,"㎡당 645만원(법정동 5402건, 기준일 시점보정) × 38.5㎡",㎡단가,법정동,5402,법정동,,0.5326768941136113,,,1162010200104090129,11620,38.5,[],신림동,A,False,38.5,2026-03-06,300000000,304698441.59310675,0.1844379436878739,-0.20387776378664008
A,B0 ㎡단가,"㎡당 598만원(법정동 3454건, 기준일 시점보정) × 58.77㎡",351440404.85264456,213734203.29347548,577868943.1068754,0.45,"㎡당 598만원(법정동 3454건, 기준일 시점보정) × 58.77㎡",㎡단가,법정동,3454,법정동,,0.38803600911655123,,,1162010100101800397,11620,58.77,[],봉천동,A,False,58.77,2026-03-06,435000000,441812740.3100048,0.20454895753786786,-0.22884597620043506
A,B0 ㎡단가,"㎡당 500만원(법정동 12219건, 기준일 시점보정) × 52.65㎡",263478287.32298258,138229041.12676406,502215795.7891732,0.45,"㎡당 500만원(법정동 12219건, 기준일 시점보정) × 52.65㎡",㎡단가,법정동,12219,법정동,,0.5033231397301925,,,1150010300100950034,11500,52.65,[],화곡동,A,False,52.65,2026-03-06,340000000,347078796.5950625,0.2408689614353388,-0.2755808701579179
A,B0 ㎡단가,"㎡당 500만원(법정동 12219건, 기준일 시점보정) × 21.98㎡",109995303.99542557,57707014.70021412,209661978.94484377,0.45,"㎡당 500만원(법정동 12219건, 기준일 시점보정) × 21.98㎡",㎡단가,법정동,12219,법정동,,0.5033231397301925,,,1150010300109640018,11500,21.98,[],화곡동,A,False,21.98,2026-03-06,180000000,183747598.19738603,0.4013782760998813,-0.5131253930424304
A,B0 ㎡단가,"㎡당 645만원(법정동 5402건, 기준일 시점보정) × 43.06㎡",277933272.6033277,140429046.0337164,550077823.6537262,0.45,"㎡당 645만원(법정동 5402건, 기준일 시점보정) × 43.06㎡",㎡단가,법정동,5402,법정동,,0.5326768941136113,,,1162010200104120201,11620,43.06,[],신림동,A,False,43.06,2026-03-07,340000000,345324900.47218764,0.19515426711688186,-0.21710465609817037
A,B0 ㎡단가,"㎡당 598만원(법정동 3454건, 기준일 시점보정) × 57.38㎡",343128304.0742677,208679063.89279568,564201462.573974,0.45,"㎡당 598만원(법정동 3454건, 기준일 시점보정) × 57.38㎡",㎡단가,법정동,3454,법정동,,0.38803600911655123,,,1162010100101800348,11620,57.38,[],봉천동,A,False,57.38,2026-03-07,269000000,273212935.96181905,0.25590065077379487,0.22785296521506787
A,B0 ㎡단가,"㎡당 500만원(법정동 12219건, 기준일 시점보정) × 38.16㎡",190965459.5298198,100186518.69700502,363999140.87967414,0.45,"㎡당 500만원(법정동 12219건, 기준일 시점보정) × 38.16㎡",㎡단가,법정동,12219,법정동,,0.5033231397301925,,,1150010300101630017,11500,38.16,[],화곡동,A,False,38.16,2026-03-07,90000000,91873799.09869301,1.0785627828961353,0.7316766851221251
A,B0 ㎡단가,"㎡당 598만원(법정동 3454건, 기준일 시점보정) × 44.36㎡",265269633.4739378,161328045.90945345,436179450.67587227,0.45,"㎡당 598만원(법정동 3454건, 기준일 시점보정) × 44.36㎡",㎡단가,법정동,3454,법정동,,0.38803600911655123,,,1162010100116440018,11620,44.36,[],봉천동,A,False,44.36,2026-03-07,285000000,289463519.5134514,0.08358181397151601,-0.0872824835227935
A,B0 ㎡단가,"㎡당 500만원(법정동 12219건, 기준일 시점보정) × 73.74㎡",369019732.3304213,193599420.56386617,703388276.951444,0.45,"㎡당 500만원(법정동 12219건, 기준일 시점보정) × 73.74㎡",㎡단가,법정동,12219,법정동,,0.5033231397301925,,,1150010300101590001,11500,73.74,[],화곡동,A,False,73.74,2026-03-08,260000000,265413197.39622426,0.39035939414695797,0.3295622706627729
A,B0 ㎡단가,"㎡당 500만원(법정동 12219건, 기준일 시점보정) × 58.71㎡",293804563.1288185,154139164.37896127,560020690.8030833,0.45,"㎡당 500만원(법정동 12219건, 기준일 시점보정) × 58.71㎡",㎡단가,법정동,12219,법정동,,0.5033231397301925,,,1150010300103720083,11500,58.71,[],화곡동,A,False,58.71,2026-03-09,210000000,214372197.89695036,0.37053482686244427,0.31520104823092976
A,B0 ㎡단가,"㎡당 500만원(법정동 12219건, 기준일 시점보정) × 27.9㎡",139620972.76944363,73249577.34922533,266131447.341271,0.45,"㎡당 500만원(법정동 12219건, 기준일 시점보정) × 27.9㎡",㎡단가,법정동,12219,법정동,,0.5033231397301925,,,1150010300110710007,11500,27.9,[],화곡동,A,False,27.9,2026-03-09,208000000,212330557.9169794,0.3424358032156869,-0.41921288200169415
A,B0 ㎡단가,"㎡당 645만원(법정동 5402건, 기준일 시점보정) × 30.33㎡",195766747.74869832,98913445.56903459,387456116.84666884,0.45,"㎡당 645만원(법정동 5402건, 기준일 시점보정) × 30.33㎡",㎡단가,법정동,5402,법정동,,0.5326768941136113,,,1162010200106850175,11620,30.33,[],신림동,A,False,30.33,2026-03-09,150000000,152349220.79655337,0.28498686586736516,0.2507484971800562
A,B0 ㎡단가,"㎡당 500만원(법정동 12219건, 기준일 시점보정) × 59.52㎡",297858075.24148023,156265765.01168096,567747087.6613792,0.45,"㎡당 500만원(법정동 12219건, 기준일 시점보정) × 59.52㎡",㎡단가,법정동,12219,법정동,,0.5033231397301925,,,1150010300103520015,11500,59.52,[],화곡동,A,False,59.52,2026-03-10,225000000,229684497.74673253,0.2968140129767096,0.2599104971927218
A,B0 ㎡단가,"㎡당 598만원(법정동 3454건, 기준일 시점보정) × 47.04㎡",281295842.1689369,171074645.61723837,462531139.7608891,0.45,"㎡당 598만원(법정동 3454건, 기준일 시점보정) × 47.04㎡",㎡단가,법정동,3454,법정동,,0.38803600911655123,,,1162010100117100009,11620,47.04,[],봉천동,A,False,47.04,2026-03-10,210000000,213288909.1151747,0.31884889531240873,0.276759307136594
A,B0 ㎡단가,"㎡당 500만원(법정동 12219건, 기준일 시점보정) × 29.43㎡",147277606.76002586,77266489.65547308,280725752.5180501,0.45,"㎡당 500만원(법정동 12219건, 기준일 시점보정) × 29.43㎡",㎡단가,법정동,12219,법정동,,0.5033231397301925,,,1150010300110980003,11500,29.43,[],화곡동,A,False,29.43,2026-03-11,210000000,214372197.89695036,0.3129817755993581,-0.3753944595997846
A,B0 ㎡단가,"㎡당 500만원(법정동 12219건, 기준일 시점보정) × 45.64㎡",228397892.37266698,119824756.6386611,435349077.2994844,0.45,"㎡당 500만원(법정동 12219건, 기준일 시점보정) × 45.64㎡",㎡단가,법정동,12219,법정동,,0.5033231397301925,,,1150010300101050022,11500,45.64,[],화곡동,A,False,45.64,2026-03-11,225000000,229684497.74673253,0.005601620425790583,-0.00561736833824117
A,B0 ㎡단가,"㎡당 500만원(법정동 12219건, 기준일 시점보정) × 58.9㎡",294755386.9577141,154637996.6261422,561833055.4982383,0.45,"㎡당 500만원(법정동 12219건, 기준일 시점보정) × 58.9㎡",㎡단가,법정동,12219,법정동,,0.5033231397301925,,,1150010300101580010,11500,58.9,[],화곡동,A,False,58.9,2026-03-12,220000000,224580397.79680514,0.31247156853111263,0.2719120531774824
A,B0 ㎡단가,"㎡당 598만원(법정동 3454건, 기준일 시점보정) × 72.94㎡",436175993.3631429,265267530.85292003,717198582.783997,0.45,"㎡당 598만원(법정동 3454건, 기준일 시점보정) × 72.94㎡",㎡단가,법정동,3454,법정동,,0.38803600911655123,,,1162010100100410215,11620,72.94,[],봉천동,A,False,72.94,2026-03-12,255000000,258993675.35414073,0.6841183197494225,0.5212421744857985
A,B0 ㎡단가,"㎡당 598만원(법정동 3454건, 기준일 시점보정) × 46.01㎡",275136515.69287384,167328750.95342553,452403438.35881174,0.45,"㎡당 598만원(법정동 3454건, 기준일 시점보정) × 46.01㎡",㎡단가,법정동,3454,법정동,,0.38803600911655123,,,1162010100107150091,11620,46.01,[],봉천동,A,False,46.01,2026-03-12,293500000,298096642.0252561,0.07702242526582026,-0.08015034083708283
A,B0 ㎡단가,"㎡당 645만원(법정동 5402건, 기준일 시점보정) × 33.6㎡",216873152.79776606,109577704.29012702,429229328.257436,0.45,"㎡당 645만원(법정동 5402건, 기준일 시점보정) × 33.6㎡",㎡단가,법정동,5402,법정동,,0.5326768941136113,,,1162010200104570042,11620,33.6,[],신림동,A,False,33.6,2026-03-12,305000000,309776748.95299184,0.29990500084085964,-0.35653924006243376
A,B0 ㎡단가,"㎡당 1,674만원(법정동 192건, 기준일 시점보정) × 42.56㎡",712383591.2562962,451264376.2702408,1124596595.2058792,0.45,"㎡당 1,674만원(법정동 192건, 기준일 시점보정) × 42.56㎡",㎡단가,법정동,192,법정동,,0.35624465526808885,,,1168010600109200027,11680,42.56,[],대치동,A,False,42.56,2026-03-14,975000000,945250745.4034956,0.24635490136302013,-0.28283371324707185
A,B0 ㎡단가,"㎡당 500만원(법정동 12219건, 기준일 시점보정) × 59.76㎡",299059115.8674535,156895868.9028569,570036390.4342065,0.45,"㎡당 500만원(법정동 12219건, 기준일 시점보정) × 59.76㎡",㎡단가,법정동,12219,법정동,,0.5033231397301925,,,1150010300103460078,11500,59.76,[],화곡동,A,False,59.76,2026-03-14,260000000,265413197.39622426,0.12676806881234573,0.11935341868133827
A,B0 ㎡단가,"㎡당 500만원(법정동 12219건, 기준일 시점보정) × 49.65㎡",248465279.49831042,130352742.48706198,473599511.12881994,0.45,"㎡당 500만원(법정동 12219건, 기준일 시점보정) × 49.65㎡",㎡단가,법정동,12219,법정동,,0.5033231397301925,,,1150010300109950027,11500,49.65,[],화곡동,A,False,49.65,2026-03-14,255000000,260309097.44629687,0.04549905502411377,-0.04656664579494297
A,B0 ㎡단가,"㎡당 645만원(법정동 5402건, 기준일 시점보정) × 27.66㎡",178533077.57101867,90205931.56740841,353347714.86906886,0.45,"㎡당 645만원(법정동 5402건, 기준일 시점보정) × 27.66㎡",㎡단가,법정동,5402,법정동,,0.5326768941136113,,,1162010200116800007,11620,27.66,[],신림동,A,False,27.66,2026-03-15,229000000,232586477.08273816,0.2324012994637304,-0.26448820774180515
A,B0 ㎡단가,"㎡당 500만원(법정동 12219건, 기준일 시점보정) × 56.2㎡",281243679.9155106,147549327.85041112,536078399.3039232,0.45,"㎡당 500만원(법정동 12219건, 기준일 시점보정) × 56.2㎡",㎡단가,법정동,12219,법정동,,0.5033231397301925,,,1150010300101580037,11500,56.2,[],화곡동,A,False,56.2,2026-03-16,150000000,153122998.4978217,0.8367174276535052,0.6079799716756952
A,B0 ㎡단가,"㎡당 500만원(법정동 12219건, 기준일 시점보정) × 42.24㎡",211383150.17137256,110898284.84699912,402917288.01775193,0.45,"㎡당 500만원(법정동 12219건, 기준일 시점보정) × 42.24㎡",㎡단가,법정동,12219,법정동,,0.5033231397301925,,,1150010300108130008,11500,42.24,[],화곡동,A,False,42.24,2026-03-18,190000000,193955798.0972408,0.08985218408059376,0.08604207610982292
A,B0 ㎡단가,"㎡당 1,486만원(법정동 74건, 기준일 시점보정) × 40.83㎡",606813524.3827659,358208290.2492428,1027956815.6215001,0.45,"㎡당 1,486만원(법정동 74건, 기준일 시점보정) × 40.83㎡",㎡단가,법정동,74,법정동,,0.41128815676989355,,,1168010700105450023,11680,40.83,[],신사동,A,False,40.83,2026-03-18,800000000,775590355.2028681,0.21761079117075396,-0.2454029527528034
A,B0 ㎡단가,"㎡당 500만원(법정동 12219건, 기준일 시점보정) × 59.4㎡",297257554.9284925,155950713.06609243,566602436.2749634,0.45,"㎡당 500만원(법정동 12219건, 기준일 시점보정) × 59.4㎡",㎡단가,법정동,12219,법정동,,0.5033231397301925,,,1150010300109550007,11500,59.4,[],화곡동,A,False,59.4,2026-03-19,260000000,265413197.39622426,0.11998030936166719,0.11331110422537397
A,B0 ㎡단가,"㎡당 500만원(법정동 12219건, 기준일 시점보정) × 65.08㎡",325682183.07653654,170863171.8239273,620782601.8985618,0.45,"㎡당 500만원(법정동 12219건, 기준일 시점보정) × 65.08㎡",㎡단가,법정동,12219,법정동,,0.5033231397301925,,,1150010300103410025,11500,65.08,[],화곡동,A,False,65.08,2026-03-20,280000000,285829597.1959338,0.1394277788989224,0.13052618805388885
A,B0 ㎡단가,"㎡당 598만원(법정동 3454건, 기준일 시점보정) × 80.34㎡",480427465.132916,292179783.7774005,789960709.3620279,0.45,"㎡당 598만원(법정동 3454건, 기준일 시점보정) × 80.34㎡",㎡단가,법정동,3454,법정동,,0.38803600911655123,,,1162010100115130014,11620,80.34,[],봉천동,A,False,80.34,2026-03-20,330000000,335168285.75241745,0.43339177826567626,0.36004350873430024
A,B0 ㎡단가,"㎡당 598만원(법정동 3454건, 기준일 시점보정) × 62.4㎡",373147545.7343035,226935754.39021385,613561716.0093418,0.45,"㎡당 598만원(법정동 3454건, 기준일 시점보정) × 62.4㎡",㎡단가,법정동,3454,법정동,,0.38803600911655123,,,1162010100115150005,11620,62.4,[],봉천동,A,False,62.4,2026-03-20,390000000,396107974.0710388,0.057965074776852483,-0.05971292948462058
A,B0 ㎡단가,"㎡당 1,392만원(법정동 905건, 기준일 시점보정) × 71.99㎡",1001821429.509521,645709322.8607278,1554331246.4159281,0.45,"㎡당 1,392만원(법정동 905건, 기준일 시점보정) × 71.99㎡",㎡단가,법정동,905,법정동,,0.34271661500793776,,,1168010300101620004,11680,71.99,[],개포동,A,False,71.99,2026-03-21,900000000,872539149.6032267,0.14816788446121118,0.13816752802509868
A,B0 ㎡단가,"㎡당 1,998만원(법정동 234건, 기준일 시점보정) × 59.58㎡",1190592008.6420877,682096053.4432511,2078166738.9611053,0.45,"㎡당 1,998만원(법정동 234건, 기준일 시점보정) × 59.58㎡",㎡단가,법정동,234,법정동,,0.43464065223311826,,,1168010500101000007,11680,59.58,[],삼성동,A,False,59.58,2026-03-21,1400000000,1357283121.6050193,0.1228123376100157,-0.13103432730021347
A,B0 ㎡단가,"㎡당 1,589만원(법정동 1029건, 기준일 시점보정) × 43.28㎡",687604967.0503016,483121828.2322065,978636366.8192624,0.45,"㎡당 1,589만원(법정동 1029건, 기준일 시점보정) × 43.28㎡",㎡단가,법정동,1029,법정동,,0.2753945404339587,,,1168010100107820029,11680,43.28,[],역삼동,A,False,43.28,2026-03-21,800000000,775590355.2028681,0.11344311795825847,-0.12040999078664616
A,B0 ㎡단가,"㎡당 645만원(법정동 5402건, 기준일 시점보정) × 34.88㎡",225134987.19006252,113752093.0249893,445580921.7148633,0.45,"㎡당 645만원(법정동 5402건, 기준일 시점보정) × 34.88㎡",㎡단가,법정동,5402,법정동,,0.5326768941136113,,,1162010200105690014,11620,34.88,[],신림동,A,False,34.88,2026-03-21,282000000,286416535.09752035,0.21395953235239165,-0.24074700232151264
A,B0 ㎡단가,"㎡당 855만원(법정동 493건, 기준일 시점보정) × 29.99㎡",256362057.02964374,164502520.19927114,399516701.6581762,0.45,"㎡당 855만원(법정동 493건, 기준일 시점보정) × 29.99㎡",㎡단가,법정동,493,법정동,,0.3461804308237861,,,1162010300110700039,11620,29.99,[],남현동,A,False,29.99,2026-03-21,340000000,345324900.47218764,0.25762070247728613,-0.2978949837789297
A,B0 ㎡단가,"㎡당 500만원(법정동 12219건, 기준일 시점보정) × 42.46㎡",212484104.07851514,111475880.08057725,405015815.5595111,0.45,"㎡당 500만원(법정동 12219건, 기준일 시점보정) × 42.46㎡",㎡단가,법정동,12219,법정동,,0.5033231397301925,,,1150010300103940026,11500,42.46,[],화곡동,A,False,42.46,2026-03-22,170000000,173539398.29753125,0.22441420313221128,0.20246252809715135
A,B0 ㎡단가,"㎡당 500만원(법정동 12219건, 기준일 시점보정) × 57.11㎡",285797625.6223275,149938471.77112058,544758672.317563,0.45,"㎡당 500만원(법정동 12219건, 기준일 시점보정) × 57.11㎡",㎡단가,법정동,12219,법정동,,0.5033231397301925,,,1150010300100730079,11500,57.11,[],화곡동,A,False,57.11,2026-03-23,210000000,214372197.89695036,0.33318419284814,0.2875702108316082
A,B0 ㎡단가,"㎡당 500만원(법정동 12219건, 기준일 시점보정) × 51.3㎡",256722433.80188024,134684706.7388982,489338467.6920145,0.45,"㎡당 500만원(법정동 12219건, 기준일 시점보정) × 51.3㎡",㎡단가,법정동,12219,법정동,,0.5033231397301925,,,1150010300111340007,11500,51.3,[],화곡동,A,False,51.3,2026-03-23,236000000,240913517.6365728,0.06562071037107924,0.06355745602341768
A,B0 ㎡단가,"㎡당 500만원(법정동 12219건, 기준일 시점보정) × 69.72㎡",348902301.84536207,183045180.38666615,665042455.5065736,0.45,"㎡당 500만원(법정동 12219건, 기준일 시점보정) × 69.72㎡",㎡단가,법정동,12219,법정동,,0.5033231397301925,,,1150010300103500030,11500,69.72,[],화곡동,A,False,69.72,2026-03-24,310000000,316454196.89549816,0.10253649744003605,0.0976134320449312
A,B0 ㎡단가,"㎡당 645만원(법정동 5402건, 기준일 시점보정) × 34.95㎡",225586806.25839055,113980379.90892676,446475149.4820651,0.45,"㎡당 645만원(법정동 5402건, 기준일 시점보정) × 34.95㎡",㎡단가,법정동,5402,법정동,,0.5326768941136113,,,1162010200104120196,11620,34.95,[],신림동,A,False,34.95,2026-03-24,285000000,289463519.5134514,0.22067275821985746,-0.24932424201301207
A,B0 ㎡단가,"㎡당 645만원(법정동 5402건, 기준일 시점보정) × 44.46㎡",286969653.9699014,144994783.71247175,567962378.9977863,0.45,"㎡당 645만원(법정동 5402건, 기준일 시점보정) × 44.46㎡",㎡단가,법정동,5402,법정동,,0.5326768941136113,,,1162010200107130006,11620,44.46,[],신림동,A,False,44.46,2026-03-25,210000000,213288909.1151747,0.3454504275932112,0.2967288473944021
A,B0 ㎡단가,"㎡당 598만원(법정동 3454건, 기준일 시점보정) × 48.36㎡",289189347.9440856,175875209.65241596,475510329.90724057,0.45,"㎡당 598만원(법정동 3454건, 기준일 시점보정) × 48.36㎡",㎡단가,법정동,3454,법정동,,0.38803600911655123,,,1162010100115570014,11620,48.36,[],봉천동,A,False,48.36,2026-03-25,260000000,264071982.71402586,0.09511560057191053,0.09085992899475517
A,B0 ㎡단가,"㎡당 598만원(법정동 3454건, 기준일 시점보정) × 52.24㎡",312391470.9801284,189985958.48308924,513661282.7616668,0.45,"㎡당 598만원(법정동 3454건, 기준일 시점보정) × 52.24㎡",㎡단가,법정동,3454,법정동,,0.38803600911655123,,,1162010100102150023,11620,52.24,[],봉천동,A,False,52.24,2026-03-25,281000000,285400873.6255433,0.09457082948525866,0.0903623498981196
A,B0 ㎡단가,"㎡당 598만원(법정동 3454건, 기준일 시점보정) × 44.66㎡",267063612.05919877,162419083.19017556,439129266.6182246,0.45,"㎡당 598만원(법정동 3454건, 기준일 시점보정) × 44.66㎡",㎡단가,법정동,3454,법정동,,0.38803600911655123,,,1162010100101800068,11620,44.66,[],봉천동,A,False,44.66,2026-03-25,215000000,218367216.47505984,0.22300231861819167,0.2013087525480393
A,B0 ㎡단가,"㎡당 500만원(법정동 12219건, 기준일 시점보정) × 57.5㎡",287749316.6395345,150962390.59428164,548478789.3234082,0.45,"㎡당 500만원(법정동 12219건, 기준일 시점보정) × 57.5㎡",㎡단가,법정동,12219,법정동,,0.5033231397301925,,,1150010300109540017,11500,57.5,[],화곡동,A,False,57.5,2026-03-25,200000000,204163997.99709558,0.40940283038358194,0.34316609012757227
A,B0 ㎡단가,"㎡당 500만원(법정동 12219건, 기준일 시점보정) × 62.01㎡",310318871.73595744,162803092.88263333,591498603.9294711,0.45,"㎡당 500만원(법정동 12219건, 기준일 시점보정) × 62.01㎡",㎡단가,법정동,12219,법정동,,0.5033231397301925,,,1150010300101560015,11500,62.01,[],화곡동,A,False,62.01,2026-03-26,130000000,132706598.69811213,1.3383831307581542,0.8494597207785096
A,B0 ㎡단가,"㎡당 1,674만원(법정동 192건, 기준일 시점보정) × 72.66㎡",1216207512.7040062,770415168.6982075,1919952739.841617,0.45,"㎡당 1,674만원(법정동 192건, 기준일 시점보정) × 72.66㎡",㎡단가,법정동,192,법정동,,0.35624465526808885,,,1168010600109160069,11680,72.66,[],대치동,A,False,72.66,2026-03-26,550000000,533218369.2019718,1.2808807478336002,0.8245616612839262
A,B0 ㎡단가,"㎡당 1,447만원(법정동 941건, 기준일 시점보정) × 73.17㎡",1058835735.630207,720027265.8468782,1557070361.3965406,0.45,"㎡당 1,447만원(법정동 941건, 기준일 시점보정) × 73.17㎡",㎡단가,법정동,941,법정동,,0.30090210699592573,,,1168010800101310019,11680,73.17,[],논현동,A,False,73.17,2026-03-26,560000000,542913248.6420077,0.9502853140509637,0.6679756767706049
A,B0 ㎡단가,"㎡당 500만원(법정동 12219건, 기준일 시점보정) × 37.58㎡",188062944.68371648,98663767.62666261,358466659.17867243,0.45,"㎡당 500만원(법정동 12219건, 기준일 시점보정) × 37.58㎡",㎡단가,법정동,12219,법정동,,0.5033231397301925,,,1150010300103510030,11500,37.58,[],화곡동,A,False,37.58,2026-03-28,240000000,244996797.5965147,0.23238611064036277,-0.2644684204843686
A,B0 ㎡단가,"㎡당 500만원(법정동 12219건, 기준일 시점보정) × 60.4㎡",302261890.87004983,158576145.9459931,576141197.8284143,0.45,"㎡당 500만원(법정동 12219건, 기준일 시점보정) × 60.4㎡",㎡단가,법정동,12219,법정동,,0.5033231397301925,,,1150010300110780011,11500,60.4,[],화곡동,A,False,60.4,2026-03-28,260000000,265413197.39622426,0.1388351967246591,0.13000598279754474
A,B0 ㎡단가,"㎡당 598만원(법정동 3454건, 기준일 시점보정) × 43.96㎡",262877662.02692267,159873329.535157,432246362.7527348,0.45,"㎡당 598만원(법정동 3454건, 기준일 시점보정) × 43.96㎡",㎡단가,법정동,3454,법정동,,0.38803600911655123,,,1162010100116880001,11620,43.96,[],봉천동,A,False,43.96,2026-03-28,230000000,233602138.5547152,0.12532215523938992,0.11806935487591448
A,B0 ㎡단가,"㎡당 2,620만원(법정동 336건, 기준일 시점보정) × 27.89㎡",730611856.75582,504230387.5457804,1058630535.5976237,0.45,"㎡당 2,620만원(법정동 336건, 기준일 시점보정) × 27.89㎡",㎡단가,법정동,336,법정동,,0.289364123947359,,,1168011400106760007,11680,27.89,[],일원동,A,False,27.89,2026-03-28,890000000,862844270.1631908,0.1532517720519388,-0.1663518800551954
A,B0 ㎡단가,"㎡당 500만원(법정동 12219건, 기준일 시점보정) × 55.2㎡",276239343.9739525,144923894.97051004,526539637.7504707,0.45,"㎡당 500만원(법정동 12219건, 기준일 시점보정) × 55.2㎡",㎡단가,법정동,12219,법정동,,0.5033231397301925,,,1150010300103520036,11500,55.2,[],화곡동,A,False,55.2,2026-03-30,222500000,227132447.77176884,0.2162037907130208,0.19573436054905666
A,B0 ㎡단가,"㎡당 500만원(법정동 12219건, 기준일 시점보정) × 73.29㎡",366767781.15672135,192417975.76791131,699095834.2523928,0.45,"㎡당 500만원(법정동 12219건, 기준일 시점보정) × 73.29㎡",㎡단가,법정동,12219,법정동,,0.5033231397301925,,,1150010300108420022,11500,73.29,[],화곡동,A,False,73.29,2026-03-31,510000000,520618194.89259374,0.2955148614573729,-0.35028804290830856
A,B0 ㎡단가,"㎡당 598만원(법정동 3454건, 기준일 시점보정) × 41.97㎡",250977604.07802418,152636115.57303315,412679250.33512914,0.45,"㎡당 598만원(법정동 3454건, 기준일 시점보정) × 41.97㎡",㎡단가,법정동,3454,법정동,,0.38803600911655123,,,1162010100115260013,11620,41.97,[],봉천동,A,False,41.97,2026-03-31,200000000,203132294.3954045,0.23553768161298388,0.21150624506115204
A,B0 ㎡단가,"㎡당 500만원(법정동 12219건, 기준일 시점보정) × 78.97㎡",395192409.3047652,207330434.52574614,753275999.875991,0.45,"㎡당 500만원(법정동 12219건, 기준일 시점보정) × 78.97㎡",㎡단가,법정동,12219,법정동,,0.5033231397301925,,,1150010300101000016,11500,78.97,[],화곡동,A,False,78.97,2026-03-31,200000000,204163997.99709558,0.9356615915720223,0.6604491758337555
A,B0 ㎡단가,"㎡당 1,447만원(법정동 941건, 기준일 시점보정) × 129.13㎡",1868627286.3458865,1270700025.1306176,2747908921.240059,0.45,"㎡당 1,447만원(법정동 941건, 기준일 시점보정) × 129.13㎡",㎡단가,법정동,941,법정동,,0.30090210699592573,,,1168010800100450000,11680,129.13,[],논현동,A,False,129.13,2026-04-01,1450000000,1470947654.117319,0.2703560735933907,0.23929723408154285
A,B0 ㎡단가,"㎡당 645만원(법정동 5402건, 기준일 시점보정) × 54.23㎡",350030686.792347,176857110.22778547,692771025.9345467,0.45,"㎡당 645만원(법정동 5402건, 기준일 시점보정) × 54.23㎡",㎡단가,법정동,5402,법정동,,0.5326768941136113,,,1162010200116150003,11620,54.23,[],신림동,A,False,54.23,2026-04-01,310000000,316602569.5215769,0.10558384703347129,0.10037356378838821
A,B0 ㎡단가,"㎡당 855만원(법정동 493건, 기준일 시점보정) × 56.28㎡",481095584.1823389,308709631.1042006,749743246.7263136,0.45,"㎡당 855만원(법정동 493건, 기준일 시점보정) × 56.28㎡",㎡단가,법정동,493,법정동,,0.3461804308237861,,,1162010300106020139,11620,56.28,[],남현동,A,False,56.28,2026-04-01,455000000,464690868.1687661,0.0353024282104355,0.034693585204387936
A,B0 ㎡단가,"㎡당 500만원(법정동 12219건, 기준일 시점보정) × 39.35㎡",196920619.30027264,103310783.82408662,375350267.1282801,0.45,"㎡당 500만원(법정동 12219건, 기준일 시점보정) × 39.35㎡",㎡단가,법정동,12219,법정동,,0.5033231397301925,,,1150010300108640045,11500,39.35,[],화곡동,A,False,39.35,2026-04-02,239000000,246958879.60807118,0.2026177814995366,-0.226421143630816
A,B0 ㎡단가,"㎡당 645만원(법정동 5402건, 기준일 시점보정) × 46.18㎡",298071493.9345488,150604118.57494247,589934832.7062024,0.45,"㎡당 645만원(법정동 5402건, 기준일 시점보정) × 46.18㎡",㎡단가,법정동,5402,법정동,,0.5326768941136113,,,1162010200100980049,11620,46.18,[],신림동,A,False,46.18,2026-04-02,172000000,175663361.15390718,0.6968336025028801,0.5287639275275068
A,B0 ㎡단가,"㎡당 500만원(법정동 12219건, 기준일 시점보정) × 50.78㎡",254120179.11227003,133319481.64134964,484378311.68421924,0.45,"㎡당 500만원(법정동 12219건, 기준일 시점보정) × 50.78㎡",㎡단가,법정동,12219,법정동,,0.5033231397301925,,,1150010300101540013,11500,50.78,[],화곡동,A,False,50.78,2026-04-04,160000000,165328120.23971292,0.537065677295644,0.42987519447998596
A,B0 ㎡단가,"㎡당 500만원(법정동 12219건, 기준일 시점보정) × 29.94㎡",149829818.0902201,78605460.42422241,285590520.9103101,0.45,"㎡당 500만원(법정동 12219건, 기준일 시점보정) × 29.94㎡",㎡단가,법정동,12219,법정동,,0.5033231397301925,,,1150010300103380006,11500,29.94,[],화곡동,A,False,29.94,2026-04-04,260000000,268658195.3895335,0.4423031917080419,-0.5839398185867635
A,B0 ㎡단가,"㎡당 598만원(법정동 3454건, 기준일 시점보정) × 63.84㎡",381758642.94355637,232172733.33768016,627720832.5326338,0.45,"㎡당 598만원(법정동 3454건, 기준일 시점보정) × 63.84㎡",㎡단가,법정동,3454,법정동,,0.38803600911655123,,,1162010100106350511,11620,63.84,[],봉천동,A,False,63.84,2026-04-04,300000000,306389583.40797764,0.24599093316831183,0.21993114358783217
A,B0 ㎡단가,"㎡당 598만원(법정동 3454건, 기준일 시점보정) × 46.74㎡",279501863.5836754,169983608.33651593,459581323.8185358,0.45,"㎡당 598만원(법정동 3454건, 기준일 시점보정) × 46.74㎡",㎡단가,법정동,3454,법정동,,0.38803600911655123,,,1162010100116900128,11620,46.74,[],봉천동,A,False,46.74,2026-04-04,155000000,158301284.76078844,0.7656323131302127,0.5685088772939458
A,B0 ㎡단가,"㎡당 500만원(법정동 12219건, 기준일 시점보정) × 42.02㎡",210282196.26423,110320689.61342101,400818760.47599286,0.45,"㎡당 500만원(법정동 12219건, 기준일 시점보정) × 42.02㎡",㎡단가,법정동,12219,법정동,,0.5033231397301925,,,1150010300101580001,11500,42.02,[],화곡동,A,False,42.02,2026-04-07,148000000,152928511.22173446,0.37503592092999033,0.3184798550900209
A,B0 ㎡단가,"㎡당 500만원(법정동 12219건, 기준일 시점보정) × 59.88㎡",299659636.18043965,157210920.84844455,571181041.8206192,0.45,"㎡당 500만원(법정동 12219건, 기준일 시점보정) × 59.88㎡",㎡단가,법정동,12219,법정동,,0.5033231397301925,,,1150010300104660001,11500,59.88,[],화곡동,A,False,59.88,2026-04-07,213000000,220093060.06911784,0.36151333479726616,0.3085968272792826
A,B0 ㎡단가,"㎡당 598만원(법정동 3454건, 기준일 시점보정) × 76.68㎡",458540926.39273095,278869128.9525899,753972954.8653263,0.45,"㎡당 598만원(법정동 3454건, 기준일 시점보정) × 76.68㎡",㎡단가,법정동,3454,법정동,,0.38803600911655123,,,1162010100106350169,11620,76.68,[],봉천동,A,False,76.68,2026-04-08,340000000,347241527.8623746,0.320524446530107,0.2780289656697181
A,B0 ㎡단가,"㎡당 645만원(법정동 5402건, 기준일 시점보정) × 30.85㎡",199123117.97056815,100609290.9925721,394098951.68874747,0.45,"㎡당 645만원(법정동 5402건, 기준일 시점보정) × 30.85㎡",㎡단가,법정동,5402,법정동,,0.5326768941136113,,,1162010200116330040,11620,30.85,[],신림동,A,False,30.85,2026-04-08,320000000,326815555.6351761,0.3907171352857846,-0.495472645027764
A,B0 ㎡단가,"㎡당 855만원(법정동 493건, 기준일 시점보정) × 63.99㎡",547002601.8448467,351000875.87700546,852453275.7288021,0.45,"㎡당 855만원(법정동 493건, 기준일 시점보정) × 63.99㎡",㎡단가,법정동,493,법정동,,0.3461804308237861,,,1162010300110720055,11620,63.99,[],남현동,A,False,63.99,2026-04-08,345000000,352348020.91917425,0.5524497637814876,0.43983417602916275
A,B0 ㎡단가,"㎡당 500만원(법정동 12219건, 기준일 시점보정) × 40.05㎡",200423654.45936275,105148586.84001705,382027400.2156957,0.45,"㎡당 500만원(법정동 12219건, 기준일 시점보정) × 40.05㎡",㎡단가,법정동,12219,법정동,,0.5033231397301925,,,1150010300103620130,11500,40.05,[],화곡동,A,False,40.05,2026-04-09,123000000,127095992.43427931,0.5769470824424365,0.4554907515792337
A,B0 ㎡단가,"㎡당 500만원(법정동 12219건, 기준일 시점보정) × 60.6㎡",303262758.05836165,159101232.52197343,578048950.1391053,0.45,"㎡당 500만원(법정동 12219건, 기준일 시점보정) × 60.6㎡",㎡단가,법정동,12219,법정동,,0.5033231397301925,,,1150010300108970007,11500,60.6,[],화곡동,A,False,60.6,2026-04-10,340000000,351322255.50938994,0.13679605176548168,-0.14710429109765516
A,B0 ㎡단가,"㎡당 598만원(법정동 3454건, 기준일 시점보정) × 34.73㎡",207682920.88705677,126305749.19827108,341490358.92635274,0.45,"㎡당 598만원(법정동 3454건, 기준일 시점보정) × 34.73㎡",㎡단가,법정동,3454,법정동,,0.38803600911655123,,,1162010100100660064,11620,34.73,[],봉천동,A,False,34.73,2026-04-10,160000000,163407777.81758806,0.27094881076525623,0.239763716624635
A,B0 ㎡단가,"㎡당 598만원(법정동 3454건, 기준일 시점보정) × 64.07㎡",383134026.5255902,233009195.25290066,629982358.0884379,0.45,"㎡당 598만원(법정동 3454건, 기준일 시점보정) × 64.07㎡",㎡단가,법정동,3454,법정동,,0.38803600911655123,,,1162010100101800395,11620,64.07,[],봉천동,A,False,64.07,2026-04-10,360000000,367667500.08957314,0.042066612992034916,0.04120586930325521
A,B0 ㎡단가,"㎡당 500만원(법정동 12219건, 기준일 시점보정) × 29.94㎡",149829818.0902201,78605460.42422241,285590520.9103101,0.45,"㎡당 500만원(법정동 12219건, 기준일 시점보정) × 29.94㎡",㎡단가,법정동,12219,법정동,,0.5033231397301925,,,1150010300108240009,11500,29.94,[],화곡동,A,False,29.94,2026-04-11,230000000,237659172.84458733,0.3695601297569169,-0.46133749649443107
A,B0 ㎡단가,"㎡당 645만원(법정동 5402건, 기준일 시점보정) × 43.51㎡",280837823.75686955,141896604.5733165,555826430.7286034,0.45,"㎡당 645만원(법정동 5402건, 기준일 시점보정) × 43.51㎡",㎡단가,법정동,5402,법정동,,0.5326768941136113,,,1162010200105450023,11620,43.51,[],신림동,A,False,43.51,2026-04-11,420000000,428945416.77116865,0.3452830761758918,-0.4235523141302132
A,B0 ㎡단가,"㎡당 1,985만원(법정동 212건, 기준일 시점보정) × 37.2㎡",738550076.4419838,413537733.8444339,1318999865.7236242,0.45,"㎡당 1,985만원(법정동 212건, 기준일 시점보정) × 37.2㎡",㎡단가,법정동,212,법정동,,0.45251259591625304,,,1168010400100690019,11680,37.2,[],청담동,A,False,37.2,2026-04-13,387200000,392793745.9822248,0.8802490721820342,0.6314042532696781
A,B0 ㎡단가,"㎡당 1,589만원(법정동 1029건, 기준일 시점보정) × 83.7㎡",1329772082.7659454,934318323.0830775,1892603140.0825343,0.45,"㎡당 1,589만원(법정동 1029건, 기준일 시점보정) × 83.7㎡",㎡단가,법정동,1029,법정동,,0.2753945404339587,,,1168010100107250044,11680,83.7,[],역삼동,A,False,83.7,2026-04-13,880000000,892713059.0505109,0.48958511280241634,0.39849763339997274
A,B0 ㎡단가,"㎡당 500만원(법정동 12219건, 기준일 시점보정) × 58㎡",290251484.61031246,152275107.0342316,553248170.1001325,0.45,"㎡당 500만원(법정동 12219건, 기준일 시점보정) × 58㎡",㎡단가,법정동,12219,법정동,,0.5033231397301925,,,1150010300104080107,11500,58.0,[],화곡동,A,False,58.0,2026-04-13,162000000,167394721.74270934,0.7339345087382003,0.5503931087513161
A,B0 ㎡단가,"㎡당 500만원(법정동 12219건, 기준일 시점보정) × 64.05㎡",320527717.05673313,168158975.95763,610957677.4985086,0.45,"㎡당 500만원(법정동 12219건, 기준일 시점보정) × 64.05㎡",㎡단가,법정동,12219,법정동,,0.5033231397301925,,,1150010300100560134,11500,64.05,[],화곡동,A,False,64.05,2026-04-14,210000000,216993157.8146232,0.4771328289095607,0.39010293106255584
A,B0 ㎡단가,"㎡당 500만원(법정동 12219건, 기준일 시점보정) × 54.05㎡",270484357.6411625,141904647.1586248,515570061.964004,0.45,"㎡당 500만원(법정동 12219건, 기준일 시점보정) × 54.05㎡",㎡단가,법정동,12219,법정동,,0.5033231397301925,,,1150010300108910031,11500,54.05,[],화곡동,A,False,54.05,2026-04-14,380000000,392654285.5693182,0.31113865916685146,-0.3727152751979309
A,B0 ㎡단가,"㎡당 598만원(법정동 3454건, 기준일 시점보정) × 36㎡",215277430.23132873,130924473.6866617,353977913.0823122,0.45,"㎡당 598만원(법정동 3454건, 기준일 시점보정) × 36㎡",㎡단가,법정동,3454,법정동,,0.38803600911655123,,,1162010100106350412,11620,36.0,[],봉천동,A,False,36.0,2026-04-14,150000000,153194791.70398882,0.40525293214471225,0.34021730946233386
A,B0 ㎡단가,"㎡당 645만원(법정동 5402건, 기준일 시점보정) × 49.48㎡",319371535.72718716,161366214.53200886,632091284.5886304,0.45,"㎡당 645만원(법정동 5402건, 기준일 시점보정) × 49.48㎡",㎡단가,법정동,5402,법정동,,0.5326768941136113,,,1162010200106110022,11620,49.48,[],신림동,A,False,49.48,2026-04-14,360000000,367667500.08957314,0.13135771954447936,-0.14082388351125605
A,B0 ㎡단가,"㎡당 1,392만원(법정동 905건, 기준일 시점보정) × 59.8㎡",832183935.0558307,536371961.4817538,1291137776.5755293,0.45,"㎡당 1,392만원(법정동 905건, 기준일 시점보정) × 59.8㎡",㎡단가,법정동,905,법정동,,0.34271661500793776,,,1168010300111960008,11680,59.8,[],개포동,A,False,59.8,2026-04-15,805000000,816629559.6996151,0.01904703934784952,0.018867915439961122
A,B0 ㎡단가,"㎡당 1,589만원(법정동 1029건, 기준일 시점보정) × 64.86㎡",1030454208.9390624,724012980.1095414,1466597845.4689796,0.45,"㎡당 1,589만원(법정동 1029건, 기준일 시점보정) × 64.86㎡",㎡단가,법정동,1029,법정동,,0.2753945404339587,,,1168010100106950023,11680,64.86,[],역삼동,A,False,64.86,2026-04-15,550000000,557945661.9065694,0.8468719792853534,0.6134933860294539
A,B0 ㎡단가,"㎡당 598만원(법정동 3454건, 기준일 시점보정) × 53.25㎡",318431198.8838408,193659117.32818732,523592329.7675874,0.45,"㎡당 598만원(법정동 3454건, 기준일 시점보정) × 53.25㎡",㎡단가,법정동,3454,법정동,,0.38803600911655123,,,1162010100116920006,11620,53.25,[],봉천동,A,False,53.25,2026-04-15,520000000,531075277.9071612,0.40040289553921454,-0.5114973418834575
A,B0 ㎡단가,"㎡당 500만원(법정동 12219건, 기준일 시점보정) × 52.3㎡",261726769.7434377,137310139.6187989,498877229.24546576,0.45,"㎡당 500만원(법정동 12219건, 기준일 시점보정) × 52.3㎡",㎡단가,법정동,12219,법정동,,0.5033231397301925,,,1150010300104530018,11500,52.3,[],화곡동,A,False,52.3,2026-04-16,330000000,340989247.9944079,0.23244861448613788,-0.2645498499523648
A,B0 ㎡단가,"㎡당 598만원(법정동 3454건, 기준일 시점보정) × 24.02㎡",143637885.39323652,87355718.27648926,236181929.78436494,0.45,"㎡당 598만원(법정동 3454건, 기준일 시점보정) × 24.02㎡",㎡단가,법정동,3454,법정동,,0.38803600911655123,,,1162010100101000147,11620,24.02,[],봉천동,A,False,24.02,2026-04-16,202000000,206302319.49470493,0.30375050680453836,-0.3620472156468878
A,B0 ㎡단가,"㎡당 1,392만원(법정동 905건, 기준일 시점보정) × 39.9㎡",555253160.6810641,357880288.6809695,861478215.4743078,0.45,"㎡당 1,392만원(법정동 905건, 기준일 시점보정) × 39.9㎡",㎡단가,법정동,905,법정동,,0.34271661500793776,,,1168010300112190011,11680,39.9,[],개포동,A,False,39.9,2026-04-17,525000000,532584495.4562707,0.04256350948664578,0.04168259320613238
A,B0 ㎡단가,"㎡당 500만원(법정동 12219건, 기준일 시점보정) × 47.26㎡",236504916.59798944,124077957.90409994,450801871.0160741,0.45,"㎡당 500만원(법정동 12219건, 기준일 시점보정) × 47.26㎡",㎡단가,법정동,12219,법정동,,0.5033231397301925,,,1150010300101050081,11500,47.26,[],화곡동,A,False,47.26,2026-04-17,210000000,216993157.8146232,0.08991877430547873,0.08610317447857549
A,B0 ㎡단가,"㎡당 645만원(법정동 5402건, 기준일 시점보정) × 43.95㎡",283677829.3292215,143331550.70092544,561447290.979594,0.45,"㎡당 645만원(법정동 5402건, 기준일 시점보정) × 43.95㎡",㎡단가,법정동,5402,법정동,,0.5326768941136113,,,1162010200115620000,11620,43.95,[],신림동,A,False,43.95,2026-04-17,210000000,214472708.38558432,0.3226756516694818,0.2796566938283301
A,B0 ㎡단가,"㎡당 598만원(법정동 3454건, 기준일 시점보정) × 49.44㎡",295647670.8510249,179802943.86301547,486129667.29970896,0.45,"㎡당 598만원(법정동 3454건, 기준일 시점보정) × 49.44㎡",㎡단가,법정동,3454,법정동,,0.38803600911655123,,,1162010100106450039,11620,49.44,[],봉천동,A,False,49.44,2026-04-17,395000000,403412951.4871705,0.2671339138688332,-0.3107922866492064
A,B0 ㎡단가,"㎡당 855만원(법정동 493건, 기준일 시점보정) × 61.02㎡",521614295.4301052,334709695.9839787,812887933.8173358,0.45,"㎡당 855만원(법정동 493건, 기준일 시점보정) × 61.02㎡",㎡단가,법정동,493,법정동,,0.3461804308237861,,,1162010300110700022,11620,61.02,[],남현동,A,False,61.02,2026-04-17,370000000,377880486.2031724,0.38036843519263513,0.3223504455594036
A,B0 ㎡단가,"㎡당 500만원(법정동 12219건, 기준일 시점보정) × 58.18㎡",291152265.079793,152747684.95261386,554965147.179754,0.45,"㎡당 500만원(법정동 12219건, 기준일 시점보정) × 58.18㎡",㎡단가,법정동,12219,법정동,,0.5033231397301925,,,1150010300101630010,11500,58.18,[],화곡동,A,False,58.18,2026-04-18,212000000,219059759.31761962,0.32909972140362315,0.2845018118323247
A,B0 ㎡단가,"㎡당 598만원(법정동 3454건, 기준일 시점보정) × 54.4㎡",325308116.79400826,197841426.90428904,534899957.5466058,0.45,"㎡당 598만원(법정동 3454건, 기준일 시점보정) × 54.4㎡",㎡단가,법정동,3454,법정동,,0.38803600911655123,,,1162010100100410113,11620,54.4,[],봉천동,A,False,54.4,2026-04-18,455000000,464690868.1687661,0.2999472572465894,-0.35659959998657254
A,B0 ㎡단가,"㎡당 500만원(법정동 12219건, 기준일 시점보정) × 63.3㎡",316774465.10056585,166189901.29770488,603803606.3334217,0.45,"㎡당 500만원(법정동 12219건, 기준일 시점보정) × 63.3㎡",㎡단가,법정동,12219,법정동,,0.5033231397301925,,,1150010300100580009,11500,63.3,[],화곡동,A,False,63.3,2026-04-19,220000000,227326165.32960528,0.39348000104285175,0.33180421623505185
A,B0 ㎡단가,"㎡당 500만원(법정동 12219건, 기준일 시점보정) × 60.87㎡",304613928.76258194,159810099.39954647,580624415.7585366,0.45,"㎡당 500만원(법정동 12219건, 기준일 시점보정) × 60.87㎡",㎡단가,법정동,12219,법정동,,0.5033231397301925,,,1150010300109950030,11500,60.87,[],화곡동,A,False,60.87,2026-04-20,120000000,123996090.17978469,1.4566414015225435,0.8987951331610698
A,B0 ㎡단가,"㎡당 500만원(법정동 12219건, 기준일 시점보정) × 28.81㎡",144174918.47626048,75638721.26993476,274811720.3549108,0.45,"㎡당 500만원(법정동 12219건, 기준일 시점보정) × 28.81㎡",㎡단가,법정동,12219,법정동,,0.5033231397301925,,,1150010300108550027,11500,28.81,[],화곡동,A,False,28.81,2026-04-20,120000000,123996090.17978469,0.1627376175105043,0.15077723975167262
A,B0 ㎡단가,"㎡당 500만원(법정동 12219건, 기준일 시점보정) × 44.68㎡",223593729.86877197,117304341.07395647,426191866.2081714,0.45,"㎡당 500만원(법정동 12219건, 기준일 시점보정) × 44.68㎡",㎡단가,법정동,12219,법정동,,0.5033231397301925,,,1150010300101050241,11500,44.68,[],화곡동,A,False,44.68,2026-04-21,206000000,212859954.80863038,0.05042646499569018,0.04919623884870086
A,B0 ㎡단가,"㎡당 500만원(법정동 12219건, 기준일 시점보정) × 61㎡",305264492.4349839,160151405.6739333,581864454.7604843,0.45,"㎡당 500만원(법정동 12219건, 기준일 시점보정) × 61㎡",㎡단가,법정동,12219,법정동,,0.5033231397301925,,,1150010300101570004,11500,61.0,[],화곡동,A,False,61.0,2026-04-21,257000000,265558293.13503888,0.1495197112136658,0.13934421271537273
A,B0 ㎡단가,"㎡당 500만원(법정동 12219건, 기준일 시점보정) × 58.97㎡",295105690.47362345,154821776.92773548,562500768.8069806,0.45,"㎡당 500만원(법정동 12219건, 기준일 시점보정) × 58.97㎡",㎡단가,법정동,12219,법정동,,0.5033231397301925,,,1150010300104580011,11500,58.97,[],화곡동,A,False,58.97,2026-04-21,180000000,185994135.26967704,0.5866397617631499,0.46161842255948515
A,B0 ㎡단가,"㎡당 500만원(법정동 12219건, 기준일 시점보정) × 41.22㎡",206278727.5109843,108220343.30950056,393187751.2332324,0.45,"㎡당 500만원(법정동 12219건, 기준일 시점보정) × 41.22㎡",㎡단가,법정동,12219,법정동,,0.5033231397301925,,,1150010300104600011,11500,41.22,[],화곡동,A,False,41.22,2026-04-21,115000000,118829586.42229366,0.7359206046372663,0.5515378805363444
A,B0 ㎡단가,"㎡당 500만원(법정동 12219건, 기준일 시점보정) × 40.5㎡",202675605.6330631,106330031.63597213,386319842.91474783,0.45,"㎡당 500만원(법정동 12219건, 기준일 시점보정) × 40.5㎡",㎡단가,법정동,12219,법정동,,0.5033231397301925,,,1150010300109750001,11500,40.5,[],화곡동,A,False,40.5,2026-04-21,195000000,201493646.54215014,0.005865986899322485,0.005848848986027882
A,B0 ㎡단가,"㎡당 1,589만원(법정동 1029건, 기준일 시점보정) × 104.98㎡",1667855116.4727468,1171860663.7665646,2373781094.932669,0.45,"㎡당 1,589만원(법정동 1029건, 기준일 시점보정) × 104.98㎡",㎡단가,법정동,1029,법정동,,0.2753945404339587,,,1168010100106740043,11680,104.98,[],역삼동,A,False,104.98,2026-04-21,980000000,994157724.8517053,0.677656447040669,0.517397847536331
A,B0 ㎡단가,"㎡당 1,392만원(법정동 905건, 기준일 시점보정) × 41.27㎡",574318244.1430465,370168408.86876273,891057793.2988656,0.45,"㎡당 1,392만원(법정동 905건, 기준일 시점보정) × 41.27㎡",㎡단가,법정동,905,법정동,,0.34271661500793776,,,1168010300101600004,11680,41.27,[],개포동,A,False,41.27,2026-04-21,590000000,598523528.2270471,0.040441658418511536,-0.0412821612333348
A,B0 ㎡단가,"㎡당 1,998만원(법정동 234건, 기준일 시점보정) × 59.97㎡",1198385410.5113442,686560931.9401091,2091770045.9130125,0.45,"㎡당 1,998만원(법정동 234건, 기준일 시점보정) × 59.97㎡",㎡단가,법정동,234,법정동,,0.43464065223311826,,,1168010500100470026,11680,59.97,[],삼성동,A,False,59.97,2026-04-22,950000000,963724325.111347,0.24349399437737024,0.21792515463757298
A,B0 ㎡단가,"㎡당 598만원(법정동 3454건, 기준일 시점보정) × 68.67㎡",410641698.16626,249738433.55730745,675212869.2045113,0.45,"㎡당 598만원(법정동 3454건, 기준일 시점보정) × 68.67㎡",㎡단가,법정동,3454,법정동,,0.38803600911655123,,,1162010100106350337,11620,68.67,[],봉천동,A,False,68.67,2026-04-23,180000000,183833750.04478657,1.233766640055035,0.8036892368448555
A,B0 ㎡단가,"㎡당 645만원(법정동 5402건, 기준일 시점보정) × 55.44㎡",357840702.11631405,180803212.0787096,708228391.6247694,0.45,"㎡당 645만원(법정동 5402건, 기준일 시점보정) × 55.44㎡",㎡단가,법정동,5402,법정동,,0.5326768941136113,,,1162010200104150020,11620,55.44,[],신림동,A,False,55.44,2026-04-23,410000000,418732430.6575694,0.14541918438376542,-0.15714420440209526
A,B0 ㎡단가,"㎡당 1,998만원(법정동 234건, 기준일 시점보정) × 29.68㎡",593097865.3322778,339788702.01738274,1035246539.3146276,0.45,"㎡당 1,998만원(법정동 234건, 기준일 시점보정) × 29.68㎡",㎡단가,법정동,234,법정동,,0.43464065223311826,,,1168010500100240018,11680,29.68,[],삼성동,A,False,29.68,2026-04-24,510000000,517367795.5860916,0.14637569325395802,0.1366053946325493
A,B0 ㎡단가,"㎡당 645만원(법정동 5402건, 기준일 시점보정) × 46.8㎡",302073319.9683177,152626088.11839154,597855135.7871443,0.45,"㎡당 645만원(법정동 5402건, 기준일 시점보정) × 46.8㎡",㎡단가,법정동,5402,법정동,,0.5326768941136113,,,1162010200104120451,11620,46.8,[],신림동,A,False,46.8,2026-04-24,370000000,377880486.2031724,0.20061148697182524,-0.22390820230005645
A,B0 ㎡단가,"㎡당 500만원(법정동 12219건, 기준일 시점보정) × 29.98㎡",150029991.52788243,78710477.73941848,285972071.3724482,0.45,"㎡당 500만원(법정동 12219건, 기준일 시점보정) × 29.98㎡",㎡단가,법정동,12219,법정동,,0.5033231397301925,,,1150010300103590028,11500,29.98,[],화곡동,A,False,29.98,2026-04-25,195000000,201493646.54215014,0.2554108077224267,-0.29492263245201283
A,B0 ㎡단가,"㎡당 598만원(법정동 3454건, 기준일 시점보정) × 55.26㎡",330450855.4050893,200969067.10902554,543356096.5813488,0.45,"㎡당 598만원(법정동 3454건, 기준일 시점보정) × 55.26㎡",㎡단가,법정동,3454,법정동,,0.38803600911655123,,,1162010100101000263,11620,55.26,[],봉천동,A,False,55.26,2026-04-25,400000000,408519444.54397017,0.19110128093420065,-0.21208156251023266
A,B0 ㎡단가,"㎡당 645만원(법정동 5402건, 기준일 시점보정) × 42.3㎡",273027808.4329018,137950502.722392,540369065.0383791,0.45,"㎡당 645만원(법정동 5402건, 기준일 시점보정) × 42.3㎡",㎡단가,법정동,5402,법정동,,0.5326768941136113,,,1162010200106460472,11620,42.3,[],신림동,A,False,42.3,2026-04-25,205500000,209876864.63446468,0.30089521257345325,0.2630526525305528
A,B0 ㎡단가,"㎡당 645만원(법정동 5402건, 기준일 시점보정) × 34.08㎡",219971340.6948769,111143100.06570023,435361175.80397063,0.45,"㎡당 645만원(법정동 5402건, 기준일 시점보정) × 34.08㎡",㎡단가,법정동,5402,법정동,,0.5326768941136113,,,1162010200100920175,11620,34.08,[],신림동,A,False,34.08,2026-04-27,155000000,158301284.76078844,0.38957394456576305,0.32899718545647827
A,B0 ㎡단가,"㎡당 645만원(법정동 5402건, 기준일 시점보정) × 44.39㎡",286517834.9015727,144766496.828534,567068151.2305833,0.45,"㎡당 645만원(법정동 5402건, 기준일 시점보정) × 44.39㎡",㎡단가,법정동,5402,법정동,,0.5326768941136113,,,1162010200106260034,11620,44.39,[],신림동,A,False,44.39,2026-04-27,240000000,245111666.7263821,0.1689277737294009,0.15608689591856356
A,B0 ㎡단가,"㎡당 598만원(법정동 3454건, 기준일 시점보정) × 64.45㎡",385406399.40025395,234391175.80848193,633718791.6154175,0.45,"㎡당 598만원(법정동 3454건, 기준일 시점보정) × 64.45㎡",㎡단가,법정동,3454,법정동,,0.38803600911655123,,,1162010100101960105,11620,64.45,[],봉천동,A,False,64.45,2026-04-28,299000000,305368284.7966177,0.26210356015505504,0.23277982109699005
A,B0 ㎡단가,"㎡당 645만원(법정동 5402건, 기준일 시점보정) × 116.18㎡",749890562.2632293,378891002.5127077,1484162599.9091964,0.45,"㎡당 645만원(법정동 5402건, 기준일 시점보정) × 116.18㎡",㎡단가,법정동,5402,법정동,,0.5326768941136113,,,1162010200103060056,11620,116.18,[],신림동,A,False,116.18,2026-04-28,392500000,400859704.9587707,0.8707057680949927,0.6263157757565353
A,B0 ㎡단가,"㎡당 500만원(법정동 12219건, 기준일 시점보정) × 64.12㎡",320878020.5726427,168342756.2592233,611625390.8072512,0.45,"㎡당 500만원(법정동 12219건, 기준일 시점보정) × 64.12㎡",㎡단가,법정동,12219,법정동,,0.5033231397301925,,,1150010300103920012,11500,64.12,[],화곡동,A,False,64.12,2026-04-28,285000000,294490714.17698866,0.08960318653645315,0.08581358090998453
A,B0 ㎡단가,"㎡당 598만원(법정동 3454건, 기준일 시점보정) × 75.13㎡",449272037.0355479,273232103.0021914,738732239.1631697,0.45,"㎡당 598만원(법정동 3454건, 기준일 시점보정) × 75.13㎡",㎡단가,법정동,3454,법정동,,0.38803600911655123,,,1162010100106620123,11620,75.13,[],봉천동,A,False,75.13,2026-04-29,300000000,306389583.40797764,0.4663423998893363,0.38277113682734765
A,B0 ㎡단가,"㎡당 598만원(법정동 3454건, 기준일 시점보정) × 31.34㎡",187410962.87360668,113977027.92611048,308157438.77776843,0.45,"㎡당 598만원(법정동 3454건, 기준일 시점보정) × 31.34㎡",㎡단가,법정동,3454,법정동,,0.38803600911655123,,,1162010100100410109,11620,31.34,[],봉천동,A,False,31.34,2026-04-29,190000000,194046736.1583858,0.034196778653173776,-0.03479517013013183
A,B0 ㎡단가,"㎡당 500만원(법정동 12219건, 기준일 시점보정) × 42.535㎡",212859429.27413228,111672787.54656997,405731222.67602056,0.45,"㎡당 500만원(법정동 12219건, 기준일 시점보정) × 42.535㎡",㎡단가,법정동,12219,법정동,,0.5033231397301925,,,1150010300108320021,11500,42.535,[],화곡동,A,False,42.535,2026-04-29,280000000,289324210.4194976,0.2642875307064602,-0.3069159033041185
A,B0 ㎡단가,"㎡당 500만원(법정동 12219건, 기준일 시점보정) × 29.74㎡",148828950.90190884,78080373.8482424,283682768.59962034,0.45,"㎡당 500만원(법정동 12219건, 기준일 시점보정) × 29.74㎡",㎡단가,법정동,12219,법정동,,0.5033231397301925,,,1150010300111150034,11500,29.74,[],화곡동,A,False,29.74,2026-04-29,210000000,216993157.8146232,0.31413067397704264,-0.37706815624817647
A,B0 ㎡단가,"㎡당 500만원(법정동 12219건, 기준일 시점보정) × 40.92㎡",204777426.72851726,107432713.44553044,390326122.7671974,0.45,"㎡당 500만원(법정동 12219건, 기준일 시점보정) × 40.92㎡",㎡단가,법정동,12219,법정동,,0.5033231397301925,,,1150010300101050130,11500,40.92,[],화곡동,A,False,40.92,2026-04-30,182000000,188060736.77267346,0.08888984613545797,0.0851586874439124
A,B0 ㎡단가,"㎡당 645만원(법정동 5402건, 기준일 시점보정) × 49.005㎡",316305620.6206711,159817124.96243113,626023310.4540385,0.45,"㎡당 645만원(법정동 5402건, 기준일 시점보정) × 49.005㎡",㎡단가,법정동,5402,법정동,,0.5326768941136113,,,1162010200105630020,11620,49.005,[],신림동,A,False,49.005,2026-04-30,410000000,418732430.6575694,0.24461160048207684,-0.28052322556259784
A,B0 ㎡단가,"㎡당 500만원(법정동 12219건, 기준일 시점보정) × 32.959㎡",164937908.29778108,86531642.2886422,314388042.04017746,0.45,"㎡당 500만원(법정동 12219건, 기준일 시점보정) × 32.959㎡",㎡단가,법정동,12219,법정동,,0.5033231397301925,,,1150010300109570002,11500,32.959,[],화곡동,A,False,32.959,2026-05-01,152000000,156701990.44752505,0.05255783814063291,0.051223238167272055
A,B0 ㎡단가,"㎡당 645만원(법정동 5402건, 기준일 시점보정) × 61.39㎡",396245322.9242524,200207597.2134199,784237751.837025,0.45,"㎡당 645만원(법정동 5402건, 기준일 시점보정) × 61.39㎡",㎡단가,법정동,5402,법정동,,0.5326768941136113,,,1162010200104930004,11620,61.39,[],신림동,A,False,61.39,2026-05-01,360000000,368756311.7648444,0.07454519497672407,0.07189749761812801
A,B0 ㎡단가,"㎡당 1,589만원(법정동 1029건, 기준일 시점보정) × 23.63㎡",375418331.13213027,263774695.0352823,534315557.94683754,0.45,"㎡당 1,589만원(법정동 1029건, 기준일 시점보정) × 23.63㎡",㎡단가,법정동,1029,법정동,,0.2753945404339587,,,1168010100107960001,11680,23.63,[],역삼동,A,False,23.63,2026-05-02,385000000,388651313.1247157,0.03404846850045002,-0.03464162045950566
A,B0 ㎡단가,"㎡당 1,998만원(법정동 234건, 기준일 시점보정) × 26.17㎡",522957248.5089523,299604795.54565036,912816776.7474326,0.45,"㎡당 1,998만원(법정동 234건, 기준일 시점보정) × 26.17㎡",㎡단가,법정동,234,법정동,,0.43464065223311826,,,1168010500100300005,11680,26.17,[],삼성동,A,False,26.17,2026-05-05,350000000,353319375.56792337,0.4801261540450594,0.3921273233630026
A,B0 ㎡단가,"㎡당 645만원(법정동 5402건, 기준일 시점보정) × 28.33㎡",182857631.5107358,92390963.17081262,361906752.06943995,0.45,"㎡당 645만원(법정동 5402건, 기준일 시점보정) × 28.33㎡",㎡단가,법정동,5402,법정동,,0.5326768941136113,,,1162010200116780042,11620,28.33,[],신림동,A,False,28.33,2026-05-05,160000000,163891694.11770862,0.1157223829744884,0.10950207223747727
A,B0 ㎡단가,"㎡당 598만원(법정동 3454건, 기준일 시점보정) × 28.24㎡",168873184.15924242,102702976.02531469,277676007.3734584,0.45,"㎡당 598만원(법정동 3454건, 기준일 시점보정) × 28.24㎡",㎡단가,법정동,3454,법정동,,0.38803600911655123,,,1162010100115150004,11620,28.24,[],봉천동,A,False,28.24,2026-05-05,314000000,321637449.7060032,0.4749579555689081,-0.6442769349664649
A,B0 ㎡단가,"㎡당 500만원(법정동 12219건, 기준일 시점보정) × 38.88㎡",194568581.40774083,102076830.37053336,370867049.1981584,0.45,"㎡당 500만원(법정동 12219건, 기준일 시점보정) × 38.88㎡",㎡단가,법정동,12219,법정동,,0.5033231397301925,,,1150010300109320008,11500,38.88,[],화곡동,A,False,38.88,2026-05-05,232000000,239176722.26201192,0.18650703309414876,-0.2064179978357073
A,B0 ㎡단가,"㎡당 645만원(법정동 5402건, 기준일 시점보정) × 32.09㎡",207126770.03810483,104653230.07946967,409939557.85062915,0.45,"㎡당 645만원(법정동 5402건, 기준일 시점보정) × 32.09㎡",㎡단가,법정동,5402,법정동,,0.5326768941136113,,,1162010200116690001,11620,32.09,[],신림동,A,False,32.09,2026-05-05,285000000,291932080.14716846,0.29049671439436076,-0.34319015151800636
A,B0 ㎡단가,"㎡당 500만원(법정동 12219건, 기준일 시점보정) × 55.26㎡",276539604.1304458,145081420.94330403,527111963.44367754,0.45,"㎡당 500만원(법정동 12219건, 기준일 시점보정) × 55.26㎡",㎡단가,법정동,12219,법정동,,0.5033231397301925,,,1150010300101020147,11500,55.26,[],화곡동,A,False,55.26,2026-05-06,183000000,188660949.0256387,0.46580204095583405,0.3824025608922115
A,B0 ㎡단가,"㎡당 500만원(법정동 12219건, 기준일 시점보정) × 36.27㎡",181507264.6002764,95224450.55399278,345970881.54365176,0.45,"㎡당 500만원(법정동 12219건, 기준일 시점보정) × 36.27㎡",㎡단가,법정동,12219,법정동,,0.5033231397301925,,,1150010300103510042,11500,36.27,[],화곡동,A,False,36.27,2026-05-06,235000000,242269524.70505518,0.2508043889496717,-0.2887551666109855
A,B0 ㎡단가,"㎡당 500만원(법정동 12219건, 기준일 시점보정) × 38.12㎡",190765286.09215736,100081501.38180892,363617590.41753584,0.45,"㎡당 500만원(법정동 12219건, 기준일 시점보정) × 38.12㎡",㎡단가,법정동,12219,법정동,,0.5033231397301925,,,1150010300103570014,11500,38.12,[],화곡동,A,False,38.12,2026-05-06,265000000,273197549.13548774,0.3017313416763101,-0.3591513529618568
A,B0 ㎡단가,"㎡당 500만원(법정동 12219건, 기준일 시점보정) × 59.92㎡",299859809.6181031,157315938.16364118,571562592.2827594,0.45,"㎡당 500만원(법정동 12219건, 기준일 시점보정) × 59.92㎡",㎡단가,법정동,12219,법정동,,0.5033231397301925,,,1150010300104090081,11500,59.92,[],화곡동,A,False,59.92,2026-05-06,245000000,252578866.18186602,0.18719279309058684,0.17159152290260285
A,B0 ㎡단가,"㎡당 598만원(법정동 3454건, 기준일 시점보정) × 46.85㎡",280159655.7316046,170383655.3394475,460662922.9973986,0.45,"㎡당 598만원(법정동 3454건, 기준일 시점보정) × 46.85㎡",㎡단가,법정동,3454,법정동,,0.38803600911655123,,,1162010100100040039,11620,46.85,[],봉천동,A,False,46.85,2026-05-06,810000000,829701701.4708998,0.6623368913973107,-1.085706600665305
A,B0 ㎡단가,"㎡당 645만원(법정동 5402건, 기준일 시점보정) × 75.7㎡",488610049.6068725,246875958.77269727,967043456.8180939,0.45,"㎡당 645만원(법정동 5402건, 기준일 시점보정) × 75.7㎡",㎡단가,법정동,5402,법정동,,0.5326768941136113,,,1162010200103060003,11620,75.7,[],신림동,A,False,75.7,2026-05-06,365000000,373877927.2060228,0.30687054263470165,0.2676353804897903
A,B0 ㎡단가,"㎡당 1,447만원(법정동 941건, 기준일 시점보정) × 24.67㎡",356997097.1436005,242764420.50625274,524981902.63294685,0.45,"㎡당 1,447만원(법정동 941건, 기준일 시점보정) × 24.67㎡",㎡단가,법정동,941,법정동,,0.30090210699592573,,,1168010800101740000,11680,24.67,[],논현동,A,False,24.67,2026-05-07,115000000,116090651.97231768,2.075158000049203,1.123356282068287
A,B0 ㎡단가,"㎡당 645만원(법정동 5402건, 기준일 시점보정) × 62.98㎡",406508070.33343184,205392970.72000602,804549496.8349204,0.45,"㎡당 645만원(법정동 5402건, 기준일 시점보정) × 62.98㎡",㎡단가,법정동,5402,법정동,,0.5326768941136113,,,1162010200100990025,11620,62.98,[],신림동,A,False,62.98,2026-05-07,210000000,215107848.52949256,0.8897872537537708,0.6364642585842875
A,B0 ㎡단가,"㎡당 645만원(법정동 5402건, 기준일 시점보정) × 33.41㎡",215646786.75515994,108958068.46229611,426802138.6035999,0.45,"㎡당 645만원(법정동 5402건, 기준일 시점보정) × 33.41㎡",㎡단가,법정동,5402,법정동,,0.5326768941136113,,,1162010200100980242,11620,33.41,[],신림동,A,False,33.41,2026-05-07,120000000,122918770.58828147,0.7543845071268452,0.5621180872154978
A,B0 ㎡단가,"㎡당 500만원(법정동 12219건, 기준일 시점보정) × 39.38㎡",197070749.37851956,103389546.81048374,375636429.974884,0.45,"㎡당 500만원(법정동 12219건, 기준일 시점보정) × 39.38㎡",㎡단가,법정동,12219,법정동,,0.5033231397301925,,,1150010300107730006,11500,39.38,[],화곡동,A,False,39.38,2026-05-07,175000000,180413475.84419003,0.09232832224082423,0.08831149352583055
A,B0 ㎡단가,"㎡당 500만원(법정동 12219건, 기준일 시점보정) × 39.25㎡",196420185.70611674,103048240.53609645,374396390.97293466,0.45,"㎡당 500만원(법정동 12219건, 기준일 시점보정) × 39.25㎡",㎡단가,법정동,12219,법정동,,0.5033231397301925,,,1150010300104210025,11500,39.25,[],화곡동,A,False,39.25,2026-05-08,99000000,102062480.62042749,0.9245092272115895,0.6546709883321907
A,B0 ㎡단가,"㎡당 598만원(법정동 3454건, 기준일 시점보정) × 32.26㎡",192912497.20174104,117322875.58699206,317203541.0009837,0.45,"㎡당 598만원(법정동 3454건, 기준일 시점보정) × 32.26㎡",㎡단가,법정동,3454,법정동,,0.38803600911655123,,,1162010100101800099,11620,32.26,[],봉천동,A,False,32.26,2026-05-08,299000000,306272603.382468,0.37012813072008527,-0.4622388623768752
A,B0 ㎡단가,"㎡당 598만원(법정동 3454건, 기준일 시점보정) × 66.82㎡",399578830.2238161,243010370.32618698,657022337.5600026,0.45,"㎡당 598만원(법정동 3454건, 기준일 시점보정) × 66.82㎡",㎡단가,법정동,3454,법정동,,0.38803600911655123,,,1162010100101800327,11620,66.82,[],봉천동,A,False,66.82,2026-05-08,300000000,307296926.47070366,0.30030207204792914,0.2625966005891557
A,B0 ㎡단가,"㎡당 598만원(법정동 3454건, 기준일 시점보정) × 29.99㎡",179338059.23993215,109067360.16286083,294883267.03718215,0.45,"㎡당 598만원(법정동 3454건, 기준일 시점보정) × 29.99㎡",㎡단가,법정동,3454,법정동,,0.38803600911655123,,,1162010100106350467,11620,29.99,[],봉천동,A,False,29.99,2026-05-08,210000000,215107848.52949256,0.16628769956134892,-0.18186689963980296
A,B0 ㎡단가,"㎡당 500만원(법정동 12219건, 기준일 시점보정) × 19.69㎡",98535374.68925959,51694773.40524177,187818214.98744166,0.45,"㎡당 500만원(법정동 12219건, 기준일 시점보정) × 19.69㎡",㎡단가,법정동,12219,법정동,,0.5033231397301925,,,1150010300103420076,11500,19.69,[],화곡동,A,False,19.69,2026-05-09,145000000,149485451.41375744,0.3408363572684694,-0.416783455531177
A,B0 ㎡단가,"㎡당 1,985만원(법정동 212건, 기준일 시점보정) × 50.94㎡",1011337120.8052336,566279896.8289108,1806178848.3860612,0.45,"㎡당 1,985만원(법정동 212건, 기준일 시점보정) × 50.94㎡",㎡단가,법정동,212,법정동,,0.45251259591625304,,,1168010400100220005,11680,50.94,[],청담동,A,False,50.94,2026-05-09,380000000,383603893.4737454,1.6364099478944716,0.969418123476546
A,B0 ㎡단가,"㎡당 1,447만원(법정동 941건, 기준일 시점보정) × 29.9㎡",432679902.90205204,294230084.0347359,636277214.7841535,0.45,"㎡당 1,447만원(법정동 941건, 기준일 시점보정) × 29.9㎡",㎡단가,법정동,941,법정동,,0.30090210699592573,,,1168010800102190009,11680,29.9,[],논현동,A,False,29.9,2026-05-09,339000000,342215052.33578867,0.26435088097030096,0.23455885290645917
A,B0 ㎡단가,"㎡당 1,429만원(법정동 175건, 기준일 시점보정) × 39.68㎡",567173734.8050557,411302583.04038346,782115305.6583921,0.45,"㎡당 1,429만원(법정동 175건, 기준일 시점보정) × 39.68㎡",㎡단가,법정동,175,법정동,,0.2507307365653645,,,1168011800104540001,11680,39.68,[],도곡동,A,False,39.68,2026-05-09,535000000,540073902.6538258,0.05017800715432886,0.04895968042391028
A,B0 ㎡단가,"㎡당 598만원(법정동 3454건, 기준일 시점보정) × 55.63㎡",332663428.99357915,202314679.7552503,546994202.9102523,0.45,"㎡당 598만원(법정동 3454건, 기준일 시점보정) × 55.63㎡",㎡단가,법정동,3454,법정동,,0.38803600911655123,,,1162010100104570139,11620,55.63,[],봉천동,A,False,55.63,2026-05-10,300000000,307296926.47070366,0.08254720544786776,0.0793167877477501
A,B0 ㎡단가,"㎡당 645만원(법정동 5402건, 기준일 시점보정) × 67.05㎡",432778121.87768483,218666222.40038735,856542454.1565796,0.45,"㎡당 645만원(법정동 5402건, 기준일 시점보정) × 67.05㎡",㎡단가,법정동,5402,법정동,,0.5326768941136113,,,1162010200104120172,11620,67.05,[],신림동,A,False,67.05,2026-05-11,500000000,512161544.11783946,0.15499684260146224,-0.16841491506562734
A,B0 ㎡단가,"㎡당 500만원(법정동 12219건, 기준일 시점보정) × 44.15㎡",220941431.81974638,115912861.64760903,421136322.584842,0.45,"㎡당 500만원(법정동 12219건, 기준일 시점보정) × 44.15㎡",㎡단가,법정동,12219,법정동,,0.5033231397301925,,,1150010300101600006,11500,44.15,[],화곡동,A,False,44.15,2026-05-11,230000000,237114853.96664974,0.0682092322616708,-0.07064698763486416
A,B0 ㎡단가,"㎡당 500만원(법정동 12219건, 기준일 시점보정) × 45.66㎡",228497979.0914978,119877265.29625894,435539852.53055274,0.45,"㎡당 500만원(법정동 12219건, 기준일 시점보정) × 45.66㎡",㎡단가,법정동,12219,법정동,,0.5033231397301925,,,1150010300104100239,11500,45.66,[],화곡동,A,False,45.66,2026-05-12,210000000,216496171.01302803,0.05543658357702573,0.053954504622543704
A,B0 ㎡단가,"㎡당 500만원(법정동 12219건, 기준일 시점보정) × 29.94㎡",149829818.0902201,78605460.42422241,285590520.9103101,0.45,"㎡당 500만원(법정동 12219건, 기준일 시점보정) × 29.94㎡",㎡단가,법정동,12219,법정동,,0.5033231397301925,,,1150010300110700011,11500,29.94,[],화곡동,A,False,29.94,2026-05-12,310000000,319589585.78113663,0.531180536674848,-0.757537524249346
A,B0 ㎡단가,"㎡당 598만원(법정동 3454건, 기준일 시점보정) × 29.92㎡",178919464.23670435,108812784.79735886,294194976.65063286,0.45,"㎡당 598만원(법정동 3454건, 기준일 시점보정) × 29.92㎡",㎡단가,법정동,3454,법정동,,0.38803600911655123,,,1162010100106220106,11620,29.92,[],봉천동,A,False,29.92,2026-05-13,255000000,261202387.5000981,0.31501596922946523,-0.37835975373540276
A,B0 ㎡단가,"㎡당 645만원(법정동 5402건, 기준일 시점보정) × 36.42㎡",235075006.69329354,118774404.47162019,465253932.5933293,0.45,"㎡당 645만원(법정동 5402건, 기준일 시점보정) × 36.42㎡",㎡단가,법정동,5402,법정동,,0.5326768941136113,,,1162010200104090307,11620,36.42,[],신림동,A,False,36.42,2026-05-13,335000000,343148234.5589524,0.314946186462434,-0.3782578838967243
A,B0 ㎡단가,"㎡당 645만원(법정동 5402건, 기준일 시점보정) × 53.76㎡",346997044.4764254,175324326.8642031,686766925.211897,0.45,"㎡당 645만원(법정동 5402건, 기준일 시점보정) × 53.76㎡",㎡단가,법정동,5402,법정동,,0.5326768941136113,,,1162010200104120316,11620,53.76,[],신림동,A,False,53.76,2026-05-13,285000000,291932080.14716846,0.18862251898283214,0.17279508957512005
A,B0 ㎡단가,"㎡당 645만원(법정동 5402건, 기준일 시점보정) × 72.72㎡",469375466.41230756,237157459.99934614,928974903.3000214,0.45,"㎡당 645만원(법정동 5402건, 기준일 시점보정) × 72.72㎡",㎡단가,법정동,5402,법정동,,0.5326768941136113,,,1162010200105240006,11620,72.72,[],신림동,A,False,72.72,2026-05-13,425000000,435337312.5001635,0.07818800028111829,0.07528185457368307
A,B0 ㎡단가,"㎡당 598만원(법정동 3454건, 기준일 시점보정) × 26.41㎡",157929914.78915006,96047648.6129095,259682130.12510785,0.45,"㎡당 598만원(법정동 3454건, 기준일 시점보정) × 26.41㎡",㎡단가,법정동,3454,법정동,,0.38803600911655123,,,1162010100108990004,11620,26.41,[],봉천동,A,False,26.41,2026-05-14,350000000,358513080.8824876,0.5594863250166432,-0.8198137898576701
A,B0 ㎡단가,"㎡당 1,589만원(법정동 1029건, 기준일 시점보정) × 14.55㎡",231161096.8249045,162417342.90153858,329000904.27958035,0.45,"㎡당 1,589만원(법정동 1029건, 기준일 시점보정) × 14.55㎡",㎡단가,법정동,1029,법정동,,0.2753945404339587,,,1168010100107410021,11680,14.55,[],역삼동,A,False,14.55,2026-05-14,205000000,206944205.6897837,0.11702135391711688,0.11066563710855494
A,B0 ㎡단가,"㎡당 1,998만원(법정동 234건, 기준일 시점보정) × 84.99㎡",1698362115.0468447,973000060.1232275,2964474507.289431,0.45,"㎡당 1,998만원(법정동 234건, 기준일 시점보정) × 84.99㎡",㎡단가,법정동,234,법정동,,0.43464065223311826,,,1168010500100950000,11680,84.99,[],삼성동,A,False,84.99,2026-05-14,2150000000,2170390449.9172435,0.21748544594287036,-0.2452427573067646
A,B0 ㎡단가,"㎡당 1,447만원(법정동 941건, 기준일 시점보정) × 29.26㎡",423418527.0539827,287932182.57044816,622657903.1633574,0.45,"㎡당 1,447만원(법정동 941건, 기준일 시점보정) × 29.26㎡",㎡단가,법정동,941,법정동,,0.30090210699592573,,,1168010800101760001,11680,29.26,[],논현동,A,False,29.26,2026-05-15,450000000,454267768.58733004,0.06790981809975541,-0.07032570728211533
A,B0 ㎡단가,"㎡당 645만원(법정동 5402건, 기준일 시점보정) × 42.68㎡",275480540.51811504,139189774.37805435,545223444.3460531,0.45,"㎡당 645만원(법정동 5402건, 기준일 시점보정) × 42.68㎡",㎡단가,법정동,5402,법정동,,0.5326768941136113,,,1162010200105460021,11620,42.68,[],신림동,A,False,42.68,2026-05-15,198000000,202815971.4706644,0.3582783373545162,0.30621796936789575
A,B0 ㎡단가,"㎡당 598만원(법정동 3454건, 기준일 시점보정) × 34.01㎡",203377372.28243035,123687259.72453794,334410800.6647067,0.45,"㎡당 598만원(법정동 3454건, 기준일 시점보정) × 34.01㎡",㎡단가,법정동,3454,법정동,,0.38803600911655123,,,1162010100100010618,11620,34.01,[],봉천동,A,False,34.01,2026-05-15,810000000,829701701.4708998,0.7548789258574716,-1.4060030103306334
A,B0 ㎡단가,"㎡당 500만원(법정동 12219건, 기준일 시점보정) × 59.94㎡",299959896.33693314,157368446.82123864,571753367.5138264,0.45,"㎡당 500만원(법정동 12219건, 기준일 시점보정) × 59.94㎡",㎡단가,법정동,12219,법정동,,0.5033231397301925,,,1150010300103390011,11500,59.94,[],화곡동,A,False,59.94,2026-05-15,278000000,286599693.05534184,0.04661625118702226,0.04556234243624233
A,B0 ㎡단가,"㎡당 500만원(법정동 12219건, 기준일 시점보정) × 29.93㎡",149779774.73080456,78579206.09542343,285495133.29477566,0.45,"㎡당 500만원(법정동 12219건, 기준일 시점보정) × 29.93㎡",㎡단가,법정동,12219,법정동,,0.5033231397301925,,,1150010300101050102,11500,29.93,[],화곡동,A,False,29.93,2026-05-15,198000000,204124961.24085498,0.2662348895484978,-0.30956631459156364
A,B0 ㎡단가,"㎡당 598만원(법정동 3454건, 기준일 시점보정) × 29.56㎡",176766689.9343911,107503540.06049226,290655197.51980984,0.45,"㎡당 598만원(법정동 3454건, 기준일 시점보정) × 29.56㎡",㎡단가,법정동,3454,법정동,,0.38803600911655123,,,1162010100100410775,11620,29.56,[],봉천동,A,False,29.56,2026-05-16,300000000,307296926.47070366,0.4247690923415621,-0.552983740259453
A,B0 ㎡단가,"㎡당 598만원(법정동 3454건, 기준일 시점보정) × 34.32㎡",205231150.1538667,124814664.91461748,337458943.80513763,0.45,"㎡당 598만원(법정동 3454건, 기준일 시점보정) × 34.32㎡",㎡단가,법정동,3454,법정동,,0.38803600911655123,,,1162010100101000318,11620,34.32,[],봉천동,A,False,34.32,2026-05-16,127000000,130089032.20593122,0.5776207007904045,0.4559178264779169
A,B0 ㎡단가,"㎡당 645만원(법정동 5402건, 기준일 시점보정) × 79.06㎡",510297364.8866496,257833729.20171025,1009966389.6438385,0.45,"㎡당 645만원(법정동 5402건, 기준일 시점보정) × 79.06㎡",㎡단가,법정동,5402,법정동,,0.5326768941136113,,,1162010200104080018,11620,79.06,[],신림동,A,False,79.06,2026-05-16,500000000,512161544.11783946,0.003639826637903395,-0.003646466924772644
A,B0 ㎡단가,"㎡당 645만원(법정동 5402건, 기준일 시점보정) × 29.96㎡",193378561.24467504,97706786.32536341,382729484.362881,0.45,"㎡당 645만원(법정동 5402건, 기준일 시점보정) × 29.96㎡",㎡단가,법정동,5402,법정동,,0.5326768941136113,,,1162010200106290022,11620,29.96,[],신림동,A,False,29.96,2026-05-16,338000000,346221203.8236595,0.4414595088082232,-0.5824281632051213
A,B0 ㎡단가,"㎡당 500만원(법정동 12219건, 기준일 시점보정) × 56.87㎡",284596584.9963529,149308367.879944,542469369.5447333,0.45,"㎡당 500만원(법정동 12219건, 기준일 시점보정) × 56.87㎡",㎡단가,법정동,12219,법정동,,0.5033231397301925,,,1150010300100730044,11500,56.87,[],화곡동,A,False,56.87,2026-05-18,200000000,206186829.53621715,0.3802849854013732,0.3222899890090343
A,B0 ㎡단가,"㎡당 500만원(법정동 12219건, 기준일 시점보정) × 29.22㎡",146226696.21229905,76715148.75069407,278722612.59182584,0.45,"㎡당 500만원(법정동 12219건, 기준일 시점보정) × 29.22㎡",㎡단가,법정동,12219,법정동,,0.5033231397301925,,,1150010300101020092,11500,29.22,[],화곡동,A,False,29.22,2026-05-18,360000000,371136293.1651909,0.6060027033055096,-0.9314112308892379
A,B0 ㎡단가,"㎡당 500만원(법정동 12219건, 기준일 시점보정) × 45.32㎡",226796504.87136853,118984618.11709283,432296673.6023798,0.45,"㎡당 500만원(법정동 12219건, 기준일 시점보정) × 45.32㎡",㎡단가,법정동,12219,법정동,,0.5033231397301925,,,1150010300104880038,11500,45.32,[],화곡동,A,False,45.32,2026-05-18,250000000,257733536.92027146,0.12003494934566138,-0.12787308746407727
A,B0 ㎡단가,"㎡당 1,447만원(법정동 941건, 기준일 시점보정) × 36.66㎡",530503185.29730004,360751668.2512859,780131193.7788336,0.45,"㎡당 1,447만원(법정동 941건, 기준일 시점보정) × 36.66㎡",㎡단가,법정동,941,법정동,,0.30090210699592573,,,1168010800100270009,11680,36.66,[],논현동,A,False,36.66,2026-05-19,410000000,413888411.3795674,0.2817541412407123,0.24822956260347692
A,B0 ㎡단가,"㎡당 598만원(법정동 3454건, 기준일 시점보정) × 60.09㎡",359333910.6277938,218534767.3286534,590848133.2532277,0.45,"㎡당 598만원(법정동 3454건, 기준일 시점보정) × 60.09㎡",㎡단가,법정동,3454,법정동,,0.38803600911655123,,,1162010100100410147,11620,60.09,[],봉천동,A,False,60.09,2026-05-20,205000000,209986233.08831418,0.7112260425028353,0.5372100975241776
A,B0 ㎡단가,"㎡당 645만원(법정동 5402건, 기준일 시점보정) × 58.1㎡",375009826.712804,189478113.66834474,742209046.7784835,0.45,"㎡당 645만원(법정동 5402건, 기준일 시점보정) × 58.1㎡",㎡단가,법정동,5402,법정동,,0.5326768941136113,,,1162010200105700024,11620,58.1,[],신림동,A,False,58.1,2026-05-21,270000000,276567233.8236333,0.3559445257783048,0.3044982784883686
A,B0 ㎡단가,"㎡당 598만원(법정동 3454건, 기준일 시점보정) × 41.58㎡",248645431.91718492,151217767.10809442,408844489.610071,0.45,"㎡당 598만원(법정동 3454건, 기준일 시점보정) × 41.58㎡",㎡단가,법정동,3454,법정동,,0.38803600911655123,,,1162010100116410021,11620,41.58,[],봉천동,A,False,41.58,2026-05-21,220000000,225351079.41184935,0.10336916320140205,0.09836837439425286
A,B0 ㎡단가,"㎡당 500만원(법정동 12219건, 기준일 시점보정) × 29.87㎡",149479514.57431138,78421680.12262952,284922807.6015691,0.45,"㎡당 500만원(법정동 12219건, 기준일 시점보정) × 29.87㎡",㎡단가,법정동,12219,법정동,,0.5033231397301925,,,1150010300100420088,11500,29.87,[],화곡동,A,False,29.87,2026-05-22,155000000,159794792.89056832,0.06455328192903705,-0.06673109045286268
A,B0 ㎡단가,"㎡당 598만원(법정동 3454건, 기준일 시점보정) × 68.58㎡",410103504.5906808,249411122.37309027,674327924.421804,0.45,"㎡당 598만원(법정동 3454건, 기준일 시점보정) × 68.58㎡",㎡단가,법정동,3454,법정동,,0.38803600911655123,,,1162010100101800188,11620,68.58,[],봉천동,A,False,68.58,2026-05-22,389000000,398461681.3236791,0.029216920503692755,0.02879824173307348
A,B0 ㎡단가,"㎡당 500만원(법정동 12219건, 기준일 시점보정) × 65.64㎡",328484611.20380855,172333414.23667166,626124308.3684943,0.45,"㎡당 500만원(법정동 12219건, 기준일 시점보정) × 65.64㎡",㎡단가,법정동,12219,법정동,,0.5033231397301925,,,1150010300104090043,11500,65.64,[],화곡동,A,False,65.64,2026-05-23,270000000,278352219.8738932,0.1801041549179227,0.16560270146187714
A,B0 ㎡단가,"㎡당 598만원(법정동 3454건, 기준일 시점보정) × 34.35㎡",205410548.0123929,124923768.64268976,337753925.39937305,0.45,"㎡당 598만원(법정동 3454건, 기준일 시점보정) × 34.35㎡",㎡단가,법정동,3454,법정동,,0.38803600911655123,,,1162010100104800152,11620,34.35,[],봉천동,A,False,34.35,2026-05-23,691000000,707807253.970854,0.7097931013563034,-1.2371611667825644
A,B0 ㎡단가,"㎡당 645만원(법정동 5402건, 기준일 시점보정) × 53.56㎡",345706132.85263026,174672078.62438145,684211988.7341763,0.45,"㎡당 645만원(법정동 5402건, 기준일 시점보정) × 53.56㎡",㎡단가,법정동,5402,법정동,,0.5326768941136113,,,1162010200106080007,11620,53.56,[],신림동,A,False,53.56,2026-05-23,390000000,399486004.41191477,0.1346226675411423,-0.14458964467184082
A,B0 ㎡단가,"㎡당 500만원(법정동 12219건, 기준일 시점보정) × 26.42㎡",132214555.57593909,69363936.68697251,252014080.24216416,0.45,"㎡당 500만원(법정동 12219건, 기준일 시점보정) × 26.42㎡",㎡단가,법정동,12219,법정동,,0.5033231397301925,,,1150010300103950009,11500,26.42,[],화곡동,A,False,26.42,2026-05-25,128000000,131959570.90317899,0.001932293891340294,0.0019304294129260898
A,B0 ㎡단가,"㎡당 500만원(법정동 12219건, 기준일 시점보정) × 56.71㎡",283795891.2457043,148888298.61916018,540943167.6961821,0.45,"㎡당 500만원(법정동 12219건, 기준일 시점보정) × 56.71㎡",㎡단가,법정동,12219,법정동,,0.5033231397301925,,,1150010300108940027,11500,56.71,[],화곡동,A,False,56.71,2026-05-25,315000000,324744256.51954204,0.126094193974986,-0.13478268256133208
A,B0 ㎡단가,"㎡당 1,392만원(법정동 905건, 기준일 시점보정) × 67.53㎡",939755537.3632163,605705661.5194464,1458035686.4907296,0.45,"㎡당 1,392만원(법정동 905건, 기준일 시점보정) × 67.53㎡",㎡단가,법정동,905,법정동,,0.34271661500793776,,,1168010300112620002,11680,67.53,[],개포동,A,False,67.53,2026-05-25,590000000,595595518.8144994,0.5778418535346753,0.45605799784159196
A,B0 ㎡단가,"㎡당 598만원(법정동 3454건, 기준일 시점보정) × 21.69㎡",129704651.71437591,78881995.39621389,213271692.6320937,0.45,"㎡당 598만원(법정동 3454건, 기준일 시점보정) × 21.69㎡",㎡단가,법정동,3454,법정동,,0.38803600911655123,,,1162010100116140013,11620,21.69,[],봉천동,A,False,21.69,2026-05-26,167000000,171061955.73535836,0.24176798308657432,-0.27676584926122266
A,B0 ㎡단가,"㎡당 500만원(법정동 12219건, 기준일 시점보정) × 59.88㎡",299659636.18043965,157210920.84844455,571181041.8206192,0.45,"㎡당 500만원(법정동 12219건, 기준일 시점보정) × 59.88㎡",㎡단가,법정동,12219,법정동,,0.5033231397301925,,,1150010300108080016,11500,59.88,[],화곡동,A,False,59.88,2026-05-27,350000000,360826951.68838006,0.169519807824018,-0.18575120069366985
A,B0 ㎡단가,"㎡당 1,447만원(법정동 941건, 기준일 시점보정) × 19.55㎡",282906090.3590344,192381208.79194298,416027409.6665624,0.45,"㎡당 1,447만원(법정동 941건, 기준일 시점보정) × 19.55㎡",㎡단가,법정동,941,법정동,,0.30090210699592573,,,1168010800101580015,11680,19.55,[],논현동,A,False,19.55,2026-05-27,420000000,423983250.68150806,0.33274229605935396,-0.40457894495576924
A,B0 ㎡단가,"㎡당 645만원(법정동 5402건, 기준일 시점보정) × 35.97㎡",232170455.53975135,117306845.93201992,459505325.5184516,0.45,"㎡당 645만원(법정동 5402건, 기준일 시점보정) × 35.97㎡",㎡단가,법정동,5402,법정동,,0.5326768941136113,,,1162010200101200096,11620,35.97,[],신림동,A,False,35.97,2026-05-28,170000000,174134925.00006542,0.3332790968822833,0.28764139428614793
A,B0 ㎡단가,"㎡당 1,985만원(법정동 212건, 기준일 시점보정) × 42.82㎡",850126727.7754235,476013058.15103936,1518268125.0076773,0.45,"㎡당 1,985만원(법정동 212건, 기준일 시점보정) × 42.82㎡",㎡단가,법정동,212,법정동,,0.45251259591625304,,,1168010400100560011,11680,42.82,[],청담동,A,False,42.82,2026-05-30,710000000,716733590.4377874,0.18611257950971485,0.1706812197718416
A,B0 ㎡단가,"㎡당 500만원(법정동 12219건, 기준일 시점보정) × 29㎡",145125742.30515647,76137553.51711594,276624085.05006665,0.45,"㎡당 500만원(법정동 12219건, 기준일 시점보정) × 29㎡",㎡단가,법정동,12219,법정동,,0.5033231397301925,,,1150010300100460333,11500,29.0,[],화곡동,A,False,29.0,2026-05-30,175000000,180413475.84419003,0.19559366823301494,-0.21765074969867587
A,B0 ㎡단가,"㎡당 645만원(법정동 5402건, 기준일 시점보정) × 41.22㎡",266056885.6644025,134428362.22735238,526572408.05867636,0.45,"㎡당 645만원(법정동 5402건, 기준일 시점보정) × 41.22㎡",㎡단가,법정동,5402,법정동,,0.5326768941136113,,,1162010200106000002,11620,41.22,[],신림동,A,False,41.22,2026-06-01,235000000,238525437.57198527,0.11542353039016413,0.10923418067169348
A,B0 ㎡단가,"㎡당 855만원(법정동 493건, 기준일 시점보정) × 74.9㎡",640264023.7252529,410844907.0665362,997792629.3496974,0.45,"㎡당 855만원(법정동 493건, 기준일 시점보정) × 74.9㎡",㎡단가,법정동,493,법정동,,0.3461804308237861,,,1162010300106020285,11620,74.9,[],남현동,A,False,74.9,2026-06-01,500000000,507500931.004224,0.26160167323894795,0.23238208294906182
A,B0 ㎡단가,"㎡당 500만원(법정동 12219건, 기준일 시점보정) × 121.26㎡",606825776.2732166,318359991.0167408,1156670225.9714174,0.45,"㎡당 500만원(법정동 12219건, 기준일 시점보정) × 121.26㎡",㎡단가,법정동,12219,법정동,,0.5033231397301925,,,1150010300100240618,11500,121.26,[],화곡동,A,False,121.26,2026-06-02,550000000,557654553.3003469,0.08817505870231217,0.08450203503337421
A,B0 ㎡단가,"㎡당 855만원(법정동 493건, 기준일 시점보정) × 56.6㎡",483831024.6041303,310464909.7458742,754006179.1881568,0.45,"㎡당 855만원(법정동 493건, 기준일 시점보정) × 56.6㎡",㎡단가,법정동,493,법정동,,0.3461804308237861,,,1162010300110720040,11620,56.6,[],남현동,A,False,56.6,2026-06-02,430000000,436450800.66363263,0.10855799523899387,0.10306006736961035
A,B0 ㎡단가,"㎡당 500만원(법정동 12219건, 기준일 시점보정) × 29.46㎡",147427736.8382729,77345252.64187026,281011915.36465424,0.45,"㎡당 500만원(법정동 12219건, 기준일 시점보정) × 29.46㎡",㎡단가,법정동,12219,법정동,,0.5033231397301925,,,1150010300107720001,11500,29.46,[],화곡동,A,False,29.46,2026-06-04,178000000,180477291.79538497,0.18312306566845984,-0.20226682664129414
A,B0 ㎡단가,"㎡당 500만원(법정동 12219건, 기준일 시점보정) × 44.86㎡",224494510.3382525,117776918.99233872,427908843.28779304,0.45,"㎡당 500만원(법정동 12219건, 기준일 시점보정) × 44.86㎡",㎡단가,법정동,12219,법정동,,0.5033231397301925,,,1150010300110810000,11500,44.86,[],화곡동,A,False,44.86,2026-06-04,344000000,348787575.15512604,0.35635748997536165,-0.44061181566502994
A,B0 ㎡단가,"㎡당 645만원(법정동 5402건, 기준일 시점보정) × 29.97㎡",193443106.82586482,97739398.73735452,382857231.1867671,0.45,"㎡당 645만원(법정동 5402건, 기준일 시점보정) × 29.97㎡",㎡단가,법정동,5402,법정동,,0.5326768941136113,,,1162010200102510236,11620,29.97,[],신림동,A,False,29.97,2026-06-05,158000000,160370294.1973348,0.20622779794763052,0.1874979676551451
A,B0 ㎡단가,"㎡당 1,447만원(법정동 941건, 기준일 시점보정) × 51.12㎡",739752395.8646476,503044879.46005833,1087842515.7112381,0.45,"㎡당 1,447만원(법정동 941건, 기준일 시점보정) × 51.12㎡",㎡단가,법정동,941,법정동,,0.30090210699592573,,,1168010800101890019,11680,51.12,[],논현동,A,False,51.12,2026-06-05,700000000,720402122.8370675,0.026860377578255098,0.02650596997898217
A,B0 ㎡단가,"㎡당 598만원(법정동 3454건, 기준일 시점보정) × 62.65㎡",374642527.8886873,227844952.12414873,616019895.9613016,0.45,"㎡당 598만원(법정동 3454건, 기준일 시점보정) × 62.65㎡",㎡단가,법정동,3454,법정동,,0.38803600911655123,,,1162010100101800400,11620,62.65,[],봉천동,A,False,62.65,2026-06-05,289000000,293335538.1204415,0.27718083628469775,0.24465517727105293
A,B0 ㎡단가,"㎡당 1,392만원(법정동 905건, 기준일 시점보정) × 41.23㎡",573761599.3704332,369809631.63700193,890194155.9901184,0.45,"㎡당 1,392만원(법정동 905건, 기준일 시점보정) × 41.23㎡",㎡단가,법정동,905,법정동,,0.34271661500793776,,,1168010300112060000,11680,41.23,[],개포동,A,False,41.23,2026-06-06,800000000,823316711.8137914,0.3031094946361295,-0.3611269747316774
A,B0 ㎡단가,"㎡당 1,447만원(법정동 941건, 기준일 시점보정) × 16.57㎡",239782809.0664551,163056605.09884876,352612489.9322218,0.45,"㎡당 1,447만원(법정동 941건, 기준일 시점보정) × 16.57㎡",㎡단가,법정동,941,법정동,,0.30090210699592573,,,1168010800101670022,11680,16.57,[],논현동,A,False,16.57,2026-06-06,195000000,200683448.50461164,0.19483101796980015,0.17800476782783015
A,B0 ㎡단가,"㎡당 645만원(법정동 5402건, 기준일 시점보정) × 59.93㎡",386821668.0705404,195446185.0627182,765586715.5496492,0.45,"㎡당 645만원(법정동 5402건, 기준일 시점보정) × 59.93㎡",㎡단가,법정동,5402,법정동,,0.5326768941136113,,,1162010200117100001,11620,59.93,[],신림동,A,False,59.93,2026-06-07,353000000,358295657.28898215,0.07961584295327007,0.07660527689033872
A,B0 ㎡단가,"㎡당 500만원(법정동 12219건, 기준일 시점보정) × 36.72㎡",183759215.77397716,96405895.34994803,350263324.24270463,0.45,"㎡당 500만원(법정동 12219건, 기준일 시점보정) × 36.72㎡",㎡단가,법정동,12219,법정동,,0.5033231397301925,,,1150010300103920006,11500,36.72,[],화곡동,A,False,36.72,2026-06-08,140000000,141948431.7491792,0.29454910850073346,0.2581624557592895
A,B0 ㎡단가,"㎡당 500만원(법정동 12219건, 기준일 시점보정) × 29.7㎡",148628777.46424648,77975356.53304633,283301218.13748217,0.45,"㎡당 500만원(법정동 12219건, 기준일 시점보정) × 29.7㎡",㎡단가,법정동,12219,법정동,,0.5033231397301925,,,1150010300101000045,11500,29.7,[],화곡동,A,False,29.7,2026-06-09,120000000,121670084.35643932,0.2215720754234883,0.20013861564291363
A,B0 ㎡단가,"㎡당 598만원(법정동 3454건, 기준일 시점보정) × 61.2㎡",365971631.39325947,222571605.26732525,601762452.2399318,0.45,"㎡당 598만원(법정동 3454건, 기준일 시점보정) × 61.2㎡",㎡단가,법정동,3454,법정동,,0.38803600911655123,,,1162010100101800369,11620,61.2,[],봉천동,A,False,61.2,2026-06-09,325000000,329875605.1527456,0.10942314519983967,0.10384019122995274
A,B0 ㎡단가,"㎡당 1,447만원(법정동 941건, 기준일 시점보정) × 51.91㎡",751184406.6771103,510818851.5800399,1104653853.493161,0.45,"㎡당 1,447만원(법정동 941건, 기준일 시점보정) × 51.91㎡",㎡단가,법정동,941,법정동,,0.30090210699592573,,,1168010800101480006,11680,51.91,[],논현동,A,False,51.91,2026-06-09,545000000,560884509.9231454,0.33928534909983615,0.29213615012900174
A,B0 ㎡단가,"㎡당 1,392만원(법정동 905건, 기준일 시점보정) × 40.53㎡",564020315.8497121,363531030.081195,875080503.0870593,0.45,"㎡당 1,392만원(법정동 905건, 기준일 시점보정) × 40.53㎡",㎡단가,법정동,905,법정동,,0.34271661500793776,,,1168010300112560000,11680,40.53,[],개포동,A,False,40.53,2026-06-10,647000000,665857390.6794038,0.15294126979019151,-0.1659852476432433
A,B0 ㎡단가,"㎡당 500만원(법정동 12219건, 기준일 시점보정) × 62.4㎡",312270562.7531641,163827011.7057942,595218720.9353156,0.45,"㎡당 500만원(법정동 12219건, 기준일 시점보정) × 62.4㎡",㎡단가,법정동,12219,법정동,,0.5033231397301925,,,1150010300108110009,11500,62.4,[],화곡동,A,False,62.4,2026-06-10,260000000,263618516.1056185,0.18455473980459403,0.1693669569761595
A,B0 ㎡단가,"㎡당 1,447만원(법정동 941건, 기준일 시점보정) × 28.725㎡",415676595.6809849,282667530.5651435,611273009.8553449,0.45,"㎡당 1,447만원(법정동 941건, 기준일 시점보정) × 28.725㎡",㎡단가,법정동,941,법정동,,0.30090210699592573,,,1168010800102190010,11680,28.725,[],논현동,A,False,28.725,2026-06-11,310000000,319035225.82784414,0.3029175527635616,0.2646060212087326
A,B0 ㎡단가,"㎡당 500만원(법정동 12219건, 기준일 시점보정) × 62.22㎡",311369782.2836836,163354433.787412,593501743.855694,0.45,"㎡당 500만원(법정동 12219건, 기준일 시점보정) × 62.22㎡",㎡단가,법정동,12219,법정동,,0.5033231397301925,,,1150010300104100018,11500,62.22,[],화곡동,A,False,62.22,2026-06-11,220000000,223061821.32013875,0.3958900740651852,0.33353225773343376
A,B0 ㎡단가,"㎡당 500만원(법정동 12219건, 기준일 시점보정) × 46.66㎡",233502315.033055,122502698.17615953,445078614.08400345,0.45,"㎡당 500만원(법정동 12219건, 기준일 시점보정) × 46.66㎡",㎡단가,법정동,12219,법정동,,0.5033231397301925,,,1150010300101580019,11500,46.66,[],화곡동,A,False,46.66,2026-06-12,246000000,249423672.9307006,0.06383258537800922,-0.06596095672277408
A,B0 ㎡단가,"㎡당 500만원(법정동 12219건, 기준일 시점보정) × 59.875㎡",299634614.5007327,157197793.6840455,571133348.0128535,0.45,"㎡당 500만원(법정동 12219건, 기준일 시점보정) × 59.875㎡",㎡단가,법정동,12219,법정동,,0.5033231397301925,,,1150010300104090197,11500,59.875,[],화곡동,A,False,59.875,2026-06-13,230000000,233200995.0165087,0.284877084163046,0.25066305942419004
A,B0 ㎡단가,"㎡당 645만원(법정동 5402건, 기준일 시점보정) × 30.36㎡",195960384.4922676,99011282.80500785,387839357.31832695,0.45,"㎡당 645만원(법정동 5402건, 기준일 시점보정) × 30.36㎡",㎡단가,법정동,5402,법정동,,0.5326768941136113,,,1162010200104120233,11620,30.36,[],신림동,A,False,30.36,2026-06-13,300000000,304500558.6025344,0.3564531198510695,-0.4407604027752312
A,B0 ㎡단가,"㎡당 645만원(법정동 5402건, 기준일 시점보정) × 36.33㎡",234494096.4625845,118480892.76369981,464104211.17835253,0.45,"㎡당 645만원(법정동 5402건, 기준일 시점보정) × 36.33㎡",㎡단가,법정동,5402,법정동,,0.5326768941136113,,,1162010200104090328,11620,36.33,[],신림동,A,False,36.33,2026-06-15,299000000,303485556.74052596,0.22733029215267656,-0.2579036078040374
A,B0 ㎡단가,"㎡당 1,447만원(법정동 941건, 기준일 시점보정) × 22.9㎡",331383604.56377953,225346786.76907906,487315993.9316768,0.45,"㎡당 1,447만원(법정동 941건, 기준일 시점보정) × 22.9㎡",㎡단가,법정동,941,법정동,,0.30090210699592573,,,1168010800102440015,11680,22.9,[],논현동,A,False,22.9,2026-06-16,427000000,439445294.93061113,0.24590476132847128,-0.28223660771532416
A,B0 ㎡단가,"㎡당 645만원(법정동 5402건, 기준일 시점보정) × 69.29㎡",447236332.0642023,225971402.68639567,885157742.7070748,0.45,"㎡당 645만원(법정동 5402건, 기준일 시점보정) × 69.29㎡",㎡단가,법정동,5402,법정동,,0.5326768941136113,,,1162010200116110009,11620,69.29,[],신림동,A,False,69.29,2026-06-16,473000000,480095880.7299959,0.06844372131631282,-0.07089867349910524
A,B0 ㎡단가,"㎡당 598만원(법정동 3454건, 기준일 시점보정) × 50.88㎡",304258768.06027824,185039922.81048205,500288783.82300174,0.45,"㎡당 598만원(법정동 3454건, 기준일 시점보정) × 50.88㎡",㎡단가,법정동,3454,법정동,,0.38803600911655123,,,1162010100104690002,11620,50.88,[],봉천동,A,False,50.88,2026-06-16,805000000,817076498.9168006,0.6276251140944152,-0.9878541743452876
A,B0 ㎡단가,"㎡당 500만원(법정동 12219건, 기준일 시점보정) × 56.52㎡",282845067.41680825,148389466.37197897,539130803.0010262,0.45,"㎡당 500만원(법정동 12219건, 기준일 시점보정) × 56.52㎡",㎡단가,법정동,12219,법정동,,0.5033231397301925,,,1150010300108050013,11500,56.52,[],화곡동,A,False,56.52,2026-06-16,280000000,283896863.4983584,0.003704852771493415,-0.003711732736617977
A,B0 ㎡단가,"㎡당 500만원(법정동 12219건, 기준일 시점보정) × 67.07㎡",335640811.6002355,176087783.2549296,639764737.3899292,0.45,"㎡당 500만원(법정동 12219건, 기준일 시점보정) × 67.07㎡",㎡단가,법정동,12219,법정동,,0.5033231397301925,,,1150010300103790020,11500,67.07,[],화곡동,A,False,67.07,2026-06-16,280000000,283896863.4983584,0.18226319045675646,0.1674305595587003
A,B0 ㎡단가,"㎡당 500만원(법정동 12219건, 기준일 시점보정) × 42.04㎡",210382282.98306137,110373198.27101915,401009535.7070623,0.45,"㎡당 500만원(법정동 12219건, 기준일 시점보정) × 42.04㎡",㎡단가,법정동,12219,법정동,,0.5033231397301925,,,1150010300103770016,11500,42.04,[],화곡동,A,False,42.04,2026-06-16,290000000,294036037.1947284,0.28450170601458097,-0.3347760643554635
A,B0 ㎡단가,"㎡당 500만원(법정동 12219건, 기준일 시점보정) × 32.66㎡",163441611.85125524,85746637.8575518,311535952.3356952,0.45,"㎡당 500만원(법정동 12219건, 기준일 시점보정) × 32.66㎡",㎡단가,법정동,12219,법정동,,0.5033231397301925,,,1150010300100560429,11500,32.66,[],화곡동,A,False,32.66,2026-06-16,80000000,81113389.57095954,1.0149769688551038,0.7006077654847412
A,B0 ㎡단가,"㎡당 500만원(법정동 12219건, 기준일 시점보정) × 23.59㎡",118052284.86133255,61933961.63685401,225019385.04589924,0.45,"㎡당 500만원(법정동 12219건, 기준일 시점보정) × 23.59㎡",㎡단가,법정동,12219,법정동,,0.5033231397301925,,,1150010300103790035,11500,23.59,[],화곡동,A,False,23.59,2026-06-16,199000000,201769556.55776188,0.41491527822465646,-0.5359986186886023
A,B0 ㎡단가,"㎡당 500만원(법정동 12219건, 기준일 시점보정) × 29.37㎡",146977346.60353237,77108963.68267901,280153426.82484293,0.45,"㎡당 500만원(법정동 12219건, 기준일 시점보정) × 29.37㎡",㎡단가,법정동,12219,법정동,,0.5033231397301925,,,1150010300103570009,11500,29.37,[],화곡동,A,False,29.37,2026-06-17,197000000,199741721.81848788,0.26416301378889834,-0.3067466709111557
A,B0 ㎡단가,"㎡당 598만원(법정동 3454건, 기준일 시점보정) × 99.6㎡",595600890.306676,362224377.19976395,979338892.8610636,0.45,"㎡당 598만원(법정동 3454건, 기준일 시점보정) × 99.6㎡",㎡단가,법정동,3454,법정동,,0.38803600911655123,,,1162010100116260051,11620,99.6,[],봉천동,A,False,99.6,2026-06-17,600000000,609001117.2050688,0.022003616282169382,-0.022249306584186033
A,B0 ㎡단가,"㎡당 645만원(법정동 5402건, 기준일 시점보정) × 38.11㎡",245983209.91437104,124285902.09811732,486843145.830086,0.45,"㎡당 645만원(법정동 5402건, 기준일 시점보정) × 38.11㎡",㎡단가,법정동,5402,법정동,,0.5326768941136113,,,1162010200116570045,11620,38.11,[],신림동,A,False,38.11,2026-06-17,430000000,436450800.66363263,0.43640105702556076,-0.5734123744483003
A,B0 ㎡단가,"㎡당 1,447만원(법정동 941건, 기준일 시점보정) × 17.61㎡",254832544.81957045,173290694.97831818,374743871.3160191,0.45,"㎡당 1,447만원(법정동 941건, 기준일 시점보정) × 17.61㎡",㎡단가,법정동,941,법정동,,0.30090210699592573,,,1168010800101490018,11680,17.61,[],논현동,A,False,17.61,2026-06-17,220000000,226412095.74879262,0.1255253124917439,0.11824987110886068
A,B0 ㎡단가,"㎡당 1,447만원(법정동 941건, 기준일 시점보정) × 53.07㎡",767970650.4017361,522233797.98406154,1129338855.8058538,0.45,"㎡당 1,447만원(법정동 941건, 기준일 시점보정) × 53.07㎡",㎡단가,법정동,941,법정동,,0.30090210699592573,,,1168010800101960002,11680,53.07,[],논현동,A,False,53.07,2026-06-18,504000000,518689528.4426886,0.48059794595716676,0.3924460237215401
A,B0 ㎡단가,"㎡당 500만원(법정동 12219건, 기준일 시점보정) × 57.42㎡",287348969.7642099,150752355.9638896,547715688.3991323,0.45,"㎡당 500만원(법정동 12219건, 기준일 시점보정) × 57.42㎡",㎡단가,법정동,12219,법정동,,0.5033231397301925,,,1150010300100700061,11500,57.42,[],화곡동,A,False,57.42,2026-06-18,285000000,288966450.3465434,0.005597468427195199,-0.005613192959426613
A,B0 ㎡단가,"㎡당 500만원(법정동 12219건, 기준일 시점보정) × 59.46㎡",297557815.084986,156108239.0388865,567174761.9681705,0.45,"㎡당 500만원(법정동 12219건, 기준일 시점보정) × 59.46㎡",㎡단가,법정동,12219,법정동,,0.5033231397301925,,,1150010300110200014,11500,59.46,[],화곡동,A,False,59.46,2026-06-18,150000000,152087605.44554916,0.9564895785772528,0.6711518360900002
A,B0 ㎡단가,"㎡당 1,447만원(법정동 941건, 기준일 시점보정) × 19.85㎡",287247360.28781736,195333350.10332817,422411461.9888112,0.45,"㎡당 1,447만원(법정동 941건, 기준일 시점보정) × 19.85㎡",㎡단가,법정동,941,법정동,,0.30090210699592573,,,1168010800101560022,11680,19.85,[],논현동,A,False,19.85,2026-06-18,445000000,457969920.94642144,0.37278116498523745,-0.4664597800799354
A,B0 ㎡단가,"㎡당 500만원(법정동 12219건, 기준일 시점보정) × 41.58㎡",208080288.4499449,109165499.14626479,396621705.3924747,0.45,"㎡당 500만원(법정동 12219건, 기준일 시점보정) × 41.58㎡",㎡단가,법정동,12219,법정동,,0.5033231397301925,,,1150010300101050055,11500,41.58,[],화곡동,A,False,41.58,2026-06-19,194000000,196699969.7095769,0.05785623026363854,0.05624443598284368
A,B0 ㎡단가,"㎡당 500만원(법정동 12219건, 기준일 시점보정) × 55.58㎡",278140991.63174456,145921559.46487248,530164367.1407827,0.45,"㎡당 500만원(법정동 12219건, 기준일 시점보정) × 55.58㎡",㎡단가,법정동,12219,법정동,,0.5033231397301925,,,1150010300104620001,11500,55.58,[],화곡동,A,False,55.58,2026-06-19,173000000,175407704.9472,0.5856828621950707,0.4610151424328839
A,B0 ㎡단가,"㎡당 645만원(법정동 5402건, 기준일 시점보정) × 37.8㎡",243982296.8974869,123274917.32639295,482882994.28961563,0.45,"㎡당 645만원(법정동 5402건, 기준일 시점보정) × 37.8㎡",㎡단가,법정동,5402,법정동,,0.5326768941136113,,,1162010200100880088,11620,37.8,[],신림동,A,False,37.8,2026-06-20,465000000,471975865.83392835,0.48306192210400933,-0.6598321836082753
A,B0 ㎡단가,"㎡당 1,674만원(법정동 192건, 기준일 시점보정) × 29.41㎡",492274469.42781264,311834711.1397511,777123728.0311317,0.45,"㎡당 1,674만원(법정동 192건, 기준일 시점보정) × 29.41㎡",㎡단가,법정동,192,법정동,,0.35624465526808885,,,1168010600109270001,11680,29.41,[],대치동,A,False,29.41,2026-06-20,378000000,389017146.3320164,0.26543129028988527,0.23541300501294882
A,B0 ㎡단가,"㎡당 500만원(법정동 12219건, 기준일 시점보정) × 47.06㎡",235504049.409678,123552871.32811984,448894118.705384,0.45,"㎡당 500만원(법정동 12219건, 기준일 시점보정) × 47.06㎡",㎡단가,법정동,12219,법정동,,0.5033231397301925,,,1150010300104510004,11500,47.06,[],화곡동,A,False,47.06,2026-06-20,255000000,258548929.25743353,0.0891316004051599,-0.09335684924290419
A,B0 ㎡단가,"㎡당 598만원(법정동 3454건, 기준일 시점보정) × 73.59㎡",440062946.96454126,267631444.961151,723589850.6590934,0.45,"㎡당 598만원(법정동 3454건, 기준일 시점보정) × 73.59㎡",㎡단가,법정동,3454,법정동,,0.38803600911655123,,,1162010100101800281,11620,73.59,[],봉천동,A,False,73.59,2026-06-20,400000000,406000744.8033792,0.08389689574992763,0.08056278387193391
A,B0 ㎡단가,"㎡당 1,447만원(법정동 941건, 기준일 시점보정) × 21.84㎡",316044450.8154121,214915887.4688507,464759009.0597297,0.45,"㎡당 1,447만원(법정동 941건, 기준일 시점보정) × 21.84㎡",㎡단가,법정동,941,법정동,,0.30090210699592573,,,1168010800101880012,11680,21.84,[],논현동,A,False,21.84,2026-06-21,300000000,308743766.9301718,0.023646417085050022,0.02337117117360856
A,B0 ㎡단가,"㎡당 645만원(법정동 5402건, 기준일 시점보정) × 52.52㎡",338993392.4088896,171280387.77730596,670926319.0500171,0.45,"㎡당 645만원(법정동 5402건, 기준일 시점보정) × 52.52㎡",㎡단가,법정동,5402,법정동,,0.5326768941136113,,,1162010200100870092,11620,52.52,[],신림동,A,False,52.52,2026-06-22,380000000,385700707.56321025,0.12109730223055416,-0.1290810839322959
A,B0 ㎡단가,"㎡당 500만원(법정동 12219건, 기준일 시점보정) × 62.55㎡",313021213.144398,164220826.63777944,596649535.1683336,0.45,"㎡당 500만원(법정동 12219건, 기준일 시점보정) × 62.55㎡",㎡단가,법정동,12219,법정동,,0.5033231397301925,,,1150010300100460145,11500,62.55,[],화곡동,A,False,62.55,2026-06-22,220000000,223061821.32013875,0.4032935411889663,0.33882200317686456
A,B0 ㎡단가,"㎡당 500만원(법정동 12219건, 기준일 시점보정) × 29.08㎡",145526089.18048117,76347588.14750804,277387185.97434294,0.45,"㎡당 500만원(법정동 12219건, 기준일 시점보정) × 29.08㎡",㎡단가,법정동,12219,법정동,,0.5033231397301925,,,1150010300103700030,11500,29.08,[],화곡동,A,False,29.08,2026-06-25,206000000,208866978.14522082,0.3032594693867791,-0.3613422035079559
A,B0 ㎡단가,"㎡당 598만원(법정동 3454건, 기준일 시점보정) × 34.94㎡",208938705.89673984,127069475.2947768,343555230.0860001,0.45,"㎡당 598만원(법정동 3454건, 기준일 시점보정) × 34.94㎡",㎡단가,법정동,3454,법정동,,0.38803600911655123,,,1162010100106350403,11620,34.94,[],봉천동,A,False,34.94,2026-06-25,165000000,167475307.23139393,0.24757917660098744,0.22120501484673896
A,B0 ㎡단가,"㎡당 645만원(법정동 5402건, 기준일 시점보정) × 28.9㎡",186536729.6385551,94249870.65430588,369188321.0309501,0.45,"㎡당 645만원(법정동 5402건, 기준일 시점보정) × 28.9㎡",㎡단가,법정동,5402,법정동,,0.5326768941136113,,,1162010200100920231,11620,28.9,[],신림동,A,False,28.9,2026-06-25,218000000,221270405.91784167,0.1569738896406385,-0.1707573483171619
A,B0 ㎡단가,"㎡당 645만원(법정동 5402건, 기준일 시점보정) × 99.52㎡",642357624.0010023,324558724.1355191,1271336391.3148818,0.45,"㎡당 645만원(법정동 5402건, 기준일 시점보정) × 99.52㎡",㎡단가,법정동,5402,법정동,,0.5326768941136113,,,1162010200105220002,11620,99.52,[],신림동,A,False,99.52,2026-06-25,407000000,413105757.83743834,0.5549471577536741,0.4414415629018129
A,B0 ㎡단가,"㎡당 1,589만원(법정동 1029건, 기준일 시점보정) × 70.4㎡",1118470186.6991978,785854360.1559005,1591866918.301205,0.45,"㎡당 1,589만원(법정동 1029건, 기준일 시점보정) × 70.4㎡",㎡단가,법정동,1029,법정동,,0.2753945404339587,,,1168010100107400008,11680,70.4,[],역삼동,A,False,70.4,2026-06-25,928930000,956004491.3814815,0.16994239753303247,0.15695451471993688
A,B0 ㎡단가,"㎡당 1,392만원(법정동 905건, 기준일 시점보정) × 42.84㎡",596166551.4680908,384250415.21535724,924955557.6671529,0.45,"㎡당 1,392만원(법정동 905건, 기준일 시점보정) × 42.84㎡",㎡단가,법정동,905,법정동,,0.34271661500793776,,,1168010300111640029,11680,42.84,[],개포동,A,False,42.84,2026-06-25,700000000,720402122.8370675,0.17245308894942682,-0.18928948324641445
A,B0 ㎡단가,"㎡당 1,447만원(법정동 941건, 기준일 시점보정) × 23.19㎡",335580165.49493605,228200523.3700845,493487244.50985014,0.45,"㎡당 1,447만원(법정동 941건, 기준일 시점보정) × 23.19㎡",㎡단가,법정동,941,법정동,,0.30090210699592573,,,1168010800102700002,11680,23.19,[],논현동,A,False,23.19,2026-06-26,330000000,339618143.6231889,0.011889759731838877,-0.011961008239980742
A,B0 ㎡단가,"㎡당 645만원(법정동 5402건, 기준일 시점보정) × 37.44㎡",241658655.9746535,122100870.49471292,478284108.6297142,0.45,"㎡당 645만원(법정동 5402건, 기준일 시점보정) × 37.44㎡",㎡단가,법정동,5402,법정동,,0.5326768941136113,,,1162010200116270013,11620,37.44,[],신림동,A,False,37.44,2026-06-26,430000000,436450800.66363263,0.4463095139080821,-0.5911494377246787
A,B0 ㎡단가,"㎡당 500만원(법정동 12219건, 기준일 시점보정) × 68.77㎡",344148182.7008832,180551019.15076083,655980632.0307963,0.45,"㎡당 500만원(법정동 12219건, 기준일 시점보정) × 68.77㎡",㎡단가,법정동,12219,법정동,,0.5033231397301925,,,1150010300101050079,11500,68.77,[],화곡동,A,False,68.77,2026-06-26,290000000,294036037.1947284,0.17042858414313194,0.1573699929675308
A,B0 ㎡단가,"㎡당 500만원(법정동 12219건, 기준일 시점보정) × 65.55㎡",328034220.96906894,172097125.2774809,625265819.8286847,0.45,"㎡당 500만원(법정동 12219건, 기준일 시점보정) × 65.55㎡",㎡단가,법정동,12219,법정동,,0.5033231397301925,,,1150010300108570016,11500,65.55,[],화곡동,A,False,65.55,2026-06-26,515000000,522167445.36305207,0.3717834693026609,-0.4648703778377225
A,B0 ㎡단가,"㎡당 500만원(법정동 12219건, 기준일 시점보정) × 49.67㎡",248565366.2171419,130405251.14466017,473790286.3598896,0.45,"㎡당 500만원(법정동 12219건, 기준일 시점보정) × 49.67㎡",㎡단가,법정동,12219,법정동,,0.5033231397301925,,,1150010300109600003,11500,49.67,[],화곡동,A,False,49.67,2026-06-27,180000000,182505126.53465897,0.3619637482892166,0.3089275908453535
A,B0 ㎡단가,"㎡당 598만원(법정동 3454건, 기준일 시점보정) × 50.86㎡",304139169.4879281,184967186.99176762,500092129.4268459,0.45,"㎡당 598만원(법정동 3454건, 기준일 시점보정) × 50.86㎡",㎡단가,법정동,3454,법정동,,0.38803600911655123,,,1162010100201330015,11620,50.86,[],봉천동,A,False,50.86,2026-06-27,176000000,178640327.71348685,0.7025224560476802,0.5321109489972328
A,B0 ㎡단가,"㎡당 645만원(법정동 5402건, 기준일 시점보정) × 79.39㎡",512427369.0659122,258909938.79741624,1014182034.8320787,0.45,"㎡당 645만원(법정동 5402건, 기준일 시점보정) × 79.39㎡",㎡단가,법정동,5402,법정동,,0.5326768941136113,,,1162010200102540301,11620,79.39,[],신림동,A,False,79.39,2026-06-27,720000000,730801340.6460825,0.2988144102022467,-0.35498267691954016
A,B0 ㎡단가,"㎡당 645만원(법정동 5402건, 기준일 시점보정) × 36.1㎡",233009548.0952188,117730807.28790429,461166034.22897124,0.45,"㎡당 645만원(법정동 5402건, 기준일 시점보정) × 36.1㎡",㎡단가,법정동,5402,법정동,,0.5326768941136113,,,1162010200104120114,11620,36.1,[],신림동,A,False,36.1,2026-06-27,360000000,365400670.32304126,0.36231767749845367,-0.4499150467577821
A,B0 ㎡단가,"㎡당 645만원(법정동 5402건, 기준일 시점보정) × 79.54㎡",513395552.78376025,259399124.97728333,1016098237.1903727,0.45,"㎡당 645만원(법정동 5402건, 기준일 시점보정) × 79.54㎡",㎡단가,법정동,5402,법정동,,0.5326768941136113,,,1162010200105200017,11620,79.54,[],신림동,A,False,79.54,2026-06-28,450000000,456750837.9038016,0.1240166633079912,0.11690857636871953
A,B0 ㎡단가,"㎡당 500만원(법정동 12219건, 기준일 시점보정) × 26.41㎡",132164512.21652357,69337682.35817353,251918692.62662977,0.45,"㎡당 500만원(법정동 12219건, 기준일 시점보정) × 26.41㎡",㎡단가,법정동,12219,법정동,,0.5033231397301925,,,1150010300101630019,11500,26.41,[],화곡동,A,False,26.41,2026-06-29,250000000,253479342.4092486,0.4785984886960108,-0.6512348789368998
A,B0 ㎡단가,"㎡당 598만원(법정동 3454건, 기준일 시점보정) × 67.69㎡",404781368.1210729,246174378.44028112,665576803.7928246,0.45,"㎡당 598만원(법정동 3454건, 기준일 시점보정) × 67.69㎡",㎡단가,법정동,3454,법정동,,0.38803600911655123,,,1162010100106350482,11620,67.69,[],봉천동,A,False,67.69,2026-06-29,315000000,319725586.53266114,0.26602744719563753,0.2358840037362899
A,B0 ㎡단가,"㎡당 855만원(법정동 493건, 기준일 시점보정) × 43.35㎡",370566694.6393816,237785403.4891098,577494131.9400445,0.45,"㎡당 855만원(법정동 493건, 기준일 시점보정) × 43.35㎡",㎡단가,법정동,493,법정동,,0.3461804308237861,,,1162010300106020140,11620,43.35,[],남현동,A,False,43.35,2026-06-29,380000000,385700707.56321025,0.03923771107251193,-0.04002825864580195
A,B0 ㎡단가,"㎡당 500만원(법정동 12219건, 기준일 시점보정) × 37.56㎡",187962857.96488526,98611258.96906456,358275883.94760334,0.45,"㎡당 500만원(법정동 12219건, 기준일 시점보정) × 37.56㎡",㎡단가,법정동,12219,법정동,,0.5033231397301925,,,1150010300110140011,11500,37.56,[],화곡동,A,False,37.56,2026-07-01,160000000,160702443.60524118,0.16963285528257524,0.15668990066070454
A,B0 ㎡단가,"㎡당 500만원(법정동 12219건, 기준일 시점보정) × 25.96㎡",129912561.04282266,68156237.56221817,247626249.9275766,0.45,"㎡당 500만원(법정동 12219건, 기준일 시점보정) × 25.96㎡",㎡단가,법정동,12219,법정동,,0.5033231397301925,,,1150010300103460075,11500,25.96,[],화곡동,A,False,25.96,2026-07-01,193000000,193847322.59882218,0.329820194051976,-0.4002092355145274
A,B0 ㎡단가,"㎡당 500만원(법정동 12219건, 기준일 시점보정) × 50.77㎡",254070135.7528548,133293227.31255081,484282924.0686854,0.45,"㎡당 500만원(법정동 12219건, 기준일 시점보정) × 50.77㎡",㎡단가,법정동,12219,법정동,,0.5033231397301925,,,1150010300108060001,11500,50.77,[],화곡동,A,False,50.77,2026-07-01,229000000,230005372.41000143,0.1046269619300725,0.0995076869595329
A,B0 ㎡단가,"㎡당 500만원(법정동 12219건, 기준일 시점보정) × 59.97㎡",300110026.41518044,157447209.80763593,572039530.360431,0.45,"㎡당 500만원(법정동 12219건, 기준일 시점보정) × 59.97㎡",㎡단가,법정동,12219,법정동,,0.5033231397301925,,,1150010300105040090,11500,59.97,[],화곡동,A,False,59.97,2026-07-02,200000000,200878054.50655147,0.4939911039679678,0.4014511321868518
A,B0 ㎡단가,"㎡당 500만원(법정동 12219건, 기준일 시점보정) × 37.44㎡",187362337.65189815,98296207.02347636,357131232.56118876,0.45,"㎡당 500만원(법정동 12219건, 기준일 시점보정) × 37.44㎡",㎡단가,법정동,12219,법정동,,0.5033231397301925,,,1150010300105040114,11500,37.44,[],화곡동,A,False,37.44,2026-07-02,150000000,150658540.8799136,0.2436224097061997,0.21802841906760345
A,B0 ㎡단가,"㎡당 1,674만원(법정동 192건, 기준일 시점보정) × 29.85㎡",499639337.3825291,316500038.3380331,788750196.5905896,0.45,"㎡당 1,674만원(법정동 192건, 기준일 시점보정) × 29.85㎡",㎡단가,법정동,192,법정동,,0.35624465526808885,,,1168010600109000057,11680,29.85,[],대치동,A,False,29.85,2026-07-02,350000000,351921451.16333294,0.41974675238150705,0.35047851231479044
A,B0 ㎡단가,"㎡당 1,447만원(법정동 941건, 기준일 시점보정) × 18.25㎡",264093920.66764125,179588596.44260693,388363182.9368172,0.45,"㎡당 1,447만원(법정동 941건, 기준일 시점보정) × 18.25㎡",㎡단가,법정동,941,법정동,,0.30090210699592573,,,1168010800101480008,11680,18.25,[],논현동,A,False,18.25,2026-07-03,395000000,397168494.8843329,0.3350582332957876,-0.408055811026506
A,B0 ㎡단가,"㎡당 1,998만원(법정동 234건, 기준일 시점보정) × 76.25㎡",1523709980.848593,872940988.1679739,2659620910.469692,0.45,"㎡당 1,998만원(법정동 234건, 기준일 시점보정) × 76.25㎡",㎡단가,법정동,234,법정동,,0.43464065223311826,,,1168010500100960007,11680,76.25,[],삼성동,A,False,76.25,2026-07-04,2500000000,2513724651.1666636,0.3938437210529751,-0.5006174401085184
A,B0 ㎡단가,"㎡당 500만원(법정동 12219건, 기준일 시점보정) × 53.94㎡",269933880.687591,141615849.54183564,514520798.193124,0.45,"㎡당 500만원(법정동 12219건, 기준일 시점보정) × 53.94㎡",㎡단가,법정동,12219,법정동,,0.5033231397301925,,,1150010300108180014,11500,53.94,[],화곡동,A,False,53.94,2026-07-06,240000000,241053665.40786177,0.11980823950909042,0.11315745592406272
A,B0 ㎡단가,"㎡당 645만원(법정동 5402건, 기준일 시점보정) × 29.56㎡",190796737.99708238,96402289.84571895,377619611.407435,0.45,"㎡당 645만원(법정동 5402건, 기준일 시점보정) × 29.56㎡",㎡단가,법정동,5402,법정동,,0.5326768941136113,,,1162010200105610001,11620,29.56,[],신림동,A,False,29.56,2026-07-06,320000000,320988116.62572,0.40559563387339964,-0.520195440170504
A,B0 ㎡단가,"㎡당 1,589만원(법정동 1029건, 기준일 시점보정) × 43.17㎡",685857357.3835838,481893930.7944627,976149074.7594163,0.45,"㎡당 1,589만원(법정동 1029건, 기준일 시점보정) × 43.17㎡",㎡단가,법정동,1029,법정동,,0.2753945404339587,,,1168010100108300063,11680,43.17,[],역삼동,A,False,43.17,2026-07-06,440000000,442415538.60533285,0.5502560320229144,0.4384200992403864
A,B0 ㎡단가,"㎡당 1,392만원(법정동 905건, 기준일 시점보정) × 55.92㎡",778189392.11241,501570570.00099856,1207364957.627152,0.45,"㎡당 1,392만원(법정동 905건, 기준일 시점보정) × 55.92㎡",㎡단가,법정동,905,법정동,,0.34271661500793776,,,1168010300112060002,11680,55.92,[],개포동,A,False,55.92,2026-07-07,900000000,904940874.419999,0.1400660373406467,-0.1508996802883059
A,B0 ㎡단가,"㎡당 500만원(법정동 12219건, 기준일 시점보정) × 25.77㎡",128961737.21392682,67657405.31503709,245813885.23242104,0.45,"㎡당 500만원(법정동 12219건, 기준일 시점보정) × 25.77㎡",㎡단가,법정동,12219,법정동,,0.5033231397301925,,,1150010300110380004,11500,25.77,[],화곡동,A,False,25.77,2026-07-07,227000000,227996591.86493593,0.43436989053624486,-0.5698149312626601
A,B0 ㎡단가,"㎡당 598만원(법정동 3454건, 기준일 시점보정) × 47.58㎡",284525003.6224063,173038512.722538,467840808.4571229,0.45,"㎡당 598만원(법정동 3454건, 기준일 시점보정) × 47.58㎡",㎡단가,법정동,3454,법정동,,0.38803600911655123,,,1162010100100410047,11620,47.58,[],봉천동,A,False,47.58,2026-07-07,530000000,531636568.1613488,0.46481295557521823,-0.6251389774402194
A,B0 ㎡단가,"㎡당 645만원(법정동 5402건, 기준일 시점보정) × 43.62㎡",281547825.14995754,142255341.10521874,557231645.791351,0.45,"㎡당 645만원(법정동 5402건, 기준일 시점보정) × 43.62㎡",㎡단가,법정동,5402,법정동,,0.5326768941136113,,,1162010200104120055,11620,43.62,[],신림동,A,False,43.62,2026-07-07,320000000,320988116.62572,0.12287150032333075,-0.13110177547702068
A,B0 ㎡단가,"㎡당 598만원(법정동 3454건, 기준일 시점보정) × 57.6㎡",344443888.37012696,209479157.89865932,566364660.9317012,0.45,"㎡당 598만원(법정동 3454건, 기준일 시점보정) × 57.6㎡",㎡단가,법정동,3454,법정동,,0.38803600911655123,,,1162010100101000016,11620,57.6,[],봉천동,A,False,57.6,2026-07-08,320000000,320988116.62572,0.07307364518966582,0.07052709613921228
A,B0 ㎡단가,"㎡당 500만원(법정동 12219건, 기준일 시점보정) × 24.79㎡",124057487.99120109,65084481.09273467,236465898.91003996,0.45,"㎡당 500만원(법정동 12219건, 기준일 시점보정) × 24.79㎡",㎡단가,법정동,12219,법정동,,0.5033231397301925,,,1150010300103540006,11500,24.79,[],화곡동,A,False,24.79,2026-07-09,198000000,198869273.96148595,0.37618574493701473,-0.47190262309296516
A,B0 ㎡단가,"㎡당 598만원(법정동 3454건, 기준일 시점보정) × 45.44㎡",271727956.3808777,165255780.12005332,446798788.0683417,0.45,"㎡당 598만원(법정동 3454건, 기준일 시점보정) × 45.44㎡",㎡단가,법정동,3454,법정동,,0.38803600911655123,,,1162010100106490073,11620,45.44,[],봉천동,A,False,45.44,2026-07-09,235000000,235725648.14701316,0.1527297030122545,0.14213278449987488
A,B0 ㎡단가,"㎡당 500만원(법정동 12219건, 기준일 시점보정) × 48.02㎡",240308211.91357282,126073286.89282435,458051329.7966965,0.45,"㎡당 500만원(법정동 12219건, 기준일 시점보정) × 48.02㎡",㎡단가,법정동,12219,법정동,,0.5033231397301925,,,1150010300105040067,11500,48.02,[],화곡동,A,False,48.02,2026-07-10,175000000,175768297.69323254,0.3671874568244465,0.31275567842406293
A,B0 ㎡단가,"㎡당 598만원(법정동 3454건, 기준일 시점보정) × 62.61㎡",374403330.7439868,227699480.4867197,615626587.1689895,0.45,"㎡당 598만원(법정동 3454건, 기준일 시점보정) × 62.61㎡",㎡단가,법정동,3454,법정동,,0.38803600911655123,,,1162010100106350262,11620,62.61,[],봉천동,A,False,62.61,2026-07-10,325000000,326003555.9479969,0.148463947441452,0.13842535165861997
A,B0 ㎡단가,"㎡당 500만원(법정동 12219건, 기준일 시점보정) × 44.34㎡",221892255.64864227,116411693.89479016,422948687.27999777,0.45,"㎡당 500만원(법정동 12219건, 기준일 시점보정) × 44.34㎡",㎡단가,법정동,12219,법정동,,0.5033231397301925,,,1150010300104100191,11500,44.34,[],화곡동,A,False,44.34,2026-07-11,187000000,187820980.96362564,0.18140292160232646,0.16670264888804703
A,B0 ㎡단가,"㎡당 500만원(법정동 12219건, 기준일 시점보정) × 29.73㎡",148778907.54249322,78054119.51944338,283587380.98408574,0.45,"㎡당 500만원(법정동 12219건, 기준일 시점보정) × 29.73㎡",㎡단가,법정동,12219,법정동,,0.5033231397301925,,,1150010300108130013,11500,29.73,[],화곡동,A,False,29.73,2026-07-11,194000000,194851712.87135494,0.2364506046671497,-0.2697774604988514
A,B0 ㎡단가,"㎡당 598만원(법정동 3454건, 기준일 시점보정) × 45.27㎡",270711368.51589644,164637525.66097742,445127225.70100856,0.45,"㎡당 598만원(법정동 3454건, 기준일 시점보정) × 45.27㎡",㎡단가,법정동,3454,법정동,,0.38803600911655123,,,1162010100116480022,11620,45.27,[],봉천동,A,False,45.27,2026-07-11,262500000,263310564.41953596,0.028106749581717057,0.02771900364732691
A,B0 ㎡단가,"㎡당 500만원(법정동 12219건, 기준일 시점보정) × 57.95㎡",290001267.81323534,152143835.39023697,552771232.0224613,0.45,"㎡당 500만원(법정동 12219건, 기준일 시점보정) × 57.95㎡",㎡단가,법정동,12219,법정동,,0.5033231397301925,,,1150010300110370004,11500,57.95,[],화곡동,A,False,57.95,2026-07-13,417000000,418830743.6461598,0.3075931692869311,-0.36758159045856975
A,B0 ㎡단가,"㎡당 598만원(법정동 3454건, 기준일 시점보정) × 50.19㎡",300132617.31417763,182530537.06482095,493504207.15559053,0.45,"㎡당 598만원(법정동 3454건, 기준일 시점보정) × 50.19㎡",㎡단가,법정동,3454,법정동,,0.38803600911655123,,,1162010100116440046,11620,50.19,[],봉천동,A,False,50.19,2026-07-13,240000000,240741087.46929002,0.2467029225016019,0.22050240455598763
A,B0 ㎡단가,"㎡당 1,447만원(법정동 941건, 기준일 시점보정) × 77.49㎡",1121350022.6046853,762538100.7308275,1649000714.8369286,0.45,"㎡당 1,447만원(법정동 941건, 기준일 시점보정) × 77.49㎡",㎡단가,법정동,941,법정동,,0.30090210699592573,,,1168010800102690000,11680,77.49,[],논현동,A,False,77.49,2026-07-13,920000000,925050671.6293323,0.2122038900091844,0.19244009957888764
A,B0 ㎡단가,"㎡당 1,589만원(법정동 1029건, 기준일 시점보정) × 55.83㎡",886991342.6621617,623213763.1747713,1262413779.101651,0.45,"㎡당 1,589만원(법정동 1029건, 기준일 시점보정) × 55.83㎡",㎡단가,법정동,1029,법정동,,0.2753945404339587,,,1168010100107290009,11680,55.83,[],역삼동,A,False,55.83,2026-07-14,660000000,663623307.9079993,0.33658859189003776,0.2901205408871059
A,B0 ㎡단가,"㎡당 645만원(법정동 5402건, 기준일 시점보정) × 39.9㎡",257536868.9473475,130123523.844526,509709827.30570585,0.45,"㎡당 645만원(법정동 5402건, 기준일 시점보정) × 39.9㎡",㎡단가,법정동,5402,법정동,,0.5326768941136113,,,1162010200104090184,11620,39.9,[],신림동,A,False,39.9,2026-07-14,375000000,376157949.1707657,0.3153491252409168,-0.37884624253132543
A,B0 ㎡단가,"㎡당 500만원(법정동 12219건, 기준일 시점보정) × 30㎡",150130078.2467133,78762986.39701635,286162846.60351676,0.45,"㎡당 500만원(법정동 12219건, 기준일 시점보정) × 30㎡",㎡단가,법정동,12219,법정동,,0.5033231397301925,,,1150010300103420083,11500,30.0,[],화곡동,A,False,30.0,2026-07-14,123650000,124192857.19867545,0.20884631880676696,0.18966644924919832
A,B0 ㎡단가,"㎡당 500만원(법정동 12219건, 기준일 시점보정) × 33.43㎡",167294950.52625456,87768221.1750754,318880798.7318528,0.45,"㎡당 500만원(법정동 12219건, 기준일 시점보정) × 33.43㎡",㎡단가,법정동,12219,법정동,,0.5033231397301925,,,1150010300100800055,11500,33.43,[],화곡동,A,False,33.43,2026-07-15,230000000,231009762.6825342,0.2758100411705971,-0.3227015469367177
A,B0 ㎡단가,"㎡당 500만원(법정동 12219건, 기준일 시점보정) × 62.02㎡",310368915.09537286,162829347.21143225,591593991.5450053,0.45,"㎡당 500만원(법정동 12219건, 기준일 시점보정) × 62.02㎡",㎡단가,법정동,12219,법정동,,0.5033231397301925,,,1150010300108180010,11500,62.02,[],화곡동,A,False,62.02,2026-07-15,250000000,251097568.13318935,0.23604906810863371,0.21192005736452757
A,B0 ㎡단가,"㎡당 645만원(법정동 5402건, 기준일 시점보정) × 35.39㎡",228426811.83074287,115415326.03653587,452096009.7330565,0.45,"㎡당 645만원(법정동 5402건, 기준일 시점보정) × 35.39㎡",㎡단가,법정동,5402,법정동,,0.5326768941136113,,,1162010200104640001,11620,35.39,[],신림동,A,False,35.39,2026-07-15,280000000,280864602.047505,0.18670131385190686,-0.20665684926860836
A,B0 ㎡단가,"㎡당 598만원(법정동 3454건, 기준일 시점보정) × 45.13㎡",269874178.5094414,164128374.9299738,443750644.9279108,0.45,"㎡당 598만원(법정동 3454건, 기준일 시점보정) × 45.13㎡",㎡단가,법정동,3454,법정동,,0.38803600911655123,,,1162010100106370006,11620,45.13,[],봉천동,A,False,45.13,2026-07-16,300000000,300926359.3366125,0.10318863689982226,-0.10890973658615276
A,B0 ㎡단가,"㎡당 1,447만원(법정동 941건, 기준일 시점보정) × 27.43㎡",396936780.4884042,269924120.5709969,583715183.9976363,0.45,"㎡당 1,447만원(법정동 941건, 기준일 시점보정) × 27.43㎡",㎡단가,법정동,941,법정동,,0.30090210699592573,,,1168010800101490011,11680,27.43,[],논현동,A,False,27.43,2026-07-17,500000000,502744930.23333275,0.21046089852327524,-0.2363059196265675
A,B0 ㎡단가,"㎡당 645만원(법정동 5402건, 기준일 시점보정) × 31.66㎡",204351310.04694286,103250896.36385192,404446444.42352486,0.45,"㎡당 645만원(법정동 5402건, 기준일 시점보정) × 31.66㎡",㎡단가,법정동,5402,법정동,,0.5326768941136113,,,1162010200106100368,11620,31.66,[],신림동,A,False,31.66,2026-07-17,415000000,416281463.7489807,0.5091030280171988,-0.7115210062345646
A,B0 ㎡단가,"㎡당 645만원(법정동 5402건, 기준일 시점보정) × 51.76㎡",334087928.2384642,168801844.46598178,661217560.4346707,0.45,"㎡당 645만원(법정동 5402건, 기준일 시점보정) × 51.76㎡",㎡단가,법정동,5402,법정동,,0.5326768941136113,,,1162010200105970065,11620,51.76,[],신림동,A,False,51.76,2026-07-17,120000000,120370543.73464501,1.7754957140922767,1.020829366953868
A,B0 ㎡단가,"㎡당 598만원(법정동 3454건, 기준일 시점보정) × 41.76㎡",249721819.06834185,151872389.4765279,410614379.17548305,0.45,"㎡당 598만원(법정동 3454건, 기준일 시점보정) × 41.76㎡",㎡단가,법정동,3454,법정동,,0.38803600911655123,,,1162010100106350491,11620,41.76,[],봉천동,A,False,41.76,2026-07-17,351000000,352083840.42383665,0.2907319496182271,-0.3435217556603444
A,B0 ㎡단가,"㎡당 500만원(법정동 12219건, 기준일 시점보정) × 29.84㎡",149329384.49606428,78342917.1362323,284636644.7549648,0.45,"㎡당 500만원(법정동 12219건, 기준일 시점보정) × 29.84㎡",㎡단가,법정동,12219,법정동,,0.5033231397301925,,,1150010300104800014,11500,29.84,[],화곡동,A,False,29.84,2026-07-17,350000000,351536595.3864651,0.5752095615197683,-0.8561593175934303
A,B0 ㎡단가,"㎡당 500만원(법정동 12219건, 기준일 시점보정) × 63.38㎡",317174811.97588986,166399935.92809662,604566707.2576967,0.45,"㎡당 500만원(법정동 12219건, 기준일 시점보정) × 63.38㎡",㎡단가,법정동,12219,법정동,,0.5033231397301925,,,1150010300103510010,11500,63.38,[],화곡동,A,False,63.38,2026-07-17,219000000,219961469.68467388,0.4419562318372228,0.3660006860007427
A,B0 ㎡단가,"㎡당 500만원(법정동 12219건, 기준일 시점보정) × 67.96㎡",340094670.5882223,178424418.51804158,648254235.172502,0.45,"㎡당 500만원(법정동 12219건, 기준일 시점보정) × 67.96㎡",㎡단가,법정동,12219,법정동,,0.5033231397301925,,,1150010300100990015,11500,67.96,[],화곡동,A,False,67.96,2026-07-17,296000000,297299520.66969615,0.14394624593449032,0.13448390403414245
A,B0 ㎡단가,"㎡당 645만원(법정동 5402건, 기준일 시점보정) × 52.38㎡",338089754.272232,170823814.00943032,669137863.5156106,0.45,"㎡당 645만원(법정동 5402건, 기준일 시점보정) × 52.38㎡",㎡단가,법정동,5402,법정동,,0.5326768941136113,,,1162010200106670013,11620,52.38,[],신림동,A,False,52.38,2026-07-18,270000000,270833723.4029513,0.2483296024742678,0.22180633962445842
A,B0 ㎡단가,"㎡당 1,589만원(법정동 1029건, 기준일 시점보정) × 28.71㎡",456126123.0132656,320481231.2510775,649183227.6197087,0.45,"㎡당 1,589만원(법정동 1029건, 기준일 시점보정) × 28.71㎡",㎡단가,법정동,1029,법정동,,0.2753945404339587,,,1168010100106900040,11680,28.71,[],역삼동,A,False,28.71,2026-07-20,360000000,361976349.7679996,0.2600992393718793,0.23119047926812333
A,B0 ㎡단가,"㎡당 645만원(법정동 5402건, 기준일 시점보정) × 62.04㎡",400440785.7015892,202327403.99284157,792541295.3896224,0.45,"㎡당 645만원(법정동 5402건, 기준일 시점보정) × 62.04㎡",㎡단가,법정동,5402,법정동,,0.5326768941136113,,,1162010200105980122,11620,62.04,[],신림동,A,False,62.04,2026-07-20,328000000,329012819.54136306,0.21709782086848545,0.1964691894674603
A,B0 ㎡단가,"㎡당 500만원(법정동 12219건, 기준일 시점보정) × 49.56㎡",248014889.26357082,130116453.52787122,472741022.5890105,0.45,"㎡당 500만원(법정동 12219건, 기준일 시점보정) × 49.56㎡",㎡단가,법정동,12219,법정동,,0.5033231397301925,,,1150010300100510026,11500,49.56,[],화곡동,A,False,49.56,2026-07-20,156000000,156684882.51511014,0.5828897164961216,0.45925211106587477
A,B0 ㎡단가,"㎡당 598만원(법정동 3454건, 기준일 시점보정) × 39.67㎡",237223768.257689,144271496.4208296,390063994.77709204,0.45,"㎡당 598만원(법정동 3454건, 기준일 시점보정) × 39.67㎡",㎡단가,법정동,3454,법정동,,0.38803600911655123,,,1162010100100430006,11620,39.67,[],봉천동,A,False,39.67,2026-07-21,475000000,476466735.6163032,0.5021189297698961,-0.6973940452772672
A,B0 ㎡단가,"㎡당 598만원(법정동 3454건, 기준일 시점보정) × 67.62㎡",404362773.11784667,245919803.07478008,664888513.4062779,0.45,"㎡당 598만원(법정동 3454건, 기준일 시점보정) × 67.62㎡",㎡단가,법정동,3454,법정동,,0.38803600911655123,,,1162010100101800206,11620,67.62,[],봉천동,A,False,67.62,2026-07-21,345000000,346065313.2371044,0.1684579692065241,0.15568490447951824
A,B0 ㎡단가,"㎡당 855만원(법정동 493건, 기준일 시점보정) × 49.77㎡",425446468.1015473,273000681.2376708,663019214.4557346,0.45,"㎡당 855만원(법정동 493건, 기준일 시점보정) × 49.77㎡",㎡단가,법정동,493,법정동,,0.3461804308237861,,,1162010300110720052,11620,49.77,[],남현동,A,False,49.77,2026-07-21,410000000,411266024.4267038,0.034479978487429716,0.0338988642099188
A,B0 ㎡단가,"㎡당 598만원(법정동 3454건, 기준일 시점보정) × 69.36㎡",414767848.9123602,252247819.30296832,681997445.8719218,0.45,"㎡당 598만원(법정동 3454건, 기준일 시점보정) × 69.36㎡",㎡단가,법정동,3454,법정동,,0.38803600911655123,,,1162010100101800202,11620,69.36,[],봉천동,A,False,69.36,2026-07-22,310000000,310957237.9811663,0.3338420793970436,0.2880635592242308
A,B0 ㎡단가,"㎡당 500만원(법정동 12219건, 기준일 시점보정) × 33.99㎡",170097378.65352657,89238463.58781971,324222505.2017852,0.45,"㎡당 500만원(법정동 12219건, 기준일 시점보정) × 33.99㎡",㎡단가,법정동,12219,법정동,,0.5033231397301925,,,1150010300110610016,11500,33.99,[],화곡동,A,False,33.99,2026-07-22,115000000,115504881.3412671,0.47264233925285115,0.3870582968992452
A,B0 ㎡단가,"㎡당 500만원(법정동 12219건, 기준일 시점보정) × 29.79㎡",149079167.69898653,78211645.49223734,284159706.6772925,0.45,"㎡당 500만원(법정동 12219건, 기준일 시점보정) × 29.79㎡",㎡단가,법정동,12219,법정동,,0.5033231397301925,,,1150010300103720030,11500,29.79,[],화곡동,A,False,29.79,2026-07-23,198000000,198869273.96148595,0.25036600813528403,-0.2881702024148747
A,B0 ㎡단가,"㎡당 500만원(법정동 12219건, 기준일 시점보정) × 46.6㎡",233202054.87656194,122345172.20336568,444506288.3907971,0.45,"㎡당 500만원(법정동 12219건, 기준일 시점보정) × 46.6㎡",㎡단가,법정동,12219,법정동,,0.5033231397301925,,,1150010300105040009,11500,46.6,[],화곡동,A,False,46.6,2026-07-24,350000000,351536595.3864651,0.3366208299873046,-0.41040855179738833
A,B0 ㎡단가,"㎡당 1,392만원(법정동 905건, 기준일 시점보정) × 40.28㎡",560541286.0208828,361288672.38269234,869682769.907395,0.45,"㎡당 1,392만원(법정동 905건, 기준일 시점보정) × 40.28㎡",㎡단가,법정동,905,법정동,,0.34271661500793776,,,1168010300112110001,11680,40.28,[],개포동,A,False,40.28,2026-07-24,899000000,903935384.5595323,0.37988788181577576,-0.47785498151081196
A,B0 ㎡단가,"㎡당 500만원(법정동 12219건, 기준일 시점보정) × 55.68㎡",278641425.2259003,146184102.7528625,531118243.2961278,0.45,"㎡당 500만원(법정동 12219건, 기준일 시점보정) × 55.68㎡",㎡단가,법정동,12219,법정동,,0.5033231397301925,,,1150010300109620015,11500,55.68,[],화곡동,A,False,55.68,2026-07-25,280000000,281229276.30917203,0.00920192633297098,-0.009244525588615665
A,B0 ㎡단가,"㎡당 645만원(법정동 5402건, 기준일 시점보정) × 60.66㎡",391533495.497396,197826891.13806885,774912233.6933364,0.45,"㎡당 645만원(법정동 5402건, 기준일 시점보정) × 60.66㎡",㎡단가,법정동,5402,법정동,,0.5326768941136113,,,1162010200105090033,11620,60.66,[],신림동,A,False,60.66,2026-07-25,380000000,381173388.4930425,0.02717951283354757,0.02681670908327137
A,B0 ㎡단가,"㎡당 1,447만원(법정동 941건, 기준일 시점보정) × 41.16㎡",595622234.2290473,405033787.9220658,875891978.6125696,0.45,"㎡당 1,447만원(법정동 941건, 기준일 시점보정) × 41.16㎡",㎡단가,법정동,941,법정동,,0.30090210699592573,,,1168010800100100014,11680,41.16,[],논현동,A,False,41.16,2026-07-25,298000000,299635978.4190663,0.9878194780602052,0.6870382983065598
A,B0 ㎡단가,"㎡당 500만원(법정동 12219건, 기준일 시점보정) × 40.45㎡",202425388.83598506,106198759.99197699,385842904.83707494,0.45,"㎡당 500만원(법정동 12219건, 기준일 시점보정) × 40.45㎡",㎡단가,법정동,12219,법정동,,0.5033231397301925,,,1150010300104710020,11500,40.45,[],화곡동,A,False,40.45,2026-07-26,230000000,231009762.6825342,0.12373664867935161,-0.13208860386422663
A,B0 ㎡단가,"㎡당 500만원(법정동 12219건, 기준일 시점보정) × 42.98㎡",215086358.76812515,112841105.1781257,409975971.567306,0.45,"㎡당 500만원(법정동 12219건, 기준일 시점보정) × 42.98㎡",㎡단가,법정동,12219,법정동,,0.5033231397301925,,,1150010300100460303,11500,42.98,[],화곡동,A,False,42.98,2026-07-27,165000000,165724394.96790496,0.2978557490572217,0.26071347886825474
A,B0 ㎡단가,"㎡당 598만원(법정동 3454건, 기준일 시점보정) × 28.06㎡",167796797.00808564,102048353.6568813,275906117.80804664,0.45,"㎡당 598만원(법정동 3454건, 기준일 시점보정) × 28.06㎡",㎡단가,법정동,3454,법정동,,0.38803600911655123,,,1162010100100090031,11620,28.06,[],봉천동,A,False,28.06,2026-07-27,820000000,822532048.8534076,0.7959996850676021,-1.589633741352848
A,B0 ㎡단가,"㎡당 598만원(법정동 3454건, 기준일 시점보정) × 55.72㎡",333201622.5691562,202641990.93946618,547879147.692956,0.45,"㎡당 598만원(법정동 3454건, 기준일 시점보정) × 55.72㎡",㎡단가,법정동,3454,법정동,,0.38803600911655123,,,1162010100101800437,11620,55.72,[],봉천동,A,False,55.72,2026-07-27,245000000,245756526.7915669,0.3558200342396358,0.30440646259801285
A,B0 ㎡단가,"㎡당 1,589만원(법정동 1029건, 기준일 시점보정) × 18.5㎡",293916171.2206693,206510023.6205132,418317300.97403735,0.45,"㎡당 1,589만원(법정동 1029건, 기준일 시점보정) × 18.5㎡",㎡단가,법정동,1029,법정동,,0.2753945404339587,,,1168010100106850023,11680,18.5,[],역삼동,A,False,18.5,2026-07-27,340000000,341866552.5586663,0.1402605226487268,-0.15112586894062124
A,B0 ㎡단가,"㎡당 500만원(법정동 12219건, 기준일 시점보정) × 43.32㎡",216787832.98825404,113733752.3572916,413219150.49547815,0.45,"㎡당 500만원(법정동 12219건, 기준일 시점보정) × 43.32㎡",㎡단가,법정동,12219,법정동,,0.5033231397301925,,,1150010300101110024,11500,43.32,[],화곡동,A,False,43.32,2026-07-28,136000000,136597077.064455,0.587060555373085,0.46188359795120626
A,B0 ㎡단가,"㎡당 500만원(법정동 12219건, 기준일 시점보정) × 57.99㎡",290201441.2508974,152248852.7054329,553152782.484599,0.45,"㎡당 500만원(법정동 12219건, 기준일 시점보정) × 57.99㎡",㎡단가,법정동,12219,법정동,,0.5033231397301925,,,1150010300104750016,11500,57.99,[],화곡동,A,False,57.99,2026-07-29,205000000,205900005.86921525,0.4094290091241145,0.3431846643044113
A,B0 ㎡단가,"㎡당 500만원(법정동 12219건, 기준일 시점보정) × 75.66㎡",378628057.3382116,198640251.69327554,721702699.1340704,0.45,"㎡당 500만원(법정동 12219건, 기준일 시점보정) × 75.66㎡",㎡단가,법정동,12219,법정동,,0.5033231397301925,,,1150010300107730013,11500,75.66,[],화곡동,A,False,75.66,2026-07-29,309000000,310356594.21262205,0.21997748524981392,0.19883240386160764
A,B0 ㎡단가,"㎡당 645만원(법정동 5402건, 기준일 시점보정) × 29.63㎡",191248557.06541142,96630576.72965689,378513839.1746386,0.45,"㎡당 645만원(법정동 5402건, 기준일 시점보정) × 29.63㎡",㎡단가,법정동,5402,법정동,,0.5326768941136113,,,1162010200106100225,11620,29.63,[],신림동,A,False,29.63,2026-07-29,247000000,247762702.52047765,0.22809787300570522,-0.2588975154992344
A,B0 ㎡단가,"㎡당 500만원(법정동 12219건, 기준일 시점보정) × 83.57㎡",418212354.63592815,219407425.77328876,797154303.0218639,0.45,"㎡당 500만원(법정동 12219건, 기준일 시점보정) × 83.57㎡",㎡단가,법정동,12219,법정동,,0.5033231397301925,,,1150010300108050009,11500,83.57,[],화곡동,A,False,83.57,2026-07-30,350000000,351536595.3864651,0.18966946862576983,0.17367551108435478
A,B0 ㎡단가,"㎡당 598만원(법정동 3454건, 기준일 시점보정) × 70.49㎡",421525168.2501772,256357393.06035537,693108419.2547837,0.45,"㎡당 598만원(법정동 3454건, 기준일 시점보정) × 70.49㎡",㎡단가,법정동,3454,법정동,,0.38803600911655123,,,1162010100116070011,11620,70.49,[],봉천동,A,False,70.49,2026-07-30,300000000,300926359.3366125,0.400758541655915,0.3370139053607203
A,B0 ㎡단가,"㎡당 645만원(법정동 5402건, 기준일 시점보정) × 33.12㎡",213774964.90065548,108012308.51455396,423097480.7109019,0.45,"㎡당 645만원(법정동 5402건, 기준일 시점보정) × 33.12㎡",㎡단가,법정동,5402,법정동,,0.5326768941136113,,,1162010200100920203,11620,33.12,[],신림동,A,False,33.12,2026-07-30,158000000,158487882.58394927,0.3488410685745723,0.29924575603336034
A,B0 ㎡단가,"㎡당 500만원(법정동 12219건, 기준일 시점보정) × 20.67㎡",103439623.9119857,54267697.62754437,197166201.30982345,0.45,"㎡당 500만원(법정동 12219건, 기준일 시점보정) × 20.67㎡",㎡단가,법정동,12219,법정동,,0.5033231397301925,,,1150010300104090119,11500,20.67,[],화곡동,A,False,20.67,2026-08-01,68000000,68000000.0,0.5211709398821426,0.4194803934725494
A,B0 ㎡단가,"㎡당 500만원(법정동 12219건, 기준일 시점보정) × 44.36㎡",221992342.36747393,116464202.55238843,423139462.5110677,0.45,"㎡당 500만원(법정동 12219건, 기준일 시점보정) × 44.36㎡",㎡단가,법정동,12219,법정동,,0.5033231397301925,,,1150010300104100027,11500,44.36,[],화곡동,A,False,44.36,2026-08-01,158500000,158500000.0,0.4005826016875327,0.3368882941198104
A,B0 ㎡단가,"㎡당 500만원(법정동 12219건, 기준일 시점보정) × 25.84㎡",129312040.72983597,67841185.6166302,246481598.54116288,0.45,"㎡당 500만원(법정동 12219건, 기준일 시점보정) × 25.84㎡",㎡단가,법정동,12219,법정동,,0.5033231397301925,,,1150010300110160019,11500,25.84,[],화곡동,A,False,25.84,2026-08-01,270000000,270000000.0,0.5210665158154223,-0.7361935551289948
A,B0 ㎡단가,"㎡당 500만원(법정동 12219건, 기준일 시점보정) × 62.56㎡",313071256.5038135,164247080.96657842,596744922.7838682,0.45,"㎡당 500만원(법정동 12219건, 기준일 시점보정) × 62.56㎡",㎡단가,법정동,12219,법정동,,0.5033231397301925,,,1150010300103710002,11500,62.56,[],화곡동,A,False,62.56,2026-08-02,288000000,288000000.0,0.08705297397157467,0.08347034105608898
A,B0 ㎡단가,"㎡당 1,589만원(법정동 1029건, 기준일 시점보정) × 29.69㎡",471695736.4076582,331420681.15097517,671342738.6983339,0.45,"㎡당 1,589만원(법정동 1029건, 기준일 시점보정) × 29.69㎡",㎡단가,법정동,1029,법정동,,0.2753945404339587,,,1168010100107280051,11680,29.69,[],역삼동,A,False,29.69,2026-08-03,380000000,380000000.0,0.2413045694938374,0.21616289874932504
A,B0 ㎡단가,"㎡당 645만원(법정동 5402건, 기준일 시점보정) × 48.48㎡",312916977.60820526,158104973.33289754,619316602.2000147,0.45,"㎡당 645만원(법정동 5402건, 기준일 시점보정) × 48.48㎡",㎡단가,법정동,5402,법정동,,0.5326768941136113,,,1162010200104850030,11620,48.48,[],신림동,A,False,48.48,2026-08-03,495000000,495000000.0,0.3678444896803934,-0.45861985447094306
A,B0 ㎡단가,"㎡당 500만원(법정동 12219건, 기준일 시점보정) × 54.32㎡",271835528.3453821,142613514.0361975,518145527.58343405,0.45,"㎡당 500만원(법정동 12219건, 기준일 시점보정) × 54.32㎡",㎡단가,법정동,12219,법정동,,0.5033231397301925,,,1150010300101560003,11500,54.32,[],화곡동,A,False,54.32,2026-08-03,280000000,280000000.0,0.029158827337921092,-0.02959239496383229
A,B0 ㎡단가,"㎡당 500만원(법정동 12219건, 기준일 시점보정) × 40.44㎡",202375345.47656995,106172505.66317825,385747517.22154135,0.45,"㎡당 500만원(법정동 12219건, 기준일 시점보정) × 40.44㎡",㎡단가,법정동,12219,법정동,,0.5033231397301925,,,1150010300108030006,11500,40.44,[],화곡동,A,False,40.44,2026-08-04,240000000,240000000.0,0.1567693938476252,-0.17051480423474152
A,B0 ㎡단가,"㎡당 500만원(법정동 12219건, 기준일 시점보정) × 37.03㎡",185310559.91585997,97219779.54271726,353220340.3242745,0.45,"㎡당 500만원(법정동 12219건, 기준일 시점보정) × 37.03㎡",㎡단가,법정동,12219,법정동,,0.5033231397301925,,,1150010300103540038,11500,37.03,[],화곡동,A,False,37.03,2026-08-07,305000000,305000000.0,0.3924243937184919,-0.49827865672691224
A,B0 ㎡단가,"㎡당 500만원(법정동 12219건, 기준일 시점보정) × 38.45㎡",192416716.9528715,100947894.23217626,366765381.7301751,0.45,"㎡당 500만원(법정동 12219건, 기준일 시점보정) × 38.45㎡",㎡단가,법정동,12219,법정동,,0.5033231397301925,,,1150010300108700001,11500,38.45,[],화곡동,A,False,38.45,2026-08-07,300000000,300000000.0,0.3586109434904283,-0.4441190537495678
A,B0 ㎡단가,"㎡당 855만원(법정동 493건, 기준일 시점보정) × 11.9㎡",101724190.6853208,65274424.48720683,158527800.92471865,0.45,"㎡당 855만원(법정동 493건, 기준일 시점보정) × 11.9㎡",㎡단가,법정동,493,법정동,,0.3461804308237861,,,1162010300110710038,11620,11.9,[],남현동,A,False,11.9,2026-08-07,225000000,225000000.0,0.5478924858430186,-0.7938352642557045
A,B0 ㎡단가,"㎡당 645만원(법정동 5402건, 기준일 시점보정) × 41.38㎡",267089614.96343988,134950160.81921032,528616357.2408554,0.45,"㎡당 645만원(법정동 5402건, 기준일 시점보정) × 41.38㎡",㎡단가,법정동,5402,법정동,,0.5326768941136113,,,1162010200100110008,11620,41.38,[],신림동,A,False,41.38,2026-08-08,380000000,380000000.0,0.297132592201474,-0.35258701406634385
A,B0 ㎡단가,"㎡당 598만원(법정동 3454건, 기준일 시점보정) × 55.33㎡",330869450.40831774,201223642.47452787,544044386.9678991,0.45,"㎡당 598만원(법정동 3454건, 기준일 시점보정) × 55.33㎡",㎡단가,법정동,3454,법정동,,0.38803600911655123,,,1162010100116460035,11620,55.33,[],봉천동,A,False,55.33,2026-08-08,275000000,275000000.0,0.20316163784842817,0.18495279026800665
A,B0 ㎡단가,"㎡당 1,392만원(법정동 905건, 기준일 시점보정) × 65.82㎡",915958973.3340267,590367934.8616898,1421115191.5418289,0.45,"㎡당 1,392만원(법정동 905건, 기준일 시점보정) × 65.82㎡",㎡단가,법정동,905,법정동,,0.34271661500793776,,,1168010300111760004,11680,65.82,[],개포동,A,False,65.82,2026-08-09,960000000,960000000.0,0.045876069443722196,-0.04696170972745816
A,B0 ㎡단가,"㎡당 645만원(법정동 5402건, 기준일 시점보정) × 43.04㎡",277804181.440948,140363821.20973417,549822330.0059538,0.45,"㎡당 645만원(법정동 5402건, 기준일 시점보정) × 43.04㎡",㎡단가,법정동,5402,법정동,,0.5326768941136113,,,1162010200101060008,11620,43.04,[],신림동,A,False,43.04,2026-08-10,324000000,324000000.0,0.14257968691065429,-0.15382703360211175
A,B0 ㎡단가,"㎡당 500만원(법정동 12219건, 기준일 시점보정) × 56.5㎡",282744980.69797766,148336957.71438125,538940027.7699583,0.45,"㎡당 500만원(법정동 12219건, 기준일 시점보정) × 56.5㎡",㎡단가,법정동,12219,법정동,,0.5033231397301925,,,1150010300110430015,11500,56.5,[],화곡동,A,False,56.5,2026-08-11,300000000,300000000.0,0.05751673100674112,-0.05923711154882542
A,B0 ㎡단가,"㎡당 1,447만원(법정동 941건, 기준일 시점보정) × 14.06㎡",203460850.66230282,138357022.79359162,299199252.16940475,0.45,"㎡당 1,447만원(법정동 941건, 기준일 시점보정) × 14.06㎡",㎡단가,법정동,941,법정동,,0.30090210699592573,,,1168010800101820006,11680,14.06,[],논현동,A,False,14.06,2026-08-12,163000000,163000000.0,0.24822607768283939,0.22172340553065017
A,B0 ㎡단가,"㎡당 1,447만원(법정동 941건, 기준일 시점보정) × 17.67㎡",255700798.80532673,173881123.24059498,376020681.7804684,0.45,"㎡당 1,447만원(법정동 941건, 기준일 시점보정) × 17.67㎡",㎡단가,법정동,941,법정동,,0.30090210699592573,,,1168010800101850010,11680,17.67,[],논현동,A,False,17.67,2026-08-13,190000000,190000000.0,0.34579367792277227,0.2969839341260133
A,B0 ㎡단가,"㎡당 500만원(법정동 12219건, 기준일 시점보정) × 36.64㎡",183358868.89865264,96195860.71955602,349500223.31842864,0.45,"㎡당 500만원(법정동 12219건, 기준일 시점보정) × 36.64㎡",㎡단가,법정동,12219,법정동,,0.5033231397301925,,,1150010300103500026,11500,36.64,[],화곡동,A,False,36.64,2026-08-13,165000000,165000000.0,0.11126587211304632,0.10549979086032675
A,B0 ㎡단가,"㎡당 500만원(법정동 12219건, 기준일 시점보정) × 34.01㎡",170197465.37235743,89290972.24541758,324413280.43285364,0.45,"㎡당 500만원(법정동 12219건, 기준일 시점보정) × 34.01㎡",㎡단가,법정동,12219,법정동,,0.5033231397301925,,,1150010300103540041,11500,34.01,[],화곡동,A,False,34.01,2026-08-13,270000000,270000000.0,0.36963901713941694,-0.4614626350242929
A,B0 ㎡단가,"㎡당 1,392만원(법정동 905건, 기준일 시점보정) × 49.62㎡",690517840.4259254,445063155.9987397,1071342081.4996285,0.45,"㎡당 1,392만원(법정동 905건, 기준일 시점보정) × 49.62㎡",㎡단가,법정동,905,법정동,,0.34271661500793776,,,1168010300112310008,11680,49.62,[],개포동,A,False,49.62,2026-08-13,880000000,880000000.0,0.21532063587963027,-0.24248009798936718
A,B0 ㎡단가,"㎡당 598만원(법정동 3454건, 기준일 시점보정) × 29.56㎡",176766689.9343911,107503540.06049226,290655197.51980984,0.45,"㎡당 598만원(법정동 3454건, 기준일 시점보정) × 29.56㎡",㎡단가,법정동,3454,법정동,,0.38803600911655123,,,1162010100106350147,11620,29.56,[],봉천동,A,False,29.56,2026-08-14,230000000,230000000.0,0.23144917419829952,-0.26324858181863603
A,B0 ㎡단가,"㎡당 500만원(법정동 12219건, 기준일 시점보정) × 59.95㎡",300009939.69634926,157394701.1500379,571848755.1293619,0.45,"㎡당 500만원(법정동 12219건, 기준일 시점보정) × 59.95㎡",㎡단가,법정동,12219,법정동,,0.5033231397301925,,,1150010300100700037,11500,59.95,[],화곡동,A,False,59.95,2026-08-14,225000000,225000000.0,0.3333775097615523,0.287715204224082
A,B0 ㎡단가,"㎡당 500만원(법정동 12219건, 기준일 시점보정) × 59.21㎡",296306731.0995965,155451880.81891125,564790071.5798075,0.45,"㎡당 500만원(법정동 12219건, 기준일 시점보정) × 59.21㎡",㎡단가,법정동,12219,법정동,,0.5033231397301925,,,1150010300109830004,11500,59.21,[],화곡동,A,False,59.21,2026-08-17,232000000,232000000.0,0.27718418577412285,0.24465779983235192
A,B0 ㎡단가,"㎡당 500만원(법정동 12219건, 기준일 시점보정) × 24.47㎡",122456100.48990245,64244342.57116631,233413495.21293506,0.45,"㎡당 500만원(법정동 12219건, 기준일 시점보정) × 24.47㎡",㎡단가,법정동,12219,법정동,,0.5033231397301925,,,1150010300103460093,11500,24.47,[],화곡동,A,False,24.47,2026-08-19,185000000,185000000.0,0.33807513248701376,-0.41260322266876776
A,B0 ㎡단가,"㎡당 500만원(법정동 12219건, 기준일 시점보정) × 44.95㎡",224944900.57299247,118013207.95152967,428767331.8276032,0.45,"㎡당 500만원(법정동 12219건, 기준일 시점보정) × 44.95㎡",㎡단가,법정동,12219,법정동,,0.5033231397301925,,,1150010300103980003,11500,44.95,[],화곡동,A,False,44.95,2026-08-19,200000000,200000000.0,0.12472450286496237,0.11753811932457137
A,B0 ㎡단가,"㎡당 500만원(법정동 12219건, 기준일 시점보정) × 65.65㎡",328534654.56322455,172359668.56547087,626219695.9840295,0.45,"㎡당 500만원(법정동 12219건, 기준일 시점보정) × 65.65㎡",㎡단가,법정동,12219,법정동,,0.5033231397301925,,,1150010300104640003,11500,65.65,[],화곡동,A,False,65.65,2026-08-19,256000000,256000000.0,0.2833384943875959,0.24946488122422059
A,B0 ㎡단가,"㎡당 598만원(법정동 3454건, 기준일 시점보정) × 55.92㎡",334397608.29266477,203369349.12661502,549845691.6545264,0.45,"㎡당 598만원(법정동 3454건, 기준일 시점보정) × 55.92㎡",㎡단가,법정동,3454,법정동,,0.38803600911655123,,,1162010100115340002,11620,55.92,[],봉천동,A,False,55.92,2026-08-20,300000000,300000000.0,0.11465869430888255,0.10854825429391396
A,B0 ㎡단가,"㎡당 1,447만원(법정동 941건, 기준일 시점보정) × 27.79㎡",402146304.4029454,273466690.1446602,591376046.7843373,0.45,"㎡당 1,447만원(법정동 941건, 기준일 시점보정) × 27.79㎡",㎡단가,법정동,941,법정동,,0.30090210699592573,,,1168010800101830014,11680,27.79,[],논현동,A,False,27.79,2026-08-20,550000000,550000000.0,0.26882490108555385,-0.3131023145172075
A,B0 ㎡단가,"㎡당 500만원(법정동 12219건, 기준일 시점보정) × 29.4㎡",147127476.68177906,77187726.66907601,280439589.6714464,0.45,"㎡당 500만원(법정동 12219건, 기준일 시점보정) × 29.4㎡",㎡단가,법정동,12219,법정동,,0.5033231397301925,,,1150010300110670013,11500,29.4,[],화곡동,A,False,29.4,2026-08-20,370000000,370000000.0,0.6023581711303269,-0.922203606338657
A,B0 ㎡단가,"㎡당 598만원(법정동 3454건, 기준일 시점보정) × 14.475㎡",86559466.738847,52642548.79484537,142328619.21851343,0.45,"㎡당 598만원(법정동 3454건, 기준일 시점보정) × 14.475㎡",㎡단가,법정동,3454,법정동,,0.38803600911655123,,,1162010100115180009,11620,14.475,[],봉천동,A,False,14.475,2026-08-20,157500000,157500000.0,0.45041608419779683,-0.5985938037820682
A,B0 ㎡단가,"㎡당 500만원(법정동 12219건, 기준일 시점보정) × 33.2㎡",166143953.25969648,87164371.6126983,316686883.5745593,0.45,"㎡당 500만원(법정동 12219건, 기준일 시점보정) × 33.2㎡",㎡단가,법정동,12219,법정동,,0.5033231397301925,,,1150010300104300006,11500,33.2,[],화곡동,A,False,33.2,2026-08-21,130000000,130000000.0,0.27803040968997295,0.2453201504218402
A,B0 ㎡단가,"㎡당 598만원(법정동 3454건, 기준일 시점보정) × 56.4㎡",337267974.02908236,205115008.7757704,554565397.1622902,0.45,"㎡당 598만원(법정동 3454건, 기준일 시점보정) × 56.4㎡",㎡단가,법정동,3454,법정동,,0.38803600911655123,,,1162010100101800197,11620,56.4,[],봉천동,A,False,56.4,2026-08-21,365000000,365000000.0,0.07597815334497984,-0.07901956405391844
A,B0 ㎡단가,"㎡당 645만원(법정동 5402건, 기준일 시점보정) × 48.93㎡",315821528.76174766,159572531.8724979,625065209.2748928,0.45,"㎡당 645만원(법정동 5402건, 기준일 시점보정) × 48.93㎡",㎡단가,법정동,5402,법정동,,0.5326768941136113,,,1162010200105980031,11620,48.93,[],신림동,A,False,48.93,2026-08-21,170000000,170000000.0,0.8577736985985156,0.6193788345874615
A,B0 ㎡단가,"㎡당 1,392만원(법정동 905건, 기준일 시점보정) × 55.22㎡",768448108.5916878,495291968.44519097,1192251304.7240913,0.45,"㎡당 1,392만원(법정동 905건, 기준일 시점보정) × 55.22㎡",㎡단가,법정동,905,법정동,,0.34271661500793776,,,1168010300112330022,11680,55.22,[],개포동,A,False,55.22,2026-08-21,850000000,850000000.0,0.09594340165683789,-0.1008633117631251
A,B0 ㎡단가,"㎡당 1,447만원(법정동 941건, 기준일 시점보정) × 25.57㎡",370020906.92994916,251620844.44040814,544134059.5996928,0.45,"㎡당 1,447만원(법정동 941건, 기준일 시점보정) × 25.57㎡",㎡단가,법정동,941,법정동,,0.30090210699592573,,,1168010800101880010,11680,25.57,[],논현동,A,False,25.57,2026-08-22,550000000,550000000.0,0.3272347146728197,-0.3963587689685273
A,B0 ㎡단가,"㎡당 1,674만원(법정동 192건, 기준일 시점보정) × 24.67㎡",412934755.55199367,261576413.59461597,651874953.0951382,0.45,"㎡당 1,674만원(법정동 192건, 기준일 시점보정) × 24.67㎡",㎡단가,법정동,192,법정동,,0.35624465526808885,,,1168010600109530025,11680,24.67,[],대치동,A,False,24.67,2026-08-22,180000000,180000000.0,1.2940819752888537,0.8303327527194759
A,B0 ㎡단가,"㎡당 500만원(법정동 12219건, 기준일 시점보정) × 58.41㎡",292303262.3463516,153351534.51499122,557159062.3370486,0.45,"㎡당 500만원(법정동 12219건, 기준일 시점보정) × 58.41㎡",㎡단가,법정동,12219,법정동,,0.5033231397301925,,,1150010300103790062,11500,58.41,[],화곡동,A,False,58.41,2026-08-22,218000000,218000000.0,0.3408406529649157,0.2932967702181089
A,B0 ㎡단가,"㎡당 500만원(법정동 12219건, 기준일 시점보정) × 46.6㎡",233202054.87656194,122345172.20336568,444506288.3907971,0.45,"㎡당 500만원(법정동 12219건, 기준일 시점보정) × 46.6㎡",㎡단가,법정동,12219,법정동,,0.5033231397301925,,,1150010300101620006,11500,46.6,[],화곡동,A,False,46.6,2026-08-22,208000000,208000000.0,0.12116372536808624,0.11436718638526185
A,B0 ㎡단가,"㎡당 500만원(법정동 12219건, 기준일 시점보정) × 29.99㎡",150080034.887298,78736732.06821747,286067458.9879827,0.45,"㎡당 500만원(법정동 12219건, 기준일 시점보정) × 29.99㎡",㎡단가,법정동,12219,법정동,,0.5033231397301925,,,1150010300101050021,11500,29.99,[],화곡동,A,False,29.99,2026-08-24,220000000,220000000.0,0.3178180232395546,-0.38245882863646496
A,B0 ㎡단가,"㎡당 645만원(법정동 5402건, 기준일 시점보정) × 66.89㎡",431745392.5786489,218144423.80853012,854498504.9744034,0.45,"㎡당 645만원(법정동 5402건, 기준일 시점보정) × 66.89㎡",㎡단가,법정동,5402,법정동,,0.5326768941136113,,,1162010200105870111,11620,66.89,[],신림동,A,False,66.89,2026-08-24,215000000,215000000.0,1.0081181050169716,0.6971980173393445
A,B0 ㎡단가,"㎡당 1,429만원(법정동 175건, 기준일 시점보정) × 21.2㎡",303026289.7647986,219748355.85826987,417864024.1924886,0.45,"㎡당 1,429만원(법정동 175건, 기준일 시점보정) × 21.2㎡",㎡단가,법정동,175,법정동,,0.2507307365653645,,,1168011800109480026,11680,21.2,[],도곡동,A,False,21.2,2026-08-24,390000000,390000000.0,0.22300951342359338,-0.2523271724778539
A,B0 ㎡단가,"㎡당 500만원(법정동 12219건, 기준일 시점보정) × 40.62㎡",203276125.94605008,106645083.58156025,387464494.3011621,0.45,"㎡당 500만원(법정동 12219건, 기준일 시점보정) × 40.62㎡",㎡단가,법정동,12219,법정동,,0.5033231397301925,,,1150010300103510017,11500,40.62,[],화곡동,A,False,40.62,2026-08-25,245000000,245000000.0,0.170301526750816,-0.18669292943750995
A,B0 ㎡단가,"㎡당 598만원(법정동 3454건, 기준일 시점보정) × 84.99㎡",508234133.2044633,309090861.6285947,835682856.4684944,0.45,"㎡당 598만원(법정동 3454건, 기준일 시점보정) × 84.99㎡",㎡단가,법정동,3454,법정동,,0.38803600911655123,,,1162010100102180042,11620,84.99,[],봉천동,A,False,84.99,2026-08-25,635000000,635000000.0,0.19963128629218377,-0.22268276535759618
A,B0 ㎡단가,"㎡당 645만원(법정동 5402건, 기준일 시점보정) × 63.57㎡",410316259.6236308,207317103.02748153,812086559.444203,0.45,"㎡당 645만원(법정동 5402건, 기준일 시점보정) × 63.57㎡",㎡단가,법정동,5402,법정동,,0.5326768941136113,,,1162010200103550000,11620,63.57,[],신림동,A,False,63.57,2026-08-26,710000000,710000000.0,0.42208977517798474,-0.5483367427503547
A,B0 ㎡단가,"㎡당 598만원(법정동 3454건, 기준일 시점보정) × 37.04㎡",221496555.9935673,134706736.25983205,364203941.68246824,0.45,"㎡당 598만원(법정동 3454건, 기준일 시점보정) × 37.04㎡",㎡단가,법정동,3454,법정동,,0.38803600911655123,,,1162010100100630016,11620,37.04,[],봉천동,A,False,37.04,2026-08-28,445000000,445000000.0,0.5022549303515342,-0.697667241363703
A,B0 ㎡단가,"㎡당 598만원(법정동 3454건, 기준일 시점보정) × 37.95㎡",226938291.03552595,138016216.01135603,373151716.7076045,0.45,"㎡당 598만원(법정동 3454건, 기준일 시점보정) × 37.95㎡",㎡단가,법정동,3454,법정동,,0.38803600911655123,,,1162010100106730124,11620,37.95,[],봉천동,A,False,37.95,2026-08-28,182000000,182000000.0,0.24691368700838434,0.22067144778940248
A,B0 ㎡단가,"㎡당 500만원(법정동 12219건, 기준일 시점보정) × 52.86㎡",264529197.87070906,138780382.0315429,504218935.7153968,0.45,"㎡당 500만원(법정동 12219건, 기준일 시점보정) × 52.86㎡",㎡단가,법정동,12219,법정동,,0.5033231397301925,,,1150010300101050016,11500,52.86,[],화곡동,A,False,52.86,2026-08-29,195000000,195000000.0,0.3565599890805593,0.30495207556737425
A,B0 ㎡단가,"㎡당 598만원(법정동 3454건, 기준일 시점보정) × 32.13㎡",192135106.48146087,116850092.76534556,315925287.42596364,0.45,"㎡당 598만원(법정동 3454건, 기준일 시점보정) × 32.13㎡",㎡단가,법정동,3454,법정동,,0.38803600911655123,,,1162010100104800014,11620,32.13,[],봉천동,A,False,32.13,2026-08-29,750000000,750000000.0,0.743819858024719,-1.3618744023780314
A,B0 ㎡단가,"㎡당 598만원(법정동 3454건, 기준일 시점보정) × 71.64㎡",428402086.16034395,260539702.63645664,704416047.033801,0.45,"㎡당 598만원(법정동 3454건, 기준일 시점보정) × 71.64㎡",㎡단가,법정동,3454,법정동,,0.38803600911655123,,,1162010100116070002,11620,71.64,[],봉천동,A,False,71.64,2026-08-29,300000000,300000000.0,0.4280069538678131,0.3562797335608672
A,B0 ㎡단가,"㎡당 855만원(법정동 493건, 기준일 시점보정) × 135.7㎡",1159997703.8653786,744347848.9843657,1807749797.0995195,0.45,"㎡당 855만원(법정동 493건, 기준일 시점보정) × 135.7㎡",㎡단가,법정동,493,법정동,,0.3461804308237861,,,1162010300106020219,11620,135.7,[],남현동,A,False,135.7,2026-08-29,850000000,850000000.0,0.3647031810180925,0.3109369551876914
A,B0 ㎡단가,"㎡당 1,392만원(법정동 905건, 기준일 시점보정) × 28.8㎡",400784236.28106886,258319606.86746666,621818862.2972447,0.45,"㎡당 1,392만원(법정동 905건, 기준일 시점보정) × 28.8㎡",㎡단가,법정동,905,법정동,,0.34271661500793776,,,1168010300111950003,11680,28.8,[],개포동,A,False,28.8,2026-08-29,577500000,577500000.0,0.3060013224570236,-0.36528522403481906
A,B0 ㎡단가,"㎡당 1,392만원(법정동 905건, 기준일 시점보정) × 40.72㎡",566664378.5196232,365235221.9320575,879182780.3036056,0.45,"㎡당 1,392만원(법정동 905건, 기준일 시점보정) × 40.72㎡",㎡단가,법정동,905,법정동,,0.34271661500793776,,,1168010300111980000,11680,40.72,[],개포동,A,False,40.72,2026-08-29,805000000,805000000.0,0.29606909500667933,-0.3510750739570654
A,B0 ㎡단가,"㎡당 1,674만원(법정동 192건, 기준일 시점보정) × 28.24㎡",472690616.00276774,299429181.9988627,746207891.1798407,0.45,"㎡당 1,674만원(법정동 192건, 기준일 시점보정) × 28.24㎡",㎡단가,법정동,192,법정동,,0.35624465526808885,,,1168010600109340018,11680,28.24,[],대치동,A,False,28.24,2026-08-29,480000000,480000000.0,0.015227883327567205,-0.015345018208476027
A,B0 ㎡단가,"㎡당 645만원(법정동 5402건, 기준일 시점보정) × 28.02㎡",180856718.49385142,91379978.39908811,357946600.5289691,0.45,"㎡당 645만원(법정동 5402건, 기준일 시점보정) × 28.02㎡",㎡단가,법정동,5402,법정동,,0.5326768941136113,,,1162010200106520159,11620,28.02,[],신림동,A,False,28.02,2026-09-02,295000000,295000000.0,0.38692637798694435,-0.4892702490942699
A,B0 ㎡단가,"㎡당 500만원(법정동 12219건, 기준일 시점보정) × 29.95㎡",149879861.44963586,78631714.75302152,285685908.52584493,0.45,"㎡당 500만원(법정동 12219건, 기준일 시점보정) × 29.95㎡",㎡단가,법정동,12219,법정동,,0.5033231397301925,,,1150010300104240018,11500,29.95,[],화곡동,A,False,29.95,2026-09-02,215000000,215000000.0,0.30288436535053087,-0.3608039786112246
A,B0 ㎡단가,"㎡당 500만원(법정동 12219건, 기준일 시점보정) × 29.61㎡",148178387.22950613,77739067.57385518,282442729.59767115,0.45,"㎡당 500만원(법정동 12219건, 기준일 시점보정) × 29.61㎡",㎡단가,법정동,12219,법정동,,0.5033231397301925,,,1150010300104640012,11500,29.61,[],화곡동,A,False,29.61,2026-09-03,318000000,318000000.0,0.534030228838031,-0.7636345157116992
A,B0 ㎡단가,"㎡당 500만원(법정동 12219건, 기준일 시점보정) × 29.01㎡",145175785.66457206,76163807.84591495,276719472.6656012,0.45,"㎡당 500만원(법정동 12219건, 기준일 시점보정) × 29.01㎡",㎡단가,법정동,12219,법정동,,0.5033231397301925,,,1150010300108140019,11500,29.01,[],화곡동,A,False,29.01,2026-09-03,270000000,270000000.0,0.4623119049460294,-0.620476635910083
A,B0 ㎡단가,"㎡당 500만원(법정동 12219건, 기준일 시점보정) × 57.2㎡",286248015.8570672,150174760.73031142,545617160.8573729,0.45,"㎡당 500만원(법정동 12219건, 기준일 시점보정) × 57.2㎡",㎡단가,법정동,12219,법정동,,0.5033231397301925,,,1150010300108680019,11500,57.2,[],화곡동,A,False,57.2,2026-09-03,195000000,195000000.0,0.467938542856755,0.3838590647769844
A,B0 ㎡단가,"㎡당 500만원(법정동 12219건, 기준일 시점보정) × 41.78㎡",209081155.63825643,109690585.72224495,398529457.703165,0.45,"㎡당 500만원(법정동 12219건, 기준일 시점보정) × 41.78㎡",㎡단가,법정동,12219,법정동,,0.5033231397301925,,,1150010300109560002,11500,41.78,[],화곡동,A,False,41.78,2026-09-03,350000000,350000000.0,0.40262526960498163,-0.5152106734000607
A,B0 ㎡단가,"㎡당 500만원(법정동 12219건, 기준일 시점보정) × 57.36㎡",287048709.6077161,150594829.99109536,547143362.7059245,0.45,"㎡당 500만원(법정동 12219건, 기준일 시점보정) × 57.36㎡",㎡단가,법정동,12219,법정동,,0.5033231397301925,,,1150010300109970020,11500,57.36,[],화곡동,A,False,57.36,2026-09-03,292000000,292000000.0,0.016956473946177796,-0.01710188102193892
A,B0 ㎡단가,"㎡당 500만원(법정동 12219건, 기준일 시점보정) × 56.03㎡",280392942.80544513,147103004.26082766,534456809.8398352,0.45,"㎡당 500만원(법정동 12219건, 기준일 시점보정) × 56.03㎡",㎡단가,법정동,12219,법정동,,0.5033231397301925,,,1150010300101590006,11500,56.03,[],화곡동,A,False,56.03,2026-09-04,263000000,263000000.0,0.06613286237811838,0.06403795435440655
A,B0 ㎡단가,"㎡당 500만원(법정동 12219건, 기준일 시점보정) × 64.46㎡",322579494.79277205,169235403.4383895,614868569.7354244,0.45,"㎡당 500만원(법정동 12219건, 기준일 시점보정) × 64.46㎡",㎡단가,법정동,12219,법정동,,0.5033231397301925,,,1150010300109850008,11500,64.46,[],화곡동,A,False,64.46,2026-09-04,283000000,283000000.0,0.1398568720592652,0.13090270369903353
A,B0 ㎡단가,"㎡당 500만원(법정동 12219건, 기준일 시점보정) × 71.37㎡",357159456.1489311,187377144.6385019,680781412.0697665,0.45,"㎡당 500만원(법정동 12219건, 기준일 시점보정) × 71.37㎡",㎡단가,법정동,12219,법정동,,0.5033231397301925,,,1150010300110400024,11500,71.37,[],화곡동,A,False,71.37,2026-09-04,430000000,430000000.0,0.169396613607137,-0.18560287074965462
A,B0 ㎡단가,"㎡당 598만원(법정동 3454건, 기준일 시점보정) × 40.35㎡",241290119.7176143,146744514.25713333,396750244.246425,0.45,"㎡당 598만원(법정동 3454건, 기준일 시점보정) × 40.35㎡",㎡단가,법정동,3454,법정동,,0.38803600911655123,,,1162010100101960209,11620,40.35,[],봉천동,A,False,40.35,2026-09-04,185000000,185000000.0,0.30427091739250967,0.2656442006621909
A,B0 ㎡단가,"㎡당 598만원(법정동 3454건, 기준일 시점보정) × 36㎡",215277430.23132873,130924473.6866617,353977913.0823122,0.45,"㎡당 598만원(법정동 3454건, 기준일 시점보정) × 36㎡",㎡단가,법정동,3454,법정동,,0.38803600911655123,,,1162010100100410056,11620,36.0,[],봉천동,A,False,36.0,2026-09-05,390000000,390000000.0,0.44800658915043917,-0.5942191696430242
A,B0 ㎡단가,"㎡당 598만원(법정동 3454건, 기준일 시점보정) × 52.98㎡",316816618.1571054,192677183.7755371,520937495.41946936,0.45,"㎡당 598만원(법정동 3454건, 기준일 시점보정) × 52.98㎡",㎡단가,법정동,3454,법정동,,0.38803600911655123,,,1162010100115140002,11620,52.98,[],봉천동,A,False,52.98,2026-09-05,320000000,320000000.0,0.009948068259045668,-0.009997880925291008
A,B0 ㎡단가,"㎡당 1,392만원(법정동 905건, 기준일 시점보정) × 69.52㎡",967448614.8006903,623554828.7995231,1501001642.6008477,0.45,"㎡당 1,392만원(법정동 905건, 기준일 시점보정) × 69.52㎡",㎡단가,법정동,905,법정동,,0.34271661500793776,,,1168010300112550004,11680,69.52,[],개포동,A,False,69.52,2026-09-07,522560000,522560000.0,0.8513636994808066,0.6159225023942647
A,B0 ㎡단가,"㎡당 1,392만원(법정동 905건, 기준일 시점보정) × 67.31㎡",936693991.1138437,603732386.7447622,1453285681.2926204,0.45,"㎡당 1,392만원(법정동 905건, 기준일 시점보정) × 67.31㎡",㎡단가,법정동,905,법정동,,0.34271661500793776,,,1168010300112390014,11680,67.31,[],개포동,A,False,67.31,2026-09-07,619200000,619200000.0,0.5127486936593083,0.4139283229663319
A,B0 ㎡단가,"㎡당 855만원(법정동 493건, 기준일 시점보정) × 27.92㎡",238667176.80118954,153148061.48595077,371940857.29564226,0.45,"㎡당 855만원(법정동 493건, 기준일 시점보정) × 27.92㎡",㎡단가,법정동,493,법정동,,0.3461804308237861,,,1162010300106020179,11620,27.92,[],남현동,A,False,27.92,2026-09-07,360000000,360000000.0,0.33703561999669573,-0.4110340157247524
A,B0 ㎡단가,"㎡당 645만원(법정동 5402건, 기준일 시점보정) × 45.78㎡",295489670.6869568,149299622.09529835,584824959.7507577,0.45,"㎡당 645만원(법정동 5402건, 기준일 시점보정) × 45.78㎡",㎡단가,법정동,5402,법정동,,0.5326768941136113,,,1162010200101080097,11620,45.78,[],신림동,A,False,45.78,2026-09-07,150000000,150000000.0,0.9699311379130455,0.6779985867648552
A,B0 ㎡단가,"㎡당 500만원(법정동 12219건, 기준일 시점보정) × 65.38㎡",327183483.85900426,171650801.68789783,623644230.3645983,0.45,"㎡당 500만원(법정동 12219건, 기준일 시점보정) × 65.38㎡",㎡단가,법정동,12219,법정동,,0.5033231397301925,,,1150010300107730020,11500,65.38,[],화곡동,A,False,65.38,2026-09-07,232700000,232700000.0,0.40603130149980343,0.3407710559427968
A,B0 ㎡단가,"㎡당 500만원(법정동 12219건, 기준일 시점보정) × 81.03㎡",405501341.34437245,212738826.25834104,772925848.6760983,0.45,"㎡당 500만원(법정동 12219건, 기준일 시점보정) × 81.03㎡",㎡단가,법정동,12219,법정동,,0.5033231397301925,,,1150010300111010012,11500,81.03,[],화곡동,A,False,81.03,2026-09-08,350000000,350000000.0,0.1585752609839213,0.14719102694415115
A,B0 ㎡단가,"㎡당 500만원(법정동 12219건, 기준일 시점보정) × 38.52㎡",192767020.4687803,101131674.53376919,367433095.0389163,0.45,"㎡당 500만원(법정동 12219건, 기준일 시점보정) × 38.52㎡",㎡단가,법정동,12219,법정동,,0.5033231397301925,,,1150010300100560187,11500,38.52,[],화곡동,A,False,38.52,2026-09-09,64000000,64000000.0,2.0119846948246924,1.1025992285252324
A,B0 ㎡단가,"㎡당 500만원(법정동 12219건, 기준일 시점보정) × 41.02㎡",205277860.32267314,107695256.7335206,391279998.9225428,0.45,"㎡당 500만원(법정동 12219건, 기준일 시점보정) × 41.02㎡",㎡단가,법정동,12219,법정동,,0.5033231397301925,,,1150010300101020298,11500,41.02,[],화곡동,A,False,41.02,2026-09-09,350000000,350000000.0,0.4134918276495053,-0.5335686768842454
A,B0 ㎡단가,"㎡당 645만원(법정동 5402건, 기준일 시점보정) × 53.02㎡",342220671.4683799,172911008.37686127,677313660.2443236,0.45,"㎡당 645만원(법정동 5402건, 기준일 시점보정) × 53.02㎡",㎡단가,법정동,5402,법정동,,0.5326768941136113,,,1162010200106100325,11620,53.02,[],신림동,A,False,53.02,2026-09-09,268000000,268000000.0,0.27694280398649224,0.24446878668671204
A,B0 ㎡단가,"㎡당 2,620만원(법정동 336건, 기준일 시점보정) × 21.12㎡",553263621.8961263,381833839.5470388,801659265.393398,0.45,"㎡당 2,620만원(법정동 336건, 기준일 시점보정) × 21.12㎡",㎡단가,법정동,336,법정동,,0.289364123947359,,,1168011400106380006,11680,21.12,[],일원동,A,False,21.12,2026-09-09,850000000,850000000.0,0.349101621298675,-0.42940174926367275
A,B0 ㎡단가,"㎡당 500만원(법정동 12219건, 기준일 시점보정) × 26.61㎡",133165379.4048347,69862768.9341535,253826444.93731934,0.45,"㎡당 500만원(법정동 12219건, 기준일 시점보정) × 26.61㎡",㎡단가,법정동,12219,법정동,,0.5033231397301925,,,1150010300103620079,11500,26.61,[],화곡동,A,False,26.61,2026-09-10,215000000,215000000.0,0.3806261423030944,-0.47904621818308796
A,B0 ㎡단가,"㎡당 1,589만원(법정동 1029건, 기준일 시점보정) × 63.96㎡",1016155584.39319,713966546.5280017,1446247274.07024,0.45,"㎡당 1,589만원(법정동 1029건, 기준일 시점보정) × 63.96㎡",㎡단가,법정동,1029,법정동,,0.2753945404339587,,,1168010100107750021,11680,63.96,[],역삼동,A,False,63.96,2026-09-10,830000000,830000000.0,0.22428383661830123,0.20235604986919775
A,B0 ㎡단가,"㎡당 1,392만원(법정동 905건, 기준일 시점보정) × 44.28㎡",616205763.2821428,397166395.5587296,956046500.7820128,0.45,"㎡당 1,392만원(법정동 905건, 기준일 시점보정) × 44.28㎡",㎡단가,법정동,905,법정동,,0.34271661500793776,,,1168010300111800009,11680,44.28,[],개포동,A,False,44.28,2026-09-10,597000000,597000000.0,0.03217045775903309,0.03166382566706241
A,B0 ㎡단가,"㎡당 1,674만원(법정동 192건, 기준일 시점보정) × 21.14㎡",353848428.5516467,224147765.84475753,558598966.6976565,0.45,"㎡당 1,674만원(법정동 192건, 기준일 시점보정) × 21.14㎡",㎡단가,법정동,192,법정동,,0.35624465526808885,,,1168010600109340002,11680,21.14,[],대치동,A,False,21.14,2026-09-10,410000000,410000000.0,0.1369550523130568,-0.1472885061878434
A,B0 ㎡단가,"㎡당 500만원(법정동 12219건, 기준일 시점보정) × 68.24㎡",341495884.651858,179159539.72441354,650925088.4074675,0.45,"㎡당 500만원(법정동 12219건, 기준일 시점보정) × 68.24㎡",㎡단가,법정동,12219,법정동,,0.5033231397301925,,,1150010300103620053,11500,68.24,[],화곡동,A,False,68.24,2026-09-11,200000000,200000000.0,0.7074794232592898,0.5350182615903664
A,B0 ㎡단가,"㎡당 645만원(법정동 5402건, 기준일 시점보정) × 41.58㎡",268380526.5872358,135602409.05903235,531171293.7185776,0.45,"㎡당 645만원(법정동 5402건, 기준일 시점보정) × 41.58㎡",㎡단가,법정동,5402,법정동,,0.5326768941136113,,,1162010200106110171,11620,41.58,[],신림동,A,False,41.58,2026-09-11,265000000,265000000.0,0.012756704102776635,0.012676022780334332
A,B0 ㎡단가,"㎡당 500만원(법정동 12219건, 기준일 시점보정) × 55.81㎡",279291988.89830285,146525409.02724966,532358282.29807657,0.45,"㎡당 500만원(법정동 12219건, 기준일 시점보정) × 55.81㎡",㎡단가,법정동,12219,법정동,,0.5033231397301925,,,1150010300105040142,11500,55.81,[],화곡동,A,False,55.81,2026-09-12,100000000,100000000.0,1.7929198889830285,1.0270876037672299
A,B0 ㎡단가,"㎡당 598만원(법정동 3454건, 기준일 시점보정) × 45.35㎡",271189762.8052994,164928468.93583667,445913843.2856359,0.45,"㎡당 598만원(법정동 3454건, 기준일 시점보정) × 45.35㎡",㎡단가,법정동,3454,법정동,,0.38803600911655123,,,1162010100107150115,11620,45.35,[],봉천동,A,False,45.35,2026-09-12,340000000,340000000.0,0.20238305057264883,-0.22612681002450155
A,B0 ㎡단가,"㎡당 500만원(법정동 12219건, 기준일 시점보정) × 44.41㎡",222242559.16455168,116595474.1963834,423616400.58874005,0.45,"㎡당 500만원(법정동 12219건, 기준일 시점보정) × 44.41㎡",㎡단가,법정동,12219,법정동,,0.5033231397301925,,,1150010300108680016,11500,44.41,[],화곡동,A,False,44.41,2026-09-14,175000000,175000000.0,0.2699574809402953,0.23898342033547587
A,B0 ㎡단가,"㎡당 598만원(법정동 3454건, 기준일 시점보정) × 76.32㎡",456388152.090417,277559884.2157229,750433175.7345022,0.45,"㎡당 598만원(법정동 3454건, 기준일 시점보정) × 76.32㎡",㎡단가,법정동,3454,법정동,,0.38803600911655123,,,1162010100106350235,11620,76.32,[],봉천동,A,False,76.32,2026-09-14,449000000,449000000.0,0.01645468171585084,0.016320770422334874
A,B0 ㎡단가,"㎡당 500만원(법정동 12219건, 기준일 시점보정) × 64.14㎡",320978107.29147375,168395264.91682127,611816166.0383201,0.45,"㎡당 500만원(법정동 12219건, 기준일 시점보정) × 64.14㎡",㎡단가,법정동,12219,법정동,,0.5033231397301925,,,1150010300107980005,11500,64.14,[],화곡동,A,False,64.14,2026-09-15,315000000,315000000.0,0.01897811838563094,0.018800280394355145
A,B0 ㎡단가,"㎡당 1,674만원(법정동 192건, 기준일 시점보정) × 79.98㎡",1338732134.1324844,848029248.4514531,2113374898.6035287,0.45,"㎡당 1,674만원(법정동 192건, 기준일 시점보정) × 79.98㎡",㎡단가,법정동,192,법정동,,0.35624465526808885,,,1168010600109660003,11680,79.98,[],대치동,A,False,79.98,2026-09-15,1185000000,1185000000.0,0.12973175876159024,0.12198022291785991
A,B0 ㎡단가,"㎡당 500만원(법정동 12219건, 기준일 시점보정) × 41.76㎡",208981068.91942543,109638077.064647,398338682.47209626,0.45,"㎡당 500만원(법정동 12219건, 기준일 시점보정) × 41.76㎡",㎡단가,법정동,12219,법정동,,0.5033231397301925,,,1150010300100730105,11500,41.76,[],화곡동,A,False,41.76,2026-09-16,240000000,240000000.0,0.12924554616906073,-0.1383952548126285
A,B0 ㎡단가,"㎡당 500만원(법정동 12219건, 기준일 시점보정) × 24.57㎡",122956534.08405827,64506885.85915642,234367371.36828035,0.45,"㎡당 500만원(법정동 12219건, 기준일 시점보정) × 24.57㎡",㎡단가,법정동,12219,법정동,,0.5033231397301925,,,1150010300101110037,11500,24.57,[],화곡동,A,False,24.57,2026-09-17,143000000,143000000.0,0.14016409731427784,-0.15101371877184183
A,B0 ㎡단가,"㎡당 1,589만원(법정동 1029건, 기준일 시점보정) × 33.6㎡",533815316.37916124,375066853.7107697,759754665.5528458,0.45,"㎡당 1,589만원(법정동 1029건, 기준일 시점보정) × 33.6㎡",㎡단가,법정동,1029,법정동,,0.2753945404339587,,,1168010100107960015,11680,33.6,[],역삼동,A,False,33.6,2026-09-18,600000000,600000000.0,0.11030780603473127,-0.11687972555290088
A,B0 ㎡단가,"㎡당 645만원(법정동 5402건, 기준일 시점보정) × 66.59㎡",429809025.14295363,217166051.4487964,850666100.2578174,0.45,"㎡당 645만원(법정동 5402건, 기준일 시점보정) × 66.59㎡",㎡단가,법정동,5402,법정동,,0.5326768941136113,,,1162010200106100591,11620,66.59,[],신림동,A,False,66.59,2026-09-19,333000000,333000000.0,0.29071779322208297,0.25519849247877563
A,B0 ㎡단가,"㎡당 1,392만원(법정동 905건, 기준일 시점보정) × 43.22㎡",601454676.8079097,387658798.9170802,933160112.1002402,0.45,"㎡당 1,392만원(법정동 905건, 기준일 시점보정) × 43.22㎡",㎡단가,법정동,905,법정동,,0.34271661500793776,,,1168010300112340007,11680,43.22,[],개포동,A,False,43.22,2026-09-19,750000000,750000000.0,0.19806043092278702,-0.22072202423238665
A,B0 ㎡단가,"㎡당 1,447만원(법정동 941건, 기준일 시점보정) × 15.44㎡",223430692.33470505,151936872.8259639,328565892.85175,0.45,"㎡당 1,447만원(법정동 941건, 기준일 시점보정) × 15.44㎡",㎡단가,법정동,941,법정동,,0.30090210699592573,,,1168010800101670014,11680,15.44,[],논현동,A,False,15.44,2026-09-20,190000000,190000000.0,0.17595101228792134,0.16207719239103685
A,B0 ㎡단가,"㎡당 1,589만원(법정동 1029건, 기준일 시점보정) × 36.36㎡",577664431.6531643,405875916.69415474,822163084.5089732,0.45,"㎡당 1,589만원(법정동 1029건, 기준일 시점보정) × 36.36㎡",㎡단가,법정동,1029,법정동,,0.2753945404339587,,,1168010100106390000,11680,36.36,[],역삼동,A,False,36.36,2026-09-20,705000000,705000000.0,0.1806178274423202,-0.19920467080890275
A,B0 ㎡단가,"㎡당 500만원(법정동 12219건, 기준일 시점보정) × 49.66㎡",248515322.85772666,130378996.81586134,473694898.7443558,0.45,"㎡당 500만원(법정동 12219건, 기준일 시점보정) × 49.66㎡",㎡단가,법정동,12219,법정동,,0.5033231397301925,,,1150010300104090105,11500,49.66,[],화곡동,A,False,49.66,2026-09-21,135000000,135000000.0,0.8408542433905679,0.6102297265965705
A,B0 ㎡단가,"㎡당 1,392만원(법정동 905건, 기준일 시점보정) × 46.54㎡",647656192.9347545,417437309.15319055,1004842008.7261716,0.45,"㎡당 1,392만원(법정동 905건, 기준일 시점보정) × 46.54㎡",㎡단가,법정동,905,법정동,,0.34271661500793776,,,1168010300111820002,11680,46.54,[],개포동,A,False,46.54,2026-09-21,650000000,650000000.0,0.0036058570234546294,-0.0036123737963086235
A,B0 ㎡단가,"㎡당 500만원(법정동 12219건, 기준일 시점보정) × 63.3㎡",316774465.10056585,166189901.29770488,603803606.3334217,0.45,"㎡당 500만원(법정동 12219건, 기준일 시점보정) × 63.3㎡",㎡단가,법정동,12219,법정동,,0.5033231397301925,,,1150010300103670071,11500,63.3,[],화곡동,A,False,63.3,2026-09-21,265000000,265000000.0,0.19537534000213527,0.17846022811888776
A,B0 ㎡단가,"㎡당 500만원(법정동 12219건, 기준일 시점보정) × 24.66㎡",123406924.31879866,64743174.8183476,235225859.90809137,0.45,"㎡당 500만원(법정동 12219건, 기준일 시점보정) × 24.66㎡",㎡단가,법정동,12219,법정동,,0.5033231397301925,,,1150010300109960019,11500,24.66,[],화곡동,A,False,24.66,2026-09-23,200000000,200000000.0,0.3829653784060067,-0.48283014385685863
A,B0 ㎡단가,"㎡당 598만원(법정동 3454건, 기준일 시점보정) × 55.85㎡",333979013.2894364,203114773.76111266,549157401.267976,0.45,"㎡당 598만원(법정동 3454건, 기준일 시점보정) × 55.85㎡",㎡단가,법정동,3454,법정동,,0.38803600911655123,,,1162010100101800408,11620,55.85,[],봉천동,A,False,55.85,2026-09-23,320000000,320000000.0,0.04368441652948875,0.04275716074599535
A,B0 ㎡단가,"㎡당 500만원(법정동 12219건, 기준일 시점보정) × 29.1㎡",145626175.8993121,76400096.80510595,277577961.2054116,0.45,"㎡당 500만원(법정동 12219건, 기준일 시점보정) × 29.1㎡",㎡단가,법정동,12219,법정동,,0.5033231397301925,,,1150010300108190003,11500,29.1,[],화곡동,A,False,29.1,2026-09-23,171500000,171500000.0,0.15086777901275739,-0.1635403674735693
A,B0 ㎡단가,"㎡당 500만원(법정동 12219건, 기준일 시점보정) × 64.52㎡",322879754.9492649,169392929.4111832,615440895.4286302,0.45,"㎡당 500만원(법정동 12219건, 기준일 시점보정) × 64.52㎡",㎡단가,법정동,12219,법정동,,0.5033231397301925,,,1150010300108400010,11500,64.52,[],화곡동,A,False,64.52,2026-10-01,360000000,360000000.0,0.10311179180759754,-0.10882405323817007
A,B1 공시비율,"공시가격 2.35억 × 실거래/공시 비율 1.79(법정동 910건, 기준일 시점보정)",420703014.4736476,340328403.7727947,520059520.23144794,0.65,"공시가격 2.35억 × 실거래/공시 비율 1.79(법정동 910건, 기준일 시점보정)",공시비율,법정동,910,법정동,235000000.0,0.16543079826937637,,,1168010100107500024,11680,23.17,[],역삼동,A,False,23.17,2025-10-13,380000000,396711696.39816743,0.06047544928294932,0.05871734462068473
A,B1 공시비율,"공시가격 1.55억 × 실거래/공시 비율 1.70(법정동 11974건, 기준일 시점보정)",264234010.19996005,227640354.96721682,306710170.7709405,0.65,"공시가격 1.55억 × 실거래/공시 비율 1.70(법정동 11974건, 기준일 시점보정)",공시비율,법정동,11974,법정동,155000000.0,0.11631407594165089,,,1150010300103660004,11500,38.51,[],화곡동,A,False,38.51,2025-10-13,282300000,293052186.57555777,0.0983380356664478,-0.10351559154013758
A,B1 공시비율,"공시가격 1.28억 × 실거래/공시 비율 1.70(법정동 11974건, 기준일 시점보정)",218206150.35867602,187986873.77937847,253283237.79793718,0.65,"공시가격 1.28억 × 실거래/공시 비율 1.70(법정동 11974건, 기준일 시점보정)",공시비율,법정동,11974,법정동,128000000.0,0.11631407594165089,,,1150010300103460062,11500,27.41,[],화곡동,A,False,27.41,2025-10-14,219500000,227860272.59417263,0.04236860653937227,-0.04329234179555249
A,B1 공시비율,"공시가격 1.31억 × 실거래/공시 비율 1.70(법정동 11974건, 기준일 시점보정)",223320357.00770804,192392816.13358316,259219563.683827,0.65,"공시가격 1.31억 × 실거래/공시 비율 1.70(법정동 11974건, 기준일 시점보정)",공시비율,법정동,11974,법정동,131000000.0,0.11631407594165089,,,1150010300103660038,11500,64.17,[],화곡동,A,False,64.17,2025-10-14,260000000,269902828.58535254,0.17258978656058627,-0.1894546810143174
A,B1 공시비율,"공시가격 0.94억 × 실거래/공시 비율 1.79(법정동 5299건, 기준일 시점보정)",168326540.0105192,137422806.86548445,206179925.43004403,0.65,"공시가격 0.94억 × 실거래/공시 비율 1.79(법정동 5299건, 기준일 시점보정)",공시비율,법정동,5299,법정동,94300000.0,0.15827358659048354,,,1162010200100900103,11620,56.91,[],신림동,A,False,56.91,2025-10-14,205000000,215683702.60511592,0.21956764476220292,-0.24790721127995874
A,B1 공시비율,"공시가격 2.71억 × 실거래/공시 비율 2.01(법정동 879건, 기준일 시점보정)",544424431.8367043,429017502.8244562,690876153.139135,0.65,"공시가격 2.71억 × 실거래/공시 비율 2.01(법정동 879건, 기준일 시점보정)",공시비율,법정동,879,법정동,271500000.0,0.1858859480458787,,,1168010300112180012,11680,27.15,[],개포동,A,False,27.15,2025-10-14,525000000,548088527.9185208,0.006685226738336806,-0.006707672961266148
A,B1 공시비율,"공시가격 2.82억 × 실거래/공시 비율 2.01(법정동 879건, 기준일 시점보정)",565479520.3607756,445609339.9502638,717595120.3876096,0.65,"공시가격 2.82억 × 실거래/공시 비율 2.01(법정동 879건, 기준일 시점보정)",공시비율,법정동,879,법정동,282000000.0,0.1858859480458787,,,1168010300111670006,11680,59.02,[],개포동,A,False,59.02,2025-10-15,650000000,678585796.4705496,0.16667940398702816,-0.18233684169520195
A,B1 공시비율,"공시가격 2.34억 × 실거래/공시 비율 2.01(법정동 879건, 기준일 시점보정)",469227687.1078776,369760941.6608572,595451270.1088675,0.65,"공시가격 2.34억 × 실거래/공시 비율 2.01(법정동 879건, 기준일 시점보정)",공시비율,법정동,879,법정동,234000000.0,0.1858859480458787,,,1168010300111880008,11680,50.42,[],개포동,A,False,50.42,2025-10-15,380000000,396711696.39816743,0.18279267127261126,0.16787831289363736
A,B1 공시비율,"공시가격 0.97억 × 실거래/공시 비율 1.79(법정동 5299건, 기준일 시점보정)",172610566.4795039,140920312.02430916,211427346.6498968,0.65,"공시가격 0.97억 × 실거래/공시 비율 1.79(법정동 5299건, 기준일 시점보정)",공시비율,법정동,5299,법정동,96700000.0,0.15827358659048354,,,1162010200115640070,11620,44.98,[],신림동,A,False,44.98,2025-10-15,180000000,189380812.0435164,0.08855303440223389,-0.09272187021192344
A,B1 공시비율,"공시가격 4.08억 × 실거래/공시 비율 2.12(법정동 325건, 기준일 시점보정)",863800660.9832728,669754231.2082838,1114067738.8017826,0.65,"공시가격 4.08억 × 실거래/공시 비율 2.12(법정동 325건, 기준일 시점보정)",공시비율,법정동,325,법정동,408000000.0,0.19852621701939524,,,1168011400106560012,11680,29.96,[],일원동,A,False,29.96,2025-10-15,680000000,709905140.9230365,0.2167832167832135,0.19621066895461908
A,B1 공시비율,"공시가격 0.92억 × 실거래/공시 비율 1.82(법정동 3331건, 기준일 시점보정)",166519032.95350602,139729709.05871502,198444471.99213126,0.65,"공시가격 0.92억 × 실거래/공시 비율 1.82(법정동 3331건, 기준일 시점보정)",공시비율,법정동,3331,법정동,91600000.0,0.136859946939685,,,1162010100107150143,11620,24.05,[],봉천동,A,False,24.05,2025-10-15,360000000,378761624.0870328,0.560359280444835,-0.8217974320910175
A,B1 공시비율,"공시가격 0.59억 × 실거래/공시 비율 1.70(법정동 11974건, 기준일 시점보정)",101090818.0958554,87090793.86810271,117341375.01107563,0.65,"공시가격 0.59억 × 실거래/공시 비율 1.70(법정동 11974건, 기준일 시점보정)",공시비율,법정동,11974,법정동,59300000.0,0.11631407594165089,,,1150010300108610001,11500,41.76,[],화곡동,A,False,41.76,2025-10-15,90000000,93427902.20262204,0.08201956495410105,0.07882926247347131
A,B1 공시비율,"공시가격 2.44억 × 실거래/공시 비율 1.82(법정동 3331건, 기준일 시점보정)",443565982.9765877,372205775.22190434,528607545.4812225,0.65,"공시가격 2.44억 × 실거래/공시 비율 1.82(법정동 3331건, 기준일 시점보정)",공시비율,법정동,3331,법정동,244000000.0,0.136859946939685,,,1162010100106720005,11620,70.92,[],봉천동,A,False,70.92,2025-10-15,395000000,415585670.8732721,0.06732742263351003,0.06515778807113266
A,B1 공시비율,"공시가격 0.87억 × 실거래/공시 비율 1.70(법정동 11974건, 기준일 시점보정)",147971045.71197736,127478598.78164119,171757695.63172638,0.65,"공시가격 0.87억 × 실거래/공시 비율 1.70(법정동 11974건, 기준일 시점보정)",공시비율,법정동,11974,법정동,86800000.0,0.11631407594165089,,,1150010300110670005,11500,37.13,[],화곡동,A,False,37.13,2025-10-15,230000000,238760194.51781186,0.3802524494888594,-0.4784430604568332
A,B1 공시비율,"공시가격 1.75억 × 실거래/공시 비율 1.82(법정동 3331건, 기준일 시점보정)",318131340.24960214,266950863.37636608,379124264.1771067,0.65,"공시가격 1.75억 × 실거래/공시 비율 1.82(법정동 3331건, 기준일 시점보정)",공시비율,법정동,3331,법정동,175000000.0,0.136859946939685,,,1162010100106490020,11620,62.68,[],봉천동,A,False,62.68,2025-10-16,285000000,299852952.4022343,0.06095783850361589,0.059172121333916965
A,B1 공시비율,"공시가격 4.17억 × 실거래/공시 비율 1.79(법정동 5299건, 기준일 시점보정)",744349598.9860705,607691521.3457791,911739436.9493986,0.65,"공시가격 4.17억 × 실거래/공시 비율 1.79(법정동 5299건, 기준일 시점보정)",공시비율,법정동,5299,법정동,417000000.0,0.15827358659048354,,,1162010200100100264,11620,82.55,[],신림동,A,False,82.55,2025-10-16,620000000,652311685.9276676,0.14109499345778795,0.13198832197870095
A,B1 공시비율,"공시가격 1.29억 × 실거래/공시 비율 1.70(법정동 11974건, 기준일 시점보정)",219910885.90835357,189455521.2307802,255262013.09323406,0.65,"공시가격 1.29억 × 실거래/공시 비율 1.70(법정동 11974건, 기준일 시점보정)",공시비율,법정동,11974,법정동,129000000.0,0.11631407594165089,,,1150010300104100012,11500,47.31,[],화곡동,A,False,47.31,2025-10-17,160000000,166094048.36021695,0.3240142442155495,0.2806682159279034
A,B1 공시비율,"공시가격 0.65억 × 실거래/공시 비율 1.70(법정동 11974건, 기준일 시점보정)",110296390.06411216,95021490.10567033,128026761.60567623,0.65,"공시가격 0.65억 × 실거래/공시 비율 1.70(법정동 11974건, 기준일 시점보정)",공시비율,법정동,11974,법정동,64700000.0,0.11631407594165089,,,1150010300108820031,11500,44.2,[],화곡동,A,False,44.2,2025-10-18,164000000,170246399.5692224,0.3521367245169522,-0.4340755995172861
A,B1 공시비율,"공시가격 1.48억 × 실거래/공시 비율 1.79(법정동 5299건, 기준일 시점보정)",264181632.25404963,215679484.79418585,323590975.2242477,0.65,"공시가격 1.48억 × 실거래/공시 비율 1.79(법정동 5299건, 기준일 시점보정)",공시비율,법정동,5299,법정동,148000000.0,0.15827358659048354,,,1162010200104120318,11620,23.08,[],신림동,A,False,23.08,2025-10-18,260000000,273550061.8406348,0.034247587163928575,-0.034847779032373585
A,B1 공시비율,"공시가격 3.99억 × 실거래/공시 비율 1.76(법정동 134건, 기준일 시점보정)",701565415.0151795,566153418.2786498,869365114.9222112,0.65,"공시가격 3.99억 × 실거래/공시 비율 1.76(법정동 134건, 기준일 시점보정)",공시비율,법정동,134,법정동,399000000.0,0.16732915643846305,,,1168010400101110033,11680,36.91,[],청담동,A,False,36.91,2025-10-18,634000000,661882146.0958898,0.05995518862891434,0.058226632351985136
A,B1 공시비율,"공시가격 1.14억 × 실거래/공시 비율 1.70(법정동 11974건, 기준일 시점보정)",194339852.66319627,167425809.45975932,225580383.66378832,0.65,"공시가격 1.14억 × 실거래/공시 비율 1.70(법정동 11974건, 기준일 시점보정)",공시비율,법정동,11974,법정동,114000000.0,0.11631407594165089,,,1150010300100560433,11500,44.22,[],화곡동,A,False,44.22,2025-10-20,158000000,164017872.75571424,0.18486997421703627,0.16963304216758732
A,B1 공시비율,"공시가격 0.76억 × 실거래/공시 비율 1.70(법정동 11974건, 기준일 시점보정)",129389428.22049657,111470341.56136617,150189044.91299602,0.65,"공시가격 0.76억 × 실거래/공시 비율 1.70(법정동 11974건, 기준일 시점보정)",공시비율,법정동,11974,법정동,75900000.0,0.11631407594165089,,,1150010300101640025,11500,39.12,[],화곡동,A,False,39.12,2025-10-20,106000000,110037307.03864373,0.17586872764031392,0.16200721708957647
A,B1 공시비율,"공시가격 1.79억 × 실거래/공시 비율 1.79(법정동 5299건, 기준일 시점보정)",319516974.14510006,260855593.09567034,391370165.9806774,0.65,"공시가격 1.79억 × 실거래/공시 비율 1.79(법정동 5299건, 기준일 시점보정)",공시비율,법정동,5299,법정동,179000000.0,0.15827358659048354,,,1162010200100980194,11620,43.15,[],신림동,A,False,43.15,2025-10-20,294000000,309321993.00441015,0.03295912146972542,0.03242761672111085
A,B1 공시비율,"공시가격 3.83억 × 실거래/공시 비율 2.01(법정동 879건, 기준일 시점보정)",768009419.4970806,605207011.3508893,974606138.6824613,0.65,"공시가격 3.83억 × 실거래/공시 비율 2.01(법정동 879건, 기준일 시점보정)",공시비율,법정동,879,법정동,383000000.0,0.1858859480458787,,,1168010300112390012,11680,43.5,[],개포동,A,False,43.5,2025-10-20,760000000,793423392.7963349,0.032030783979894395,-0.03255499384336491
A,B1 공시비율,"공시가격 1.50억 × 실거래/공시 비율 1.79(법정동 5299건, 기준일 시점보정)",268644159.82590806,219322719.33462778,329057038.994927,0.65,"공시가격 1.50억 × 실거래/공시 비율 1.79(법정동 5299건, 기준일 시점보정)",공시비율,법정동,5299,법정동,150500000.0,0.15827358659048354,,,1162010200100920223,11620,66.48,[],신림동,A,False,66.48,2025-10-21,267500000,281440929.0091147,0.04546875690135384,-0.046534903928093674
A,B1 공시비율,"공시가격 2.42억 × 실거래/공시 비율 1.82(법정동 3331건, 기준일 시점보정)",439930196.2308791,369154908.21188974,524274696.7477713,0.65,"공시가격 2.42억 × 실거래/공시 비율 1.82(법정동 3331건, 기준일 시점보정)",공시비율,법정동,3331,법정동,242000000.0,0.136859946939685,,,1162010100115340016,11620,51.55,[],봉천동,A,False,51.55,2025-10-23,395000000,415585670.8732721,0.05857883720209059,0.056927288934619714
A,B1 공시비율,"공시가격 2.61억 × 실거래/공시 비율 1.79(법정동 5299건, 기준일 시점보정)",465887878.50207305,380353686.02217835,570657057.6589762,0.65,"공시가격 2.61억 × 실거래/공시 비율 1.79(법정동 5299건, 기준일 시점보정)",공시비율,법정동,5299,법정동,261000000.0,0.15827358659048354,,,1162010200107500024,11620,38.87,[],신림동,A,False,38.87,2025-10-26,430000000,452409717.65951145,0.029791934868882316,0.029356776854122246
A,B1 공시비율,"공시가격 1.22억 × 실거래/공시 비율 1.70(법정동 11974건, 기준일 시점보정)",207977737.06061354,179174989.0709705,241410586.02615944,0.65,"공시가격 1.22억 × 실거래/공시 비율 1.70(법정동 11974건, 기준일 시점보정)",공시비율,법정동,11974,법정동,122000000.0,0.11631407594165089,,,1150010300109710010,11500,59.46,[],화곡동,A,False,59.46,2025-10-27,215000000,223188877.48404154,0.06815366695195475,-0.07058735659434777
A,B1 공시비율,"공시가격 1.72억 × 실거래/공시 비율 1.70(법정동 11974건, 기준일 시점보정)",293214514.54447114,252607361.64104003,340349350.7909784,0.65,"공시가격 1.72억 × 실거래/공시 비율 1.70(법정동 11974건, 기준일 시점보정)",공시비율,법정동,11974,법정동,172000000.0,0.11631407594165089,,,1150010300107930006,11500,35.69,[],화곡동,A,False,35.69,2025-10-29,340000000,352949852.765461,0.1692459644137737,-0.18542151399669687
A,B1 공시비율,"공시가격 2.38억 × 실거래/공시 비율 1.82(법정동 3331건, 기준일 시점보정)",432658622.7394585,363053174.1918575,515608999.2808646,0.65,"공시가격 2.38억 × 실거래/공시 비율 1.82(법정동 3331건, 기준일 시점보정)",공시비율,법정동,3331,법정동,238000000.0,0.136859946939685,,,1162010100106350306,11620,49.89,[],봉천동,A,False,49.89,2025-10-29,360000000,378761624.0870328,0.14229793945555877,0.13304196990037168
A,B1 공시비율,"공시가격 1.42억 × 실거래/공시 비율 1.79(법정동 5299건, 기준일 시점보정)",253471566.08158803,206935721.8971242,310472422.1746159,0.65,"공시가격 1.42억 × 실거래/공시 비율 1.79(법정동 5299건, 기준일 시점보정)",공시비율,법정동,5299,법정동,142000000.0,0.15827358659048354,,,1162010200115740028,11620,33.91,[],신림동,A,False,33.91,2025-10-30,230000000,241986593.1667154,0.04746119512067391,0.046369326897103914
A,B1 공시비율,"공시가격 3.55억 × 실거래/공시 비율 2.12(법정동 325건, 기준일 시점보정)",751591261.3947617,582751843.3307389,969348155.0848873,0.65,"공시가격 3.55억 × 실거래/공시 비율 2.12(법정동 325건, 기준일 시점보정)",공시비율,법정동,325,법정동,355000000.0,0.19852621701939524,,,1168011400106380007,11680,42.21,[],일원동,A,False,42.21,2025-11-01,900000000,900744991.3714598,0.16558929708795725,-0.1810295483020463
A,B1 공시비율,"공시가격 2.05억 × 실거래/공시 비율 2.12(법정동 325건, 기준일 시점보정)",434017488.97443914,336518670.0923979,559764427.5842297,0.65,"공시가격 2.05억 × 실거래/공시 비율 2.12(법정동 325건, 기준일 시점보정)",공시비율,법정동,325,법정동,205000000.0,0.19852621701939524,,,1168011400106610001,11680,49.08,[],일원동,A,False,49.08,2025-11-01,572500000,572973897.2890675,0.24251786856622604,-0.2777553307431395
A,B1 공시비율,"공시가격 2.10억 × 실거래/공시 비율 1.82(법정동 3331건, 기준일 시점보정)",381757608.2995227,320341036.0516394,454949117.0125282,0.65,"공시가격 2.10억 × 실거래/공시 비율 1.82(법정동 3331건, 기준일 시점보정)",공시비율,법정동,3331,법정동,210000000.0,0.136859946939685,,,1162010100109350018,11620,57.03,[],봉천동,A,False,57.03,2025-11-03,387000000,401821898.43680716,0.049933291877172006,-0.051223077776133434
A,B1 공시비율,"공시가격 6.17억 × 실거래/공시 비율 1.91(법정동 221건, 기준일 시점보정)",1177822533.46698,912775052.9077443,1519833299.4786491,0.65,"공시가격 6.17억 × 실거래/공시 비율 1.91(법정동 221건, 기준일 시점보정)",공시비율,법정동,221,법정동,616500000.0,0.19891794184996942,,,1168010500100910037,11680,41.04,[],삼성동,A,False,41.04,2025-11-05,1345000000,1346113348.216237,0.12501979493202617,-0.13355401565988007
A,B1 공시비율,"공시가격 1.30억 × 실거래/공시 비율 1.79(법정동 5299건, 기준일 시점보정)",232051433.73666504,189448196.10300094,284235316.0753525,0.65,"공시가격 1.30억 × 실거래/공시 비율 1.79(법정동 5299건, 기준일 시점보정)",공시비율,법정동,5299,법정동,130000000.0,0.15827358659048354,,,1162010200100100232,11620,41.63,[],신림동,A,False,41.63,2025-11-06,260000000,269957864.58286786,0.14041610124889264,-0.15130684548378107
A,B1 공시비율,"공시가격 3.22억 × 실거래/공시 비율 2.12(법정동 325건, 기준일 시점보정)",681725031.4622897,528580545.2183031,879239735.0347413,0.65,"공시가격 3.22억 × 실거래/공시 비율 2.12(법정동 325건, 기준일 시점보정)",공시비율,법정동,325,법정동,322000000.0,0.19852621701939524,,,1168011400106530014,11680,17.46,[],일원동,A,False,17.46,2025-11-07,540000000,540446994.8228759,0.26140960721914236,0.2322298315329352
A,B1 공시비율,"공시가격 7.54억 × 실거래/공시 비율 1.91(법정동 221건, 기준일 시점보정)",1440516123.6562934,1116354241.5124748,1858806663.109333,0.65,"공시가격 7.54억 × 실거래/공시 비율 1.91(법정동 221건, 기준일 시점보정)",공시비율,법정동,221,법정동,754000000.0,0.19891794184996942,,,1168010500101010010,11680,67.9,[],삼성동,A,False,67.9,2025-11-07,1600000000,1601324429.1048174,0.10042206471453138,-0.10582958644825392
A,B1 공시비율,"공시가격 1.54억 × 실거래/공시 비율 1.70(법정동 11974건, 기준일 시점보정)",262529274.65028292,226171707.51581547,304731395.4756442,0.65,"공시가격 1.54억 × 실거래/공시 비율 1.70(법정동 11974건, 기준일 시점보정)",공시비율,법정동,11974,법정동,154000000.0,0.11631407594165089,,,1150010300104240066,11500,38.43,[],화곡동,A,False,38.43,2025-11-07,320000000,333010840.3694265,0.2116494635458553,-0.2378124448217488
A,B1 공시비율,"공시가격 0.98억 × 실거래/공시 비율 1.70(법정동 11974건, 기준일 시점보정)",167916451.64320022,144661773.9630376,194909366.58669424,0.65,"공시가격 0.98억 × 실거래/공시 비율 1.70(법정동 11974건, 기준일 시점보정)",공시비율,법정동,11974,법정동,98500000.0,0.11631407594165089,,,1150010300110810006,11500,33.6,[],화곡동,A,False,33.6,2025-11-07,210000000,218538363.9924361,0.2316385618727702,-0.26349503398103236
A,B1 공시비율,"공시가격 1.46억 × 실거래/공시 비율 1.79(법정동 5299건, 기준일 시점보정)",260611610.19656208,212764897.16183168,319218124.20770335,0.65,"공시가격 1.46억 × 실거래/공시 비율 1.79(법정동 5299건, 기준일 시점보정)",공시비율,법정동,5299,법정동,146000000.0,0.15827358659048354,,,1162010200104120456,11620,48.82,[],신림동,A,False,48.82,2025-11-08,345000000,358213320.3118823,0.2724681204773241,-0.3180974602468597
A,B1 공시비율,"공시가격 2.57억 × 실거래/공시 비율 1.79(법정동 5299건, 기준일 시점보정)",458747834.3870987,374524510.75747067,561911355.6258885,0.65,"공시가격 2.57억 × 실거래/공시 비율 1.79(법정동 5299건, 기준일 시점보정)",공시비율,법정동,5299,법정동,257000000.0,0.15827358659048354,,,1162010200116120048,11620,63.33,[],신림동,A,False,63.33,2025-11-09,450000000,467234765.6241943,0.018164168982069694,-0.018331162792982726
A,B1 공시비율,"공시가격 0.85억 × 실거래/공시 비율 1.79(법정동 5299건, 기준일 시점보정)",152082939.64895257,124161433.13827431,186283453.30476925,0.65,"공시가격 0.85억 × 실거래/공시 비율 1.79(법정동 5299건, 기준일 시점보정)",공시비율,법정동,5299,법정동,85200000.0,0.15827358659048354,,,1162010200107040043,11620,36.12,[],신림동,A,False,36.12,2025-11-10,140000000,145361927.08308268,0.04623640247991796,0.04519934630212876
A,B1 공시비율,"공시가격 3.17억 × 실거래/공시 비율 1.75(법정동 479건, 기준일 시점보정)",553612440.1913877,483417374.64459926,634000244.9435891,0.65,"공시가격 3.17억 × 실거래/공시 비율 1.75(법정동 479건, 기준일 시점보정)",공시비율,법정동,479,법정동,317000000.0,0.10579312210404665,,,1162010300106020145,11620,82.03,[],남현동,A,False,82.03,2025-11-10,545000000,565873216.1448576,0.02166700173052785,-0.021905177872464095
A,B1 공시비율,"공시가격 1.81억 × 실거래/공시 비율 1.70(법정동 11974건, 기준일 시점보정)",308557134.491566,265825188.703653,358158328.4486464,0.65,"공시가격 1.81억 × 실거래/공시 비율 1.70(법정동 11974건, 기준일 시점보정)",공시비율,법정동,11974,법정동,181000000.0,0.11631407594165089,,,1150010300110870037,11500,51.02,[],화곡동,A,False,51.02,2025-11-11,300000000,312197662.8463373,0.011660972479999546,-0.011729494831981848
A,B1 공시비율,"공시가격 1.07억 × 실거래/공시 비율 1.70(법정동 11974건, 기준일 시점보정)",182406703.81545603,157145277.29994944,211728956.59671345,0.65,"공시가격 1.07억 × 실거래/공시 비율 1.70(법정동 11974건, 기준일 시점보정)",공시비율,법정동,11974,법정동,107000000.0,0.11631407594165089,,,1150010300101640024,11500,59.82,[],화곡동,A,False,59.82,2025-11-12,170000000,176912008.94625783,0.031058913987390063,0.030586345970037117
A,B1 공시비율,"공시가격 1.71억 × 실거래/공시 비율 1.70(법정동 11974건, 기준일 시점보정)",291509778.9947942,251138714.18963882,338370575.49568224,0.65,"공시가격 1.71억 × 실거래/공시 비율 1.70(법정동 11974건, 기준일 시점보정)",공시비율,법정동,11974,법정동,171000000.0,0.11631407594165089,,,1150010300104240055,11500,42.75,[],화곡동,A,False,42.75,2025-11-13,280000000,291384485.32324815,0.0004299943128648291,0.0004299018918029134
A,B1 공시비율,"공시가격 1.36억 × 실거래/공시 비율 1.70(법정동 11974건, 기준일 시점보정)",231844034.7560938,199736053.3905901,269113440.1603089,0.65,"공시가격 1.36억 × 실거래/공시 비율 1.70(법정동 11974건, 기준일 시점보정)",공시비율,법정동,11974,법정동,136000000.0,0.11631407594165089,,,1150010300103400111,11500,62.46,[],화곡동,A,False,62.46,2025-11-14,217000000,225822976.12551734,0.026662737042442597,0.02631348075398589
A,B1 공시비율,"공시가격 0.82억 × 실거래/공시 비율 1.82(법정동 3331건, 기준일 시점보정)",149976203.26052675,125848264.16314402,178730010.25492173,0.65,"공시가격 0.82억 × 실거래/공시 비율 1.82(법정동 3331건, 기준일 시점보정)",공시비율,법정동,3331,법정동,82500000.0,0.136859946939685,,,1162010100101000107,11620,41.73,[],봉천동,A,False,41.73,2025-11-15,100000000,103829947.91648763,0.44444070588531365,0.3677221918887235
A,B1 공시비율,"공시가격 1.47억 × 실거래/공시 비율 1.79(법정동 5299건, 기준일 시점보정)",262396621.22530606,214222190.97800896,321404549.7159758,0.65,"공시가격 1.47억 × 실거래/공시 비율 1.79(법정동 5299건, 기준일 시점보정)",공시비율,법정동,5299,법정동,147000000.0,0.15827358659048354,,,1162010200100980108,11620,51.16,[],신림동,A,False,51.16,2025-11-15,360000000,373787812.4993555,0.2980064826865951,-0.35383110959525443
A,B1 공시비율,"공시가격 4.72억 × 실거래/공시 비율 1.75(법정동 173건, 기준일 시점보정)",825413869.0345393,611358618.5629948,1114416374.461179,0.65,"공시가격 4.72억 × 실거래/공시 비율 1.75(법정동 173건, 기준일 시점보정)",공시비율,법정동,173,법정동,472000000.0,0.2342393850643126,,,1168010600109280025,11680,74.28,[],대치동,A,False,74.28,2025-11-17,750000000,750620826.1428832,0.0996415770609315,0.0949842876717352
A,B1 공시비율,"공시가격 4.93억 × 실거래/공시 비율 1.75(법정동 173건, 기준일 시점보정)",862137791.1737864,638558896.083805,1163998458.9181364,0.65,"공시가격 4.93억 × 실거래/공시 비율 1.75(법정동 173건, 기준일 시점보정)",공시비율,법정동,173,법정동,493000000.0,0.2342393850643126,,,1168010600109160006,11680,109.44,[],대치동,A,False,109.44,2025-11-17,1400000000,1401158875.4667153,0.3846966205837187,-0.48563983294412577
A,B1 공시비율,"공시가격 0.99억 × 실거래/공시 비율 1.70(법정동 11974건, 기준일 시점보정)",169109766.52797413,145689827.17901853,196294509.2934016,0.65,"공시가격 0.99억 × 실거래/공시 비율 1.70(법정동 11974건, 기준일 시점보정)",공시비율,법정동,11974,법정동,99200000.0,0.11631407594165089,,,1150010300103940011,11500,41.92,[],화곡동,A,False,41.92,2025-11-17,167500000,174310361.75587168,0.029835261515785198,-0.030289388415901626
A,B1 공시비율,"공시가격 1.40억 × 실거래/공시 비율 1.70(법정동 11974건, 기준일 시점보정)",238662976.95480248,205610643.19619572,277028541.3414945,0.65,"공시가격 1.40억 × 실거래/공시 비율 1.70(법정동 11974건, 기준일 시점보정)",공시비율,법정동,11974,법정동,140000000.0,0.11631407594165089,,,1150010300101570006,11500,28.85,[],화곡동,A,False,28.85,2025-11-18,200000000,208131775.23089156,0.14669168938784602,0.13688100461966127
A,B1 공시비율,"공시가격 6.60억 × 실거래/공시 비율 1.74(법정동 154건, 기준일 시점보정)",1147324592.8347225,963285188.4017645,1366525445.602866,0.65,"공시가격 6.60억 × 실거래/공시 비율 1.74(법정동 154건, 기준일 시점보정)",공시비율,법정동,154,법정동,660000000.0,0.13642209443179268,,,1168011800109480003,11680,116.55,[],도곡동,A,False,116.55,2025-11-18,1360000000,1361125764.7390947,0.15707672093427338,-0.17087933453383886
A,B1 공시비율,"공시가격 1.55억 × 실거래/공시 비율 1.70(법정동 11974건, 기준일 시점보정)",264234010.19996005,227640354.96721682,306710170.7709405,0.65,"공시가격 1.55억 × 실거래/공시 비율 1.70(법정동 11974건, 기준일 시점보정)",공시비율,법정동,11974,법정동,155000000.0,0.11631407594165089,,,1150010300100290036,11500,57.0,[],화곡동,A,False,57.0,2025-11-19,255000000,265368013.4193867,0.00427332294052519,-0.004282479680785224
A,B1 공시비율,"공시가격 1.22억 × 실거래/공시 비율 1.70(법정동 11974건, 기준일 시점보정)",207977737.06061354,179174989.0709705,241410586.02615944,0.65,"공시가격 1.22억 × 실거래/공시 비율 1.70(법정동 11974건, 기준일 시점보정)",공시비율,법정동,11974,법정동,122000000.0,0.11631407594165089,,,1150010300104080111,11500,61.92,[],화곡동,A,False,61.92,2025-11-20,210000000,218538363.9924361,0.04832390404546126,-0.049530537425818665
A,B1 공시비율,"공시가격 1.08억 × 실거래/공시 비율 1.70(법정동 11974건, 기준일 시점보정)",184111439.36513314,158613924.7513508,213707731.8920098,0.65,"공시가격 1.08억 × 실거래/공시 비율 1.70(법정동 11974건, 기준일 시점보정)",공시비율,법정동,11974,법정동,108000000.0,0.11631407594165089,,,1150010300101550010,11500,52.72,[],화곡동,A,False,52.72,2025-11-25,175000000,182115303.3270301,0.010960836358263209,0.01090120175909819
A,B1 공시비율,"공시가격 0.98억 × 실거래/공시 비율 1.70(법정동 11974건, 기준일 시점보정)",167745978.0882323,144514909.21789733,194711489.05716437,0.65,"공시가격 0.98억 × 실거래/공시 비율 1.70(법정동 11974건, 기준일 시점보정)",공시비율,법정동,11974,법정동,98400000.0,0.11631407594165089,,,1150010300105040064,11500,52.32,[],화곡동,A,False,52.32,2025-11-25,150000000,156098831.42316866,0.07461392605489386,0.07196145852034395
A,B1 공시비율,"공시가격 1.30억 × 실거래/공시 비율 1.70(법정동 11974건, 기준일 시점보정)",222467989.2328694,191658492.4078824,258230176.03617874,0.65,"공시가격 1.30억 × 실거래/공시 비율 1.70(법정동 11974건, 기준일 시점보정)",공시비율,법정동,11974,법정동,130500000.0,0.11631407594165089,,,1150010300108650012,11500,29.99,[],화곡동,A,False,29.99,2025-11-26,210000000,218538363.9924361,0.017981397721863083,0.017821644603672762
A,B1 공시비율,"공시가격 1.02억 × 실거래/공시 비율 1.70(법정동 11974건, 기준일 시점보정)",173883026.06706992,149802040.0429422,201835080.12023118,0.65,"공시가격 1.02억 × 실거래/공시 비율 1.70(법정동 11974건, 기준일 시점보정)",공시비율,법정동,11974,법정동,102000000.0,0.11631407594165089,,,1150010300100460309,11500,29.98,[],화곡동,A,False,29.98,2025-11-27,120000000,124879065.13853493,0.3924113371138093,0.33103701906061606
A,B1 공시비율,"공시가격 1.01억 × 실거래/공시 비율 1.82(법정동 3331건, 기준일 시점보정)",183607230.65834162,154068784.00578827,218808861.0393585,0.65,"공시가격 1.01억 × 실거래/공시 비율 1.82(법정동 3331건, 기준일 시점보정)",공시비율,법정동,3331,법정동,101000000.0,0.136859946939685,,,1162010100115340004,11620,27.39,[],봉천동,A,False,27.39,2025-11-28,185000000,192085403.64550212,0.0441375181365012,-0.045141223700887065
A,B1 공시비율,"공시가격 1.23억 × 실거래/공시 비율 1.79(법정동 5299건, 기준일 시점보정)",219556356.53546032,179247139.38976273,268930337.5174493,0.65,"공시가격 1.23억 × 실거래/공시 비율 1.79(법정동 5299건, 기준일 시점보정)",공시비율,법정동,5299,법정동,123000000.0,0.15827358659048354,,,1162010200106110079,11620,39.18,[],신림동,A,False,39.18,2025-11-28,195000000,202468398.43715087,0.08439814919370643,0.08102513188483655
A,B1 공시비율,"공시가격 1.11억 × 실거래/공시 비율 1.70(법정동 11974건, 기준일 시점보정)",189225646.01416436,163019867.10555476,219644057.77789867,0.65,"공시가격 1.11억 × 실거래/공시 비율 1.70(법정동 11974건, 기준일 시점보정)",공시비율,법정동,11974,법정동,111000000.0,0.11631407594165089,,,1150010300101110141,11500,53.5,[],화곡동,A,False,53.5,2025-11-29,197000000,205009798.60242817,0.07699218620702972,-0.08011757886726319
A,B1 공시비율,"공시가격 1.77억 × 실거래/공시 비율 1.82(법정동 3331건, 기준일 시점보정)",321767126.9953119,270001730.38638175,383457112.9105594,0.65,"공시가격 1.77억 × 실거래/공시 비율 1.82(법정동 3331건, 기준일 시점보정)",공시비율,법정동,3331,법정동,177000000.0,0.136859946939685,,,1162010100106730058,11620,62.94,[],봉천동,A,False,62.94,2025-12-03,305000000,324387072.7860906,0.008076603572012125,-0.008109396021739804
A,B1 공시비율,"공시가격 3.26억 × 실거래/공시 비율 1.79(법정동 910건, 기준일 시점보정)",583613543.4825915,472115147.3614085,721444270.6189443,0.65,"공시가격 3.26억 × 실거래/공시 비율 1.79(법정동 910건, 기준일 시점보정)",공시비율,법정동,910,법정동,326000000.0,0.16543079826937637,,,1168010100107470006,11680,47.26,[],역삼동,A,False,47.26,2025-12-03,530000000,524446826.7807052,0.11281737953317154,0.10689497934587533
A,B1 공시비율,"공시가격 1.14억 × 실거래/공시 비율 1.70(법정동 11974건, 기준일 시점보정)",194339852.66319627,167425809.45975932,225580383.66378832,0.65,"공시가격 1.14억 × 실거래/공시 비율 1.70(법정동 11974건, 기준일 시점보정)",공시비율,법정동,11974,법정동,114000000.0,0.11631407594165089,,,1150010300103680017,11500,57.31,[],화곡동,A,False,57.31,2025-12-05,201000000,207817167.41395155,0.06485178735936566,-0.0670502460626225
A,B1 공시비율,"공시가격 1.25억 × 실거래/공시 비율 1.70(법정동 11974건, 기준일 시점보정)",213091943.70964506,183580931.42517474,247346911.91204864,0.65,"공시가격 1.25억 × 실거래/공시 비율 1.70(법정동 11974건, 기준일 시점보정)",공시비율,법정동,11974,법정동,125000000.0,0.11631407594165089,,,1150010300104100283,11500,55.44,[],화곡동,A,False,55.44,2025-12-09,217000000,224359827.5066044,0.050222376805079565,-0.05152740263620043
A,B1 공시비율,"공시가격 0.92억 × 실거래/공시 비율 1.70(법정동 11974건, 기준일 시점보정)",155983302.7954603,134381241.80322802,181057939.51961976,0.65,"공시가격 0.92억 × 실거래/공시 비율 1.70(법정동 11974건, 기준일 시점보정)",공시비율,법정동,11974,법정동,91500000.0,0.11631407594165089,,,1150010300103940023,11500,43.71,[],화곡동,A,False,43.71,2025-12-09,170000000,175765763.48443663,0.11255013659544669,-0.11940325116682729
A,B1 공시비율,"공시가격 2.17억 × 실거래/공시 비율 1.82(법정동 3331건, 기준일 시점보정)",394482861.9095069,331019070.5866942,470114087.5796126,0.65,"공시가격 2.17억 × 실거래/공시 비율 1.82(법정동 3331건, 기준일 시점보정)",공시비율,법정동,3331,법정동,217000000.0,0.136859946939685,,,1162010100109180002,11620,79.29,[],봉천동,A,False,79.29,2025-12-11,435000000,462650415.2850801,0.14734138590055965,-0.1593960295363814
A,B1 공시비율,"공시가격 2.12억 × 실거래/공시 비율 2.12(법정동 325건, 기준일 시점보정)",448837598.35405356,348009551.5101867,578878334.8675929,0.65,"공시가격 2.12억 × 실거래/공시 비율 2.12(법정동 325건, 기준일 시점보정)",공시비율,법정동,325,법정동,212000000.0,0.19852621701939524,,,1168011400106420005,11680,16.76,[],일원동,A,False,16.76,2025-12-13,578000000,571943897.8853729,0.21524191443684548,-0.24237977995137636
A,B1 공시비율,"공시가격 1.50억 × 실거래/공시 비율 1.82(법정동 3331건, 기준일 시점보정)",272684005.9282307,228815025.7511712,324963655.008949,0.65,"공시가격 1.50억 × 실거래/공시 비율 1.82(법정동 3331건, 기준일 시점보정)",공시비율,법정동,3331,법정동,150000000.0,0.136859946939685,,,1162010100101800097,11620,51.3,[],봉천동,A,False,51.3,2025-12-13,250000000,265891043.2672874,0.025547918340801962,0.025227024245853
A,B1 공시비율,"공시가격 1.31억 × 실거래/공시 비율 1.70(법정동 11974건, 기준일 시점보정)",223320357.00770804,192392816.13358316,259219563.683827,0.65,"공시가격 1.31억 × 실거래/공시 비율 1.70(법정동 11974건, 기준일 시점보정)",공시비율,법정동,11974,법정동,131000000.0,0.11631407594165089,,,1150010300100550075,11500,61.71,[],화곡동,A,False,61.71,2025-12-14,223000000,230563325.04134923,0.031414224410331676,-0.031918234657009194
A,B1 공시비율,"공시가격 2.42억 × 실거래/공시 비율 1.91(법정동 221건, 기준일 시점보정)",462340718.7331871,358299371.94432217,596593119.9899982,0.65,"공시가격 2.42억 × 실거래/공시 비율 1.91(법정동 221건, 기준일 시점보정)",공시비율,법정동,221,법정동,242000000.0,0.19891794184996942,,,1168010500100270005,11680,39.6,[],삼성동,A,False,39.6,2025-12-14,760000000,752036959.1572376,0.38521542976916406,-0.4864833648498846
A,B1 공시비율,"공시가격 2.86억 × 실거래/공시 비율 1.79(법정동 910건, 기준일 시점보정)",512004519.74239653,414186908.4213586,632923501.2178471,0.65,"공시가격 2.86억 × 실거래/공시 비율 1.79(법정동 910건, 기준일 시점보정)",공시비율,법정동,910,법정동,286000000.0,0.16543079826937637,,,1168010100107810018,11680,27.74,[],역삼동,A,False,27.74,2025-12-15,530000000,524446826.7807052,0.023724630225499234,-0.02401059120097906
A,B1 공시비율,"공시가격 0.55억 × 실거래/공시 비율 1.70(법정동 11974건, 기준일 시점보정)",93078561.01237284,80188150.8465162,108041131.1231827,0.65,"공시가격 0.55억 × 실거래/공시 비율 1.70(법정동 11974건, 기준일 시점보정)",공시비율,법정동,11974,법정동,54600000.0,0.11631407594165089,,,1150010300104100226,11500,35.95,[],화곡동,A,False,35.95,2025-12-16,55000000,56865394.0684942,0.6368225796564424,0.49275691112034514
A,B1 공시비율,"공시가격 1.26억 × 실거래/공시 비율 1.70(법정동 11974건, 기준일 시점보정)",214796679.25932175,185049578.87657574,249325687.20734447,0.65,"공시가격 1.26억 × 실거래/공시 비율 1.70(법정동 11974건, 기준일 시점보정)",공시비율,법정동,11974,법정동,126000000.0,0.11631407594165089,,,1150010300110440011,11500,29.91,[],화곡동,A,False,29.91,2025-12-16,220000000,227461576.2739768,0.05567928096743787,-0.057289425798927734
A,B1 공시비율,"공시가격 1.58억 × 실거래/공시 비율 1.79(법정동 5299건, 기준일 시점보정)",282031742.5414848,230252422.95595467,345455230.30696636,0.65,"공시가격 1.58억 × 실거래/공시 비율 1.79(법정동 5299건, 기준일 시점보정)",공시비율,법정동,5299,법정동,158000000.0,0.15827358659048354,,,1162010200100920006,11620,48.26,[],신림동,A,False,48.26,2025-12-17,199000000,211649270.4407608,0.33254294689583425,0.2870891068543002
A,B1 공시비율,"공시가격 14.06억 × 실거래/공시 비율 1.91(법정동 221건, 기준일 시점보정)",2686161365.8630595,2081689739.4781673,3466156721.9253583,0.65,"공시가격 14.06억 × 실거래/공시 비율 1.91(법정동 221건, 기준일 시점보정)",공시비율,법정동,221,법정동,1406000000.0,0.19891794184996942,,,1168010500100950006,11680,122.08,[],삼성동,A,False,122.08,2025-12-17,1700000000,1682187934.9569788,0.596825961025429,0.46801788460010757
A,B1 공시비율,"공시가격 2.69억 × 실거래/공시 비율 1.82(법정동 3331건, 기준일 시점보정)",488104370.6115319,409578896.0945955,581684942.4660174,0.65,"공시가격 2.69억 × 실거래/공시 비율 1.82(법정동 3331건, 기준일 시점보정)",공시비율,법정동,3331,법정동,268500000.0,0.136859946939685,,,1162010100100410305,11620,40.07,[],봉천동,A,False,40.07,2025-12-17,415450000,441857735.7015782,0.10466408342161007,0.09954129184977058
A,B1 공시비율,"공시가격 1.60억 × 실거래/공시 비율 1.70(법정동 11974건, 기준일 시점보정)",272757687.9483457,234983592.2242237,316604047.24742234,0.65,"공시가격 1.60억 × 실거래/공시 비율 1.70(법정동 11974건, 기준일 시점보정)",공시비율,법정동,11974,법정동,160000000.0,0.11631407594165089,,,1150010300101050090,11500,63.0,[],화곡동,A,False,63.0,2025-12-17,295000000,305005295.4582871,0.10572802502162333,-0.11174532750403489
A,B1 공시비율,"공시가격 1.54억 × 실거래/공시 비율 1.70(법정동 11974건, 기준일 시점보정)",262529274.65028292,226171707.51581547,304731395.4756442,0.65,"공시가격 1.54억 × 실거래/공시 비율 1.70(법정동 11974건, 기준일 시점보정)",공시비율,법정동,11974,법정동,154000000.0,0.11631407594165089,,,1150010300103540024,11500,36.5,[],화곡동,A,False,36.5,2025-12-18,273000000,282259137.8308894,0.06989982089588641,-0.07246297916937179
A,B1 공시비율,"공시가격 1.49억 × 실거래/공시 비율 1.70(법정동 11974건, 기준일 시점보정)",254005596.90189636,218828470.2588078,294837518.99916136,0.65,"공시가격 1.49억 × 실거래/공시 비율 1.70(법정동 11974건, 기준일 시점보정)",공시비율,법정동,11974,법정동,149000000.0,0.11631407594165089,,,1150010300107890012,11500,64.5,[],화곡동,A,False,64.5,2025-12-18,250000000,258479063.94770092,0.017306883495638525,-0.017458398314831508
A,B1 공시비율,"공시가격 2.80억 × 실거래/공시 비율 2.01(법정동 879건, 기준일 시점보정)",561469027.3085711,442448990.02153826,712505793.2926615,0.65,"공시가격 2.80억 × 실거래/공시 비율 2.01(법정동 879건, 기준일 시점보정)",공시비율,법정동,879,법정동,280000000.0,0.1858859480458787,,,1168010300106600025,11680,34.45,[],개포동,A,False,34.45,2025-12-18,416000000,411641282.9071196,0.36397647812029055,0.3104043144927318
A,B1 공시비율,"공시가격 1.51억 × 실거래/공시 비율 1.82(법정동 3331건, 기준일 시점보정)",274501899.3010854,230340459.25617883,327130079.3756751,0.65,"공시가격 1.51억 × 실거래/공시 비율 1.82(법정동 3331건, 기준일 시점보정)",공시비율,법정동,3331,법정동,151000000.0,0.136859946939685,,,1162010100116880022,11620,53.66,[],봉천동,A,False,53.66,2025-12-19,243000000,258446094.05580336,0.062124387307688635,0.060271041486218875
A,B1 공시비율,"공시가격 3.38억 × 실거래/공시 비율 1.75(법정동 833건, 기준일 시점보정)",591564506.7352839,502384725.2493982,696574851.9826815,0.65,"공시가격 3.38억 × 실거래/공시 비율 1.75(법정동 833건, 기준일 시점보정)",공시비율,법정동,833,법정동,338000000.0,0.1275004077190172,,,1168010800101240026,11680,61.68,[],논현동,A,False,61.68,2025-12-19,555000000,549184884.6477196,0.07716822380271643,0.07433558263672722
A,B1 공시비율,"공시가격 0.96억 × 실거래/공시 비율 1.70(법정동 11974건, 기준일 시점보정)",164506980.54384577,141724479.0602347,190951815.9961013,0.65,"공시가격 0.96억 × 실거래/공시 비율 1.70(법정동 11974건, 기준일 시점보정)",공시비율,법정동,11974,법정동,96500000.0,0.11631407594165089,,,1150010300101660019,11500,40.28,[],화곡동,A,False,40.28,2025-12-20,160000000,165426600.9265286,0.005559084074339796,-0.005574593286930059
A,B1 공시비율,"공시가격 1.33억 × 실거래/공시 비율 1.82(법정동 3331건, 기준일 시점보정)",241779818.5896975,202882656.16603813,288134440.774601,0.65,"공시가격 1.33억 × 실거래/공시 비율 1.82(법정동 3331건, 기준일 시점보정)",공시비율,법정동,3331,법정동,133000000.0,0.136859946939685,,,1162010100100410037,11620,29.99,[],봉천동,A,False,29.99,2025-12-23,220000000,233984118.07521293,0.03331722075247303,0.03277422988123418
A,B1 공시비율,"공시가격 1.10억 × 실거래/공시 비율 1.79(법정동 5299건, 기준일 시점보정)",196351213.16179326,160302319.77946216,240506805.90991336,0.65,"공시가격 1.10억 × 실거래/공시 비율 1.79(법정동 5299건, 기준일 시점보정)",공시비율,법정동,5299,법정동,110000000.0,0.15827358659048354,,,1162010200106460467,11620,28.78,[],신림동,A,False,28.78,2025-12-23,170000000,180805909.42175543,0.08597785210535461,0.08248082729398074
A,B1 공시비율,"공시가격 2.70억 × 실거래/공시 비율 1.79(법정동 910건, 기준일 시점보정)",483360910.24631906,391015612.84533906,597515193.457409,0.65,"공시가격 2.70억 × 실거래/공시 비율 1.79(법정동 910건, 기준일 시점보정)",공시비율,법정동,910,법정동,270000000.0,0.16543079826937637,,,1168010100107920033,11680,29.79,[],역삼동,A,False,29.79,2025-12-23,365000000,361175644.8584102,0.3382987394839664,0.29139920994122054
A,B1 공시비율,"공시가격 1.06억 × 실거래/공시 비율 1.75(법정동 833건, 기준일 시점보정)",185520229.9228996,157552606.14330235,218452468.3732669,0.65,"공시가격 1.06억 × 실거래/공시 비율 1.75(법정동 833건, 기준일 시점보정)",공시비율,법정동,833,법정동,106000000.0,0.1275004077190172,,,1168010800102440017,11680,14.04,[],논현동,A,False,14.04,2025-12-23,179500000,177619255.48516336,0.044482645849150154,0.04352168708387612
A,B1 공시비율,"공시가격 1.00억 × 실거래/공시 비율 1.82(법정동 3331건, 기준일 시점보정)",182698283.97191462,153306067.25328472,217725648.85599583,0.65,"공시가격 1.00억 × 실거래/공시 비율 1.82(법정동 3331건, 기준일 시점보정)",공시비율,법정동,3331,법정동,100500000.0,0.136859946939685,,,1162010100116280021,11620,33.82,[],봉천동,A,False,33.82,2025-12-24,160000000,170170267.69106394,0.07362047701302732,0.07103656027714736
A,B1 공시비율,"공시가격 2.13억 × 실거래/공시 비율 1.82(법정동 3331건, 기준일 시점보정)",387211288.4180872,324917336.5666627,461448390.11270696,0.65,"공시가격 2.13억 × 실거래/공시 비율 1.82(법정동 3331건, 기준일 시점보정)",공시비율,법정동,3331,법정동,213000000.0,0.136859946939685,,,1162010100115860014,11620,27.42,[],봉천동,A,False,27.42,2025-12-25,260000000,276526684.9979789,0.4002673500422472,0.33666318270573975
A,B1 공시비율,"공시가격 1.52억 × 실거래/공시 비율 1.70(법정동 11974건, 기준일 시점보정)",259119803.5509281,223234412.6130122,300773844.8850508,0.65,"공시가격 1.52억 × 실거래/공시 비율 1.70(법정동 11974건, 기준일 시점보정)",공시비율,법정동,11974,법정동,152000000.0,0.11631407594165089,,,1150010300104080027,11500,47.92,[],화곡동,A,False,47.92,2025-12-25,228000000,235732906.32030323,0.09920930257758666,0.09459110549379246
A,B1 공시비율,"공시가격 1.38억 × 실거래/공시 비율 1.70(법정동 11974건, 기준일 시점보정)",235253505.8554477,202673348.29339254,273070990.7509012,0.65,"공시가격 1.38억 × 실거래/공시 비율 1.70(법정동 11974건, 기준일 시점보정)",공시비율,법정동,11974,법정동,138000000.0,0.11631407594165089,,,1150010300100290016,11500,69.07,[],화곡동,A,False,69.07,2025-12-26,233000000,240902487.59925726,0.02344924620789581,-0.02372855480653971
A,B1 공시비율,"공시가격 2.72억 × 실거래/공시 비율 1.82(법정동 3331건, 기준일 시점보정)",494466997.41652405,414917913.36212295,589267427.7495596,0.65,"공시가격 2.72억 × 실거래/공시 비율 1.82(법정동 3331건, 기준일 시점보정)",공시비율,법정동,3331,법정동,272000000.0,0.136859946939685,,,1162010100109100026,11620,70.31,[],봉천동,A,False,70.31,2025-12-26,500000000,531782086.5345748,0.07016988737100802,-0.0727533841143528
A,B1 공시비율,"공시가격 1.22억 × 실거래/공시 비율 2.01(법정동 879건, 기준일 시점보정)",244640076.1844492,192781345.65224195,310448952.791803,0.65,"공시가격 1.22억 × 실거래/공시 비율 2.01(법정동 879건, 기준일 시점보정)",공시비율,법정동,879,법정동,122000000.0,0.1858859480458787,,,1168010300112550002,11680,26.68,[],개포동,A,False,26.68,2025-12-26,349500000,345838048.98086125,0.2926166542247998,-0.34618254535586135
A,B1 공시비율,"공시가격 3.16억 × 실거래/공시 비율 2.01(법정동 879건, 기준일 시점보정)",633657902.2482455,499335288.7385939,804113681.0017192,0.65,"공시가격 3.16억 × 실거래/공시 비율 2.01(법정동 879건, 기준일 시점보정)",공시비율,법정동,879,법정동,316000000.0,0.1858859480458787,,,1168010300101600007,11680,36.84,[],개포동,A,False,36.84,2025-12-27,880000000,870779636.9189067,0.27230969193270615,-0.31787972230059297
A,B1 공시비율,"공시가격 5.42억 × 실거래/공시 비율 1.75(법정동 173건, 기준일 시점보정)",947826942.8320334,702026210.2990314,1279689989.3177085,0.65,"공시가격 5.42억 × 실거래/공시 비율 1.75(법정동 173건, 기준일 시점보정)",공시비율,법정동,173,법정동,542000000.0,0.2342393850643126,,,1168010600109160044,11680,56.36,[],대치동,A,False,56.36,2025-12-27,840000000,831198744.3316838,0.14031325154866933,0.13130300672096445
A,B1 공시비율,"공시가격 5.12억 × 실거래/공시 비율 1.75(법정동 173건, 기준일 시점보정)",895364196.9188201,663168670.983586,1208858440.0934796,0.65,"공시가격 5.12억 × 실거래/공시 비율 1.75(법정동 173건, 기준일 시점보정)",공시비율,법정동,173,법정동,512000000.0,0.2342393850643126,,,1168010600109170025,11680,69.9,[],대치동,A,False,69.9,2025-12-29,950000000,940046198.946547,0.04753170863070273,-0.048698462436402364
A,B1 공시비율,"공시가격 0.98억 × 실거래/공시 비율 1.82(법정동 3331건, 기준일 시점보정)",177608182.52792087,149034853.43926278,211659660.629162,0.65,"공시가격 0.98억 × 실거래/공시 비율 1.82(법정동 3331건, 기준일 시점보정)",공시비율,법정동,3331,법정동,97700000.0,0.136859946939685,,,1162010100106490090,11620,52.31,[],봉천동,A,False,52.31,2025-12-29,162000000,172297396.03720224,0.030823370595641122,0.03035787182819621
A,B1 공시비율,"공시가격 1.45억 × 실거래/공시 비율 1.70(법정동 11974건, 기준일 시점보정)",246334286.92834938,212219556.72750175,285933030.1703279,0.65,"공시가격 1.45억 × 실거래/공시 비율 1.70(법정동 11974건, 기준일 시점보정)",공시비율,법정동,11974,법정동,144500000.0,0.11631407594165089,,,1150010300103660064,11500,29.72,[],화곡동,A,False,29.72,2025-12-30,220000000,227461576.2739768,0.08297098333496312,0.07970817480208217
A,B1 공시비율,"공시가격 2.51억 × 실거래/공시 비율 1.70(법정동 11974건, 기준일 시점보정)",427888622.9689673,368630510.3017509,496672599.1193937,0.65,"공시가격 2.51억 × 실거래/공시 비율 1.70(법정동 11974건, 기준일 시점보정)",공시비율,법정동,11974,법정동,251000000.0,0.11631407594165089,,,1150010300101610030,11500,49.73,[],화곡동,A,False,49.73,2025-12-30,255000000,263648645.22665495,0.6229502055704388,0.4842456075753158
A,B1 공시비율,"공시가격 1.57억 × 실거래/공시 비율 1.79(법정동 5299건, 기준일 시점보정)",280246731.5127413,228795129.13977784,343268804.7986946,0.65,"공시가격 1.57억 × 실거래/공시 비율 1.79(법정동 5299건, 기준일 시점보정)",공시비율,법정동,5299,법정동,157000000.0,0.15827358659048354,,,1162010200100980381,11620,54.15,[],신림동,A,False,54.15,2026-01-01,220000000,228650370.4818934,0.2256561444536728,0.20347632872459606
A,B1 공시비율,"공시가격 1.30억 × 실거래/공시 비율 1.70(법정동 11974건, 기준일 시점보정)",221615621.45803073,190924168.6821816,257240788.38853043,0.65,"공시가격 1.30억 × 실거래/공시 비율 1.70(법정동 11974건, 기준일 시점보정)",공시비율,법정동,11974,법정동,130000000.0,0.11631407594165089,,,1150010300103600002,11500,23.41,[],화곡동,A,False,23.41,2026-01-02,185000000,187694605.3208579,0.18072451298845765,0.16612824411835742
A,B1 공시비율,"공시가격 1.64억 × 실거래/공시 비율 1.70(법정동 11974건, 기준일 시점보정)",279576630.1470543,240858182.02982923,324519148.42860776,0.65,"공시가격 1.64억 × 실거래/공시 비율 1.70(법정동 11974건, 기준일 시점보정)",공시비율,법정동,11974,법정동,164000000.0,0.11631407594165089,,,1150010300103620023,11500,27.5,[],화곡동,A,False,27.5,2026-01-02,260000000,263787012.8833679,0.05985744745768708,0.05813441554977116
A,B1 공시비율,"공시가격 1.02억 × 실거래/공시 비율 1.70(법정동 11974건, 기준일 시점보정)",173883026.06706992,149802040.0429422,201835080.12023118,0.65,"공시가격 1.02억 × 실거래/공시 비율 1.70(법정동 11974건, 기준일 시점보정)",공시비율,법정동,11974,법정동,102000000.0,0.11631407594165089,,,1150010300104670008,11500,42.69,[],화곡동,A,False,42.69,2026-01-03,180000000,182621778.1500239,0.04785164273110461,-0.049034418864841424
A,B1 공시비율,"공시가격 1.77억 × 실거래/공시 비율 1.82(법정동 3331건, 기준일 시점보정)",321767126.9953119,270001730.38638175,383457112.9105594,0.65,"공시가격 1.77억 × 실거래/공시 비율 1.82(법정동 3331건, 기준일 시점보정)",공시비율,법정동,3331,법정동,177000000.0,0.136859946939685,,,1162010100106350398,11620,38.87,[],봉천동,A,False,38.87,2026-01-03,280000000,291009562.4315007,0.1056926250354784,0.1004719485932453
A,B1 공시비율,"공시가격 1.12억 × 실거래/공시 비율 1.79(법정동 5299건, 기준일 시점보정)",199921235.21928024,163216907.41181588,244879656.92645708,0.65,"공시가격 1.12억 × 실거래/공시 비율 1.79(법정동 5299건, 기준일 시점보정)",공시비율,법정동,5299,법정동,112000000.0,0.15827358659048354,,,1162010200105980039,11620,52.52,[],신림동,A,False,52.52,2026-01-05,240000000,249436767.79842916,0.1985093577670258,-0.2212819823182483
A,B1 공시비율,"공시가격 0.90억 × 실거래/공시 비율 1.70(법정동 11974건, 기준일 시점보정)",153255725.91597685,132031405.88098578,177891899.04714555,0.65,"공시가격 0.90억 × 실거래/공시 비율 1.70(법정동 11974건, 기준일 시점보정)",공시비율,법정동,11974,법정동,89900000.0,0.11631407594165089,,,1150010300104090155,11500,43.44,[],화곡동,A,False,43.44,2026-01-05,140000000,142039160.78335193,0.07896811745975615,0.07600513760937154
A,B1 공시비율,"공시가격 3.87억 × 실거래/공시 비율 1.82(법정동 3331건, 기준일 시점보정)",703524735.2948356,590342766.4380219,838406229.9230887,0.65,"공시가격 3.87억 × 실거래/공시 비율 1.82(법정동 3331건, 기준일 시점보정)",공시비율,법정동,3331,법정동,387000000.0,0.136859946939685,,,1162010100117180005,11620,59.49,[],봉천동,A,False,59.49,2026-01-05,580170000,602982206.5567276,0.16674211551323617,0.15421534817613236
A,B1 공시비율,"공시가격 2.48억 × 실거래/공시 비율 1.79(법정동 5299건, 기준일 시점보정)",442682735.12840736,361408866.41187894,542233526.051442,0.65,"공시가격 2.48억 × 실거래/공시 비율 1.79(법정동 5299건, 기준일 시점보정)",공시비율,법정동,5299,법정동,248000000.0,0.15827358659048354,,,1162010200104630006,11620,84.21,[],신림동,A,False,84.21,2026-01-06,450000000,467693939.6220547,0.05347771774391387,-0.05496076687073233
A,B1 공시비율,"공시가격 1.21억 × 실거래/공시 비율 1.79(법정동 5299건, 기준일 시점보정)",215986334.47797275,176332551.7574085,264557486.50090492,0.65,"공시가격 1.21억 × 실거래/공시 비율 1.79(법정동 5299건, 기준일 시점보정)",공시비율,법정동,5299,법정동,121000000.0,0.15827358659048354,,,1162010200107530001,11620,47.62,[],신림동,A,False,47.62,2026-01-06,200000000,207863973.16535762,0.03907536832346468,0.038331248777354436
A,B1 공시비율,"공시가격 4.17억 × 실거래/공시 비율 1.79(법정동 910건, 기준일 시점보정)",746524072.4915358,603901890.9500225,922829021.0064409,0.65,"공시가격 4.17억 × 실거래/공시 비율 1.79(법정동 910건, 기준일 시점보정)",공시비율,법정동,910,법정동,417000000.0,0.16543079826937637,,,1168010100107810001,11680,57.41,[],역삼동,A,False,57.41,2026-01-06,830000000,804768535.7282773,0.07237418046424127,-0.07512683921479137
A,B1 공시비율,"공시가격 1.04억 × 실거래/공시 비율 1.70(법정동 11974건, 기준일 시점보정)",177292497.16642475,152739334.94574544,205792630.71082452,0.65,"공시가격 1.04억 × 실거래/공시 비율 1.70(법정동 11974건, 기준일 시점보정)",공시비율,법정동,11974,법정동,104000000.0,0.11631407594165089,,,1150010300100240294,11500,38.86,[],화곡동,A,False,38.86,2026-01-09,150000000,152184815.12501994,0.16498151948194592,0.1527052237862177
A,B1 공시비율,"공시가격 1.62억 × 실거래/공시 비율 1.79(법정동 5299건, 기준일 시점보정)",289171786.65645915,236081598.22066247,354200932.3400543,0.65,"공시가격 1.62억 × 실거래/공시 비율 1.79(법정동 5299건, 기준일 시점보정)",공시비율,법정동,5299,법정동,162000000.0,0.15827358659048354,,,1162010200103060044,11620,68.32,[],신림동,A,False,68.32,2026-01-09,250000000,259829966.45669705,0.1129270060720736,0.10699348709878681
A,B1 공시비율,"공시가격 2.09억 × 실거래/공시 비율 2.01(법정동 879건, 기준일 시점보정)",419096523.95532644,330256567.55179113,531834681.4220225,0.65,"공시가격 2.09억 × 실거래/공시 비율 2.01(법정동 879건, 기준일 시점보정)",공시비율,법정동,879,법정동,209000000.0,0.1858859480458787,,,1168010300112090006,11680,46.46,[],개포동,A,False,46.46,2026-01-10,600000000,581760387.2734535,0.2796062895937047,-0.327957396414874
A,B1 공시비율,"공시가격 4.42억 × 실거래/공시 비율 1.75(법정동 173건, 기준일 시점보정)",772951123.1213264,572501079.2475498,1043584825.2369508,0.65,"공시가격 4.42억 × 실거래/공시 비율 1.75(법정동 173건, 기준일 시점보정)",공시비율,법정동,173,법정동,442000000.0,0.2342393850643126,,,1168010600109170022,11680,63.71,[],대치동,A,False,63.71,2026-01-12,880000000,853248568.0010651,0.09410791636938141,-0.09883509302416058
A,B1 공시비율,"공시가격 0.90억 × 실거래/공시 비율 1.70(법정동 11974건, 기준일 시점보정)",154108093.6908153,132765729.60668635,178881286.69479355,0.65,"공시가격 0.90억 × 실거래/공시 비율 1.70(법정동 11974건, 기준일 시점보정)",공시비율,법정동,11974,법정동,90400000.0,0.11631407594165089,,,1150010300104100020,11500,45.81,[],화곡동,A,False,45.81,2026-01-13,140000000,142039160.78335193,0.08496905248455919,0.081551463529927
A,B1 공시비율,"공시가격 1.31억 × 실거래/공시 비율 1.70(법정동 11974건, 기준일 시점보정)",223320357.00770804,192392816.13358316,259219563.683827,0.65,"공시가격 1.31억 × 실거래/공시 비율 1.70(법정동 11974건, 기준일 시점보정)",공시비율,법정동,11974,법정동,131000000.0,0.11631407594165089,,,1150010300104100039,11500,57.54,[],화곡동,A,False,57.54,2026-01-13,240000000,243495704.2000319,0.08285709704245871,-0.08649198139973928
A,B1 공시비율,"공시가격 1.00억 × 실거래/공시 비율 1.70(법정동 11974건, 기준일 시점보정)",170473554.96771622,146864745.14013994,197877529.5296391,0.65,"공시가격 1.00억 × 실거래/공시 비율 1.70(법정동 11974건, 기준일 시점보정)",공시비율,법정동,11974,법정동,100000000.0,0.11631407594165089,,,1150010300104780013,11500,29.97,[],화곡동,A,False,29.97,2026-01-13,179000000,181607212.71585712,0.06130625310328746,-0.06326600111156214
A,B1 공시비율,"공시가격 1.33억 × 실거래/공시 비율 1.82(법정동 3331건, 기준일 시점보정)",241779818.5896975,202882656.16603813,288134440.774601,0.65,"공시가격 1.33억 × 실거래/공시 비율 1.82(법정동 3331건, 기준일 시점보정)",공시비율,법정동,3331,법정동,133000000.0,0.136859946939685,,,1162010100108980009,11620,41.16,[],봉천동,A,False,41.16,2026-01-13,225000000,233846969.81102735,0.033923248118548334,0.0333605452059987
A,B1 공시비율,"공시가격 0.60억 × 실거래/공시 비율 1.79(법정동 5299건, 기준일 시점보정)",106743659.51886587,87146170.2073804,130748245.39466211,0.65,"공시가격 0.60억 × 실거래/공시 비율 1.79(법정동 5299건, 기준일 시점보정)",공시비율,법정동,5299,법정동,59800000.0,0.15827358659048354,,,1162010200106460142,11620,27.36,[],신림동,A,False,27.36,2026-01-14,130000000,135111582.55748245,0.20995922408463844,-0.23567071977034623
A,B1 공시비율,"공시가격 1.40억 × 실거래/공시 비율 1.70(법정동 11974건, 기준일 시점보정)",238662976.95480248,205610643.19619572,277028541.3414945,0.65,"공시가격 1.40억 × 실거래/공시 비율 1.70(법정동 11974건, 기준일 시점보정)",공시비율,법정동,11974,법정동,140000000.0,0.11631407594165089,,,1150010300101050427,11500,63.96,[],화곡동,A,False,63.96,2026-01-15,240000000,243495704.2000319,0.019847279282016957,-0.0200468819915865
A,B1 공시비율,"공시가격 3.26억 × 실거래/공시 비율 1.79(법정동 910건, 기준일 시점보정)",583613543.4825915,472115147.3614085,721444270.6189443,0.65,"공시가격 3.26억 × 실거래/공시 비율 1.79(법정동 910건, 기준일 시점보정)",공시비율,법정동,910,법정동,326000000.0,0.16543079826937637,,,1168010100107780023,11680,40.59,[],역삼동,A,False,40.59,2026-01-16,690000000,669024445.3644716,0.12766484464607245,-0.13658157644754668
A,B1 공시비율,"공시가격 15.94억 × 실거래/공시 비율 1.79(법정동 910건, 기준일 시점보정)",2853619596.0467896,2308440321.761004,3527552660.633744,0.65,"공시가격 15.94억 × 실거래/공시 비율 1.79(법정동 910건, 기준일 시점보정)",공시비율,법정동,910,법정동,1594000000.0,0.16543079826937637,,,1168010100107930032,11680,243.21,[],역삼동,A,False,243.21,2026-01-16,2950000000,2860321904.0944796,0.0023432006160200806,-0.002345950206651645
A,B1 공시비율,"공시가격 2.99억 × 실거래/공시 비율 2.01(법정동 879건, 기준일 시점보정)",599568711.3045099,472472314.3444283,760854400.6946635,0.65,"공시가격 2.99억 × 실거래/공시 비율 2.01(법정동 879건, 기준일 시점보정)",공시비율,법정동,879,법정동,299000000.0,0.1858859480458787,,,1168010300112020006,11680,54.55,[],개포동,A,False,54.55,2026-01-16,700000000,678720451.8190291,0.11661905914634774,-0.12399875481625725
A,B1 공시비율,"공시가격 1.78억 × 실거래/공시 비율 1.70(법정동 11974건, 기준일 시점보정)",303442927.8425341,261419246.34944847,352222002.5627568,0.65,"공시가격 1.78억 × 실거래/공시 비율 1.70(법정동 11974건, 기준일 시점보정)",공시비율,법정동,11974,법정동,178000000.0,0.11631407594165089,,,1150010300103660087,11500,42.84,[],화곡동,A,False,42.84,2026-01-19,270000000,273932667.2250359,0.10772815420825847,0.10231121003480925
A,B1 공시비율,"공시가격 1.45억 × 실거래/공시 비율 1.82(법정동 3331건, 기준일 시점보정)",263594539.0639559,221187858.22613177,314131533.1753168,0.65,"공시가격 1.45억 × 실거래/공시 비율 1.82(법정동 3331건, 기준일 시점보정)",공시비율,법정동,3331,법정동,145000000.0,0.136859946939685,,,1162010100101800322,11620,52.02,[],봉천동,A,False,52.02,2026-01-20,220000000,228650370.4818934,0.15282795522445788,0.14221801525687783
A,B1 공시비율,"공시가격 1.91억 × 실거래/공시 비율 1.79(법정동 5299건, 기준일 시점보정)",340937106.4900236,278343118.889794,417607272.07994145,0.65,"공시가격 1.91억 × 실거래/공시 비율 1.79(법정동 5299건, 기준일 시점보정)",공시비율,법정동,5299,법정동,191000000.0,0.15827358659048354,,,1162010200104090269,11620,29.66,[],신림동,A,False,29.66,2026-01-20,210000000,218257171.8236255,0.5620889047601892,0.44602396705781283
A,B1 공시비율,"공시가격 1.60억 × 실거래/공시 비율 1.79(법정동 5299건, 기준일 시점보정)",285601764.59897256,233167010.58830905,349828081.32351106,0.65,"공시가격 1.60억 × 실거래/공시 비율 1.79(법정동 5299건, 기준일 시점보정)",공시비율,법정동,5299,법정동,160000000.0,0.15827358659048354,,,1162010200107120016,11620,56.24,[],신림동,A,False,56.24,2026-01-20,310000000,322189158.4063043,0.11355873670085552,-0.12054041251671366
A,B1 공시비율,"공시가격 3.53억 × 실거래/공시 비율 1.79(법정동 910건, 기준일 시점보정)",631949634.5072237,511216708.6459426,781195789.9646854,0.65,"공시가격 3.53억 × 실거래/공시 비율 1.79(법정동 910건, 기준일 시점보정)",공시비율,법정동,910,법정동,353000000.0,0.16543079826937637,,,1168010100107510008,11680,28.799,[],역삼동,A,False,28.799,2026-01-20,520000000,504192335.63699305,0.25339000583740134,0.225851885134875
A,B1 공시비율,"공시가격 1.36억 × 실거래/공시 비율 1.70(법정동 11974건, 기준일 시점보정)",231844034.7560938,199736053.3905901,269113440.1603089,0.65,"공시가격 1.36억 × 실거래/공시 비율 1.70(법정동 11974건, 기준일 시점보정)",공시비율,법정동,11974,법정동,136000000.0,0.11631407594165089,,,1150010300110810029,11500,52.38,[],화곡동,A,False,52.38,2026-01-21,186750000,189470094.83064982,0.22364447520500905,0.20183368046422565
A,B1 공시비율,"공시가격 2.30억 × 실거래/공시 비율 1.79(법정동 910건, 기준일 시점보정)",411751886.5061236,333087373.9052888,508994424.0563113,0.65,"공시가격 2.30억 × 실거래/공시 비율 1.79(법정동 910건, 기준일 시점보정)",공시비율,법정동,910,법정동,230000000.0,0.16543079826937637,,,1168010100107430012,11680,17.0,[],역삼동,A,False,17.0,2026-01-21,790000000,765984509.9100472,0.46245402984131184,-0.6207409967608192
A,B1 공시비율,"공시가격 2.30억 × 실거래/공시 비율 1.82(법정동 3331건, 기준일 시점보정)",418115475.7566202,350849706.1517957,498277604.34705484,0.65,"공시가격 2.30억 × 실거래/공시 비율 1.82(법정동 3331건, 기준일 시점보정)",공시비율,법정동,3331,법정동,230000000.0,0.136859946939685,,,1162010100117140000,11620,65.9,[],봉천동,A,False,65.9,2026-01-22,460000000,478087138.28032255,0.12544086155385845,-0.13403536137127905
A,B1 공시비율,"공시가격 2.29억 × 실거래/공시 비율 1.79(법정동 5299건, 기준일 시점보정)",408767525.5822794,333720283.90451723,500691441.39427507,0.65,"공시가격 2.29억 × 실거래/공시 비율 1.79(법정동 5299건, 기준일 시점보정)",공시비율,법정동,5299,법정동,229000000.0,0.15827358659048354,,,1162010200114590015,11620,72.96,[],신림동,A,False,72.96,2026-01-22,438000000,455222101.2321332,0.10204815522822136,-0.10763883709355541
A,B1 공시비율,"공시가격 2.21억 × 실거래/공시 비율 1.82(법정동 3331건, 기준일 시점보정)",401754435.40092546,337120804.6067246,478779785.04651684,0.65,"공시가격 2.21억 × 실거래/공시 비율 1.82(법정동 3331건, 기준일 시점보정)",공시비율,법정동,3331,법정동,221000000.0,0.136859946939685,,,1162010100101800180,11620,72.39,[],봉천동,A,False,72.39,2026-01-22,380000000,394941549.01417947,0.017250366297878142,0.017103267985985496
A,B1 공시비율,"공시가격 1.66억 × 실거래/공시 비율 1.70(법정동 11974건, 기준일 시점보정)",282986101.2464084,243795476.93263185,328476699.0192003,0.65,"공시가격 1.66억 × 실거래/공시 비율 1.70(법정동 11974건, 기준일 시점보정)",공시비율,법정동,11974,법정동,166000000.0,0.11631407594165089,,,1150010300107910001,11500,25.59,[],화곡동,A,False,25.59,2026-01-22,290000000,294223975.90837187,0.03819496567969429,-0.03894351588287684
A,B1 공시비율,"공시가격 2.68억 × 실거래/공시 비율 1.79(법정동 910건, 기준일 시점보정)",479780459.05930823,388119200.8983357,593089154.9873528,0.65,"공시가격 2.68억 × 실거래/공시 비율 1.79(법정동 910건, 기준일 시점보정)",공시비율,법정동,910,법정동,268000000.0,0.16543079826937637,,,1168010100107780038,11680,28.69,[],역삼동,A,False,28.69,2026-01-23,580000000,562368374.3643384,0.14685732532235962,-0.15882848325255788
A,B1 공시비율,"공시가격 0.99억 × 실거래/공시 비율 1.70(법정동 11974건, 기준일 시점보정)",168939292.97300655,145542962.43387848,196096631.7638721,0.65,"공시가격 0.99억 × 실거래/공시 비율 1.70(법정동 11974건, 기준일 시점보정)",공시비율,법정동,11974,법정동,99100000.0,0.11631407594165089,,,1150010300100560663,11500,45.75,[],화곡동,A,False,45.75,2026-01-24,170000000,172476123.80835593,0.020506205480819325,-0.020719376973219322
A,B1 공시비율,"공시가격 2.02억 × 실거래/공시 비율 1.82(법정동 3331건, 기준일 시점보정)",367214461.3166839,308137568.01157707,437617722.07871777,0.65,"공시가격 2.02억 × 실거래/공시 비율 1.82(법정동 3331건, 기준일 시점보정)",공시비율,법정동,3331,법정동,202000000.0,0.136859946939685,,,1162010100100410387,11620,47.71,[],봉천동,A,False,47.71,2026-01-24,440000000,457300740.9637868,0.19699570015399723,-0.21939521032243572
A,B1 공시비율,"공시가격 3.30억 × 실거래/공시 비율 1.75(법정동 479건, 기준일 시점보정)",576315789.4736848,503242061.93286407,660000254.988595,0.65,"공시가격 3.30억 × 실거래/공시 비율 1.75(법정동 479건, 기준일 시점보정)",공시비율,법정동,479,법정동,330000000.0,0.10579312210404665,,,1162010300106020195,11620,94.92,[],남현동,A,False,94.92,2026-01-24,650000000,675557912.7874123,0.14690394625716932,-0.1588831308631703
A,B1 공시비율,"공시가격 5.16억 × 실거래/공시 비율 1.91(법정동 221건, 기준일 시점보정)",985817400.2740672,763977173.236653,1272074586.4249535,0.65,"공시가격 5.16억 × 실거래/공시 비율 1.91(법정동 221건, 기준일 시점보정)",공시비율,법정동,221,법정동,516000000.0,0.19891794184996942,,,1168010500100270015,11680,79.35,[],삼성동,A,False,79.35,2026-01-24,1650000000,1599841065.0019972,0.38380291527718946,-0.48418842388754363
A,B1 공시비율,"공시가격 2.28억 × 실거래/공시 비율 1.82(법정동 3331건, 기준일 시점보정)",414479689.0109098,347798839.1417795,493944755.6136014,0.65,"공시가격 2.28억 × 실거래/공시 비율 1.82(법정동 3331건, 기준일 시점보정)",공시비율,법정동,3331,법정동,228000000.0,0.136859946939685,,,1162010100106350562,11620,57.02,[],봉천동,A,False,57.02,2026-01-25,380000000,394941549.01417947,0.04947096613536819,0.0482861954226741
A,B1 공시비율,"공시가격 0.98억 × 실거래/공시 비율 1.70(법정동 11974건, 기준일 시점보정)",167916451.64320022,144661773.9630376,194909366.58669424,0.65,"공시가격 0.98억 × 실거래/공시 비율 1.70(법정동 11974건, 기준일 시점보정)",공시비율,법정동,11974,법정동,98500000.0,0.11631407594165089,,,1150010300110450037,11500,44.91,[],화곡동,A,False,44.91,2026-01-26,300000000,304369630.2500399,0.4483140400530213,-0.594776307737058
A,B1 공시비율,"공시가격 2.07억 × 실거래/공시 비율 2.01(법정동 879건, 기준일 시점보정)",415086030.9031219,327096217.6230655,526745354.3270744,0.65,"공시가격 2.07억 × 실거래/공시 비율 2.01(법정동 879건, 기준일 시점보정)",공시비율,법정동,879,법정동,207000000.0,0.1858859480458787,,,1168010300111780002,11680,52.62,[],개포동,A,False,52.62,2026-01-26,570000000,552672367.9097809,0.24894737822159183,-0.28627956072676664
A,B1 공시비율,"공시가격 1.38억 × 실거래/공시 비율 1.70(법정동 11974건, 기준일 시점보정)",235253505.8554477,202673348.29339254,273070990.7509012,0.65,"공시가격 1.38억 × 실거래/공시 비율 1.70(법정동 11974건, 기준일 시점보정)",공시비율,법정동,11974,법정동,138000000.0,0.11631407594165089,,,1150010300104100180,11500,43.15,[],화곡동,A,False,43.15,2026-01-27,172000000,174505254.67668954,0.3481170311536352,0.2987088270848502
A,B1 공시비율,"공시가격 2.48억 × 실거래/공시 비율 1.79(법정동 910건, 기준일 시점보정)",443975947.1892116,359155081.42831147,548828770.2868053,0.65,"공시가격 2.48억 × 실거래/공시 비율 1.79(법정동 910건, 기준일 시점보정)",공시비율,법정동,910,법정동,248000000.0,0.16543079826937637,,,1168010100107450039,11680,26.8,[],역삼동,A,False,26.8,2026-01-28,700000000,678720451.8190291,0.34586331382925334,-0.4244389491013698
A,B1 공시비율,"공시가격 1.31억 × 실거래/공시 비율 1.70(법정동 11974건, 기준일 시점보정)",223320357.00770804,192392816.13358316,259219563.683827,0.65,"공시가격 1.31억 × 실거래/공시 비율 1.70(법정동 11974건, 기준일 시점보정)",공시비율,법정동,11974,법정동,131000000.0,0.11631407594165089,,,1150010300110500008,11500,27.19,[],화곡동,A,False,27.19,2026-01-29,210000000,213058741.1750279,0.04816331766576153,0.04703941122478329
A,B1 공시비율,"공시가격 1.89억 × 실거래/공시 비율 1.79(법정동 5299건, 기준일 시점보정)",337367084.43253654,275428531.2574402,413234421.06339765,0.65,"공시가격 1.89억 × 실거래/공시 비율 1.79(법정동 5299건, 기준일 시점보정)",공시비율,법정동,5299,법정동,189000000.0,0.15827358659048354,,,1162010200115760017,11620,51.19,[],신림동,A,False,51.19,2026-01-29,375000000,389744949.68504554,0.13439010638838492,-0.14432094118211652
A,B1 공시비율,"공시가격 1.43억 × 실거래/공시 비율 1.70(법정동 11974건, 기준일 시점보정)",243777183.60383397,210016585.55039993,282964867.2273837,0.65,"공시가격 1.43억 × 실거래/공시 비율 1.70(법정동 11974건, 기준일 시점보정)",공시비율,법정동,11974,법정동,143000000.0,0.11631407594165089,,,1150010300103460012,11500,34.51,[],화곡동,A,False,34.51,2026-01-30,240000000,243495704.2000319,0.0011559933047969977,0.0011553256590165631
A,B1 공시비율,"공시가격 1.93억 × 실거래/공시 비율 1.70(법정동 11974건, 기준일 시점보정)",329013961.08769214,283448958.1204699,381903631.9922033,0.65,"공시가격 1.93억 × 실거래/공시 비율 1.70(법정동 11974건, 기준일 시점보정)",공시비율,법정동,11974,법정동,193000000.0,0.11631407594165089,,,1150010300111710000,11500,29.17,[],화곡동,A,False,29.17,2026-01-30,294000000,298282237.6450391,0.10302900932111261,0.09806004030730482
A,B1 공시비율,"공시가격 1.67억 × 실거래/공시 비율 1.79(법정동 5299건, 기준일 시점보정)",298096841.8001776,243368067.3015475,365133059.8814146,0.65,"공시가격 1.67억 × 실거래/공시 비율 1.79(법정동 5299건, 기준일 시점보정)",공시비율,법정동,5299,법정동,167000000.0,0.15827358659048354,,,1162010200104120158,11620,29.9,[],신림동,A,False,29.9,2026-01-31,300000000,311795959.74803644,0.0439361624792354,-0.04493059251079481
A,B1 공시비율,"공시가격 1.66억 × 실거래/공시 비율 1.70(법정동 11974건, 기준일 시점보정)",282986101.2464084,243795476.93263185,328476699.0192003,0.65,"공시가격 1.66억 × 실거래/공시 비율 1.70(법정동 11974건, 기준일 시점보정)",공시비율,법정동,11974,법정동,166000000.0,0.11631407594165089,,,1150010300110400021,11500,54.34,[],화곡동,A,False,54.34,2026-01-31,268000000,271903536.35670227,0.04075917892868904,0.039950426586786124
A,B1 공시비율,"공시가격 1.17억 × 실거래/공시 비율 1.70(법정동 11974건, 기준일 시점보정)",199454059.3122279,171831751.81396368,231516709.54967767,0.65,"공시가격 1.17억 × 실거래/공시 비율 1.70(법정동 11974건, 기준일 시점보정)",공시비율,법정동,11974,법정동,117000000.0,0.11631407594165089,,,1150010300111140015,11500,48.75,[],화곡동,A,False,48.75,2026-02-04,233000000,235669006.8231229,0.1536686898251133,-0.16684437644678704
A,B1 공시비율,"공시가격 2.10억 × 실거래/공시 비율 2.01(법정동 879건, 기준일 시점보정)",421101770.4814288,331836742.516154,534379344.9694967,0.65,"공시가격 2.10억 × 실거래/공시 비율 2.01(법정동 879건, 기준일 시점보정)",공시비율,법정동,879,법정동,210000000.0,0.1858859480458787,,,1168010300112350005,11680,36.36,[],개포동,A,False,36.36,2026-02-04,495000000,483594877.00833404,0.12922615498639425,-0.13837298565664619
A,B1 공시비율,"공시가격 5.24억 × 실거래/공시 비율 1.91(법정동 221건, 기준일 시점보정)",1001101390.9759914,775821780.5736558,1291796673.0361938,0.65,"공시가격 5.24억 × 실거래/공시 비율 1.91(법정동 221건, 기준일 시점보정)",공시비율,법정동,221,법정동,524000000.0,0.19891794184996942,,,1168010500100900016,11680,56.37,[],삼성동,A,False,56.37,2026-02-05,1000000000,976959347.491584,0.02471141050688949,0.02441102222253914
A,B1 공시비율,"공시가격 3.82억 × 실거래/공시 비율 1.79(법정동 910건, 기준일 시점보정)",683866176.7188655,553214681.8774792,845373347.7804815,0.65,"공시가격 3.82억 × 실거래/공시 비율 1.79(법정동 910건, 기준일 시점보정)",공시비율,법정동,910,법정동,382000000.0,0.16543079826937637,,,1168010100107960014,11680,42.8697,[],역삼동,A,False,42.8697,2026-02-05,575000000,561751624.8076608,0.21738175114850042,0.19670244694438951
A,B1 공시비율,"공시가격 1.52억 × 실거래/공시 비율 1.79(법정동 5299건, 기준일 시점보정)",271321676.36902356,221508660.0588933,332336677.25733507,0.65,"공시가격 1.52억 × 실거래/공시 비율 1.79(법정동 5299건, 기준일 시점보정)",공시비율,법정동,5299,법정동,152000000.0,0.15827358659048354,,,1162010200114900001,11620,27.94,[],신림동,A,False,27.94,2026-02-05,260000000,267409037.75932646,0.014631661825949792,0.014525651878756606
A,B1 공시비율,"공시가격 1.32억 × 실거래/공시 비율 1.70(법정동 11974건, 기준일 시점보정)",225025092.55738482,193861463.5849842,261198338.97912297,0.65,"공시가격 1.32억 × 실거래/공시 비율 1.70(법정동 11974건, 기준일 시점보정)",공시비율,법정동,11974,법정동,132000000.0,0.11631407594165089,,,1150010300101050237,11500,61.79,[],화곡동,A,False,61.79,2026-02-05,270000000,273092840.52464885,0.17601247940048256,-0.19359989409084885
A,B1 공시비율,"공시가격 0.86억 × 실거래/공시 비율 1.79(법정동 5299건, 기준일 시점보정)",153153946.26619878,125035809.42798053,187595308.6097325,0.65,"공시가격 0.86억 × 실거래/공시 비율 1.79(법정동 5299건, 기준일 시점보정)",공시비율,법정동,5299,법정동,85800000.0,0.15827358659048354,,,1162010200100940288,11620,34.56,[],신림동,A,False,34.56,2026-02-05,195000000,200556778.31949484,0.23635617030994327,-0.26965379002182266
A,B1 공시비율,"공시가격 1.07억 × 실거래/공시 비율 1.79(법정동 5299건, 기준일 시점보정)",190996180.07556272,155930438.3309315,233947529.3850978,0.65,"공시가격 1.07억 × 실거래/공시 비율 1.79(법정동 5299건, 기준일 시점보정)",공시비율,법정동,5299,법정동,107000000.0,0.15827358659048354,,,1162010200104090273,11620,32.34,[],신림동,A,False,32.34,2026-02-06,180000000,185129333.83337983,0.031690527485304744,0.031198745619704194
A,B1 공시비율,"공시가격 1.85억 × 실거래/공시 비율 1.79(법정동 5299건, 기준일 시점보정)",330227040.3175617,269599355.99273205,404488719.03030926,0.65,"공시가격 1.85억 × 실거래/공시 비율 1.79(법정동 5299건, 기준일 시점보정)",공시비율,법정동,5299,법정동,185000000.0,0.15827358659048354,,,1162010200100940176,11620,68.13,[],신림동,A,False,68.13,2026-02-07,330000000,339403778.6945297,0.027037820298480758,-0.027410067334192857
A,B1 공시비율,"공시가격 1.32억 × 실거래/공시 비율 1.79(법정동 5299건, 기준일 시점보정)",235621455.79415196,192362783.73535463,288608167.0918961,0.65,"공시가격 1.32억 × 실거래/공시 비율 1.79(법정동 5299건, 기준일 시점보정)",공시비율,법정동,5299,법정동,132000000.0,0.15827358659048354,,,1162010200103060034,11620,42.87,[],신림동,A,False,42.87,2026-02-07,280000000,287978963.7408131,0.18181018247493916,-0.20066091853487114
A,B1 공시비율,"공시가격 1.52억 × 실거래/공시 비율 1.70(법정동 11974건, 기준일 시점보정)",259119803.5509281,223234412.6130122,300773844.8850508,0.65,"공시가격 1.52억 × 실거래/공시 비율 1.70(법정동 11974건, 기준일 시점보정)",공시비율,법정동,11974,법정동,152000000.0,0.11631407594165089,,,1150010300110780022,11500,29.9,[],화곡동,A,False,29.9,2026-02-08,253000000,255898106.12124503,0.012589766600916588,0.012511174439911574
A,B1 공시비율,"공시가격 5.61억 × 실거래/공시 비율 1.76(법정동 62건, 기준일 시점보정)",986303082.1299456,789990553.3298637,1231399243.5968235,0.65,"공시가격 5.61억 × 실거래/공시 비율 1.76(법정동 62건, 기준일 시점보정)",공시비율,법정동,62,법정동,561000000.0,0.1731762681940062,,,1168010700106260065,11680,71.4,[],신사동,A,False,71.4,2026-02-09,880000000,859724225.792594,0.14723192919294154,0.1373520227570636
A,B1 공시비율,"공시가격 1.24억 × 실거래/공시 비율 1.70(법정동 11974건, 기준일 시점보정)",211387208.15996748,182112283.97377297,245368136.61675176,0.65,"공시가격 1.24억 × 실거래/공시 비율 1.70(법정동 11974건, 기준일 시점보정)",공시비율,법정동,11974,법정동,124000000.0,0.11631407594165089,,,1150010300111280015,11500,27.9,[],화곡동,A,False,27.9,2026-02-09,215000000,217462817.45481297,0.02793861206230327,-0.028336320201471265
A,B1 공시비율,"공시가격 1.76억 × 실거래/공시 비율 1.79(법정동 5299건, 기준일 시점보정)",315054446.5732416,257212358.5552284,385904102.20999813,0.65,"공시가격 1.76억 × 실거래/공시 비율 1.79(법정동 5299건, 기준일 시점보정)",공시비율,법정동,5299,법정동,176500000.0,0.15827358659048354,,,1162010200104700007,11620,29.97,[],신림동,A,False,29.97,2026-02-09,270000000,277694000.7500698,0.13453818131561635,0.12622567942298582
A,B1 공시비율,"공시가격 0.91억 × 실거래/공시 비율 1.70(법정동 11974건, 기준일 시점보정)",155642355.68552446,134087512.31294736,180662184.46055996,0.65,"공시가격 0.91억 × 실거래/공시 비율 1.70(법정동 11974건, 기준일 시점보정)",공시비율,법정동,11974,법정동,91300000.0,0.11631407594165089,,,1150010300104560020,11500,67.52,[],화곡동,A,False,67.52,2026-02-10,120000000,121374595.78873283,0.2823305789329986,0.24867918714003157
A,B1 공시비율,"공시가격 2.99억 × 실거래/공시 비율 1.79(법정동 910건, 기준일 시점보정)",535277452.4579599,433013586.0768748,661692751.2732037,0.65,"공시가격 2.99억 × 실거래/공시 비율 1.79(법정동 910건, 기준일 시점보정)",공시비율,법정동,910,법정동,299000000.0,0.16543079826937637,,,1168010100107450022,11680,26.83,[],역삼동,A,False,26.83,2026-02-10,835000000,815761055.1554726,0.343830587308506,-0.4213362723250047
A,B1 공시비율,"공시가격 2.48억 × 실거래/공시 비율 1.79(법정동 910건, 기준일 시점보정)",443975947.1892116,359155081.42831147,548828770.2868053,0.65,"공시가격 2.48억 × 실거래/공시 비율 1.79(법정동 910건, 기준일 시점보정)",공시비율,법정동,910,법정동,248000000.0,0.16543079826937637,,,1168010100106990017,11680,55.53,[],역삼동,A,False,55.53,2026-02-11,320000000,312626991.1973069,0.4201459237056312,0.350759629506376
A,B1 공시비율,"공시가격 7.32억 × 실거래/공시 비율 1.84(구 3694건, 기준일 시점보정)",1348829720.65046,1079854986.3008235,1684801791.3427222,0.5,"공시가격 7.32억 × 실거래/공시 비율 1.84(구 3694건, 기준일 시점보정)",공시비율,구,3694,구,732000000.0,0.17354134108046906,,,1168011200106460000,11680,59.6,[],자곡동,A,False,59.6,2026-02-11,1440000000,1406821460.387881,0.04122181909382579,-0.04209553334941562
A,B1 공시비율,"공시가격 1.20억 × 실거래/공시 비율 1.70(법정동 11974건, 기준일 시점보정)",204568265.96125877,176237694.16816732,237453035.43556613,0.65,"공시가격 1.20억 × 실거래/공시 비율 1.70(법정동 11974건, 기준일 시점보정)",공시비율,법정동,11974,법정동,120000000.0,0.11631407594165089,,,1150010300100980009,11500,47.86,[],화곡동,A,False,47.86,2026-02-12,200000000,202290992.98122138,0.011257411644861468,0.011194518555163485
A,B1 공시비율,"공시가격 1.04억 × 실거래/공시 비율 1.70(법정동 11974건, 기준일 시점보정)",177292497.16642475,152739334.94574544,205792630.71082452,0.65,"공시가격 1.04억 × 실거래/공시 비율 1.70(법정동 11974건, 기준일 시점보정)",공시비율,법정동,11974,법정동,104000000.0,0.11631407594165089,,,1150010300103520007,11500,70.59,[],화곡동,A,False,70.59,2026-02-12,157000000,158798429.49025878,0.11646253514931931,0.11016523611422163
A,B1 공시비율,"공시가격 1.75억 × 실거래/공시 비율 1.70(법정동 11974건, 기준일 시점보정)",298328721.19350284,257013303.9952444,346285676.6768678,0.65,"공시가격 1.75억 × 실거래/공시 비율 1.70(법정동 11974건, 기준일 시점보정)",공시비율,법정동,11974,법정동,175000000.0,0.11631407594165089,,,1150010300109910021,11500,81.86,[],화곡동,A,False,81.86,2026-02-12,385000000,389410161.48885113,0.23389590026904308,-0.2664372180431142
A,B1 공시비율,"공시가격 0.94억 × 실거래/공시 비율 1.70(법정동 11974건, 기준일 시점보정)",161097509.44449148,138787184.15743193,186994265.40550855,0.65,"공시가격 0.94억 × 실거래/공시 비율 1.70(법정동 11974건, 기준일 시점보정)",공시비율,법정동,11974,법정동,94500000.0,0.11631407594165089,,,1150010300108310003,11500,41.71,[],화곡동,A,False,41.71,2026-02-13,148000000,149695334.80610383,0.07616920495990451,0.07340770305673745
A,B1 공시비율,"공시가격 2.19억 × 실거래/공시 비율 1.75(법정동 479건, 기준일 시점보정)",382464114.83253574,333969732.00999117,438000169.2197034,0.65,"공시가격 2.19억 × 실거래/공시 비율 1.75(법정동 479건, 기준일 시점보정)",공시비율,법정동,479,법정동,219000000.0,0.10579312210404665,,,1162010300110720100,11620,24.11,[],남현동,A,False,24.11,2026-02-13,360000000,370258667.66675967,0.032964649396840656,0.03243296825168846
A,B1 공시비율,"공시가격 1.55억 × 실거래/공시 비율 1.74(법정동 154건, 기준일 시점보정)",269447442.2566402,226226066.97314236,320926430.40673465,0.65,"공시가격 1.55억 × 실거래/공시 비율 1.74(법정동 154건, 기준일 시점보정)",공시비율,법정동,154,법정동,155000000.0,0.13642209443179268,,,1168011800109510020,11680,34.29,[],도곡동,A,False,34.29,2026-02-14,580000000,566636421.5451187,0.5244791333357922,-0.7433445143334562
A,B1 공시비율,"공시가격 0.96억 × 실거래/공시 비율 1.70(법정동 11974건, 기준일 시점보정)",164166033.43391064,141430749.5699547,190556060.93704236,0.65,"공시가격 0.96억 × 실거래/공시 비율 1.70(법정동 11974건, 기준일 시점보정)",공시비율,법정동,11974,법정동,96300000.0,0.11631407594165089,,,1150010300100560317,11500,39.27,[],화곡동,A,False,39.27,2026-02-14,140000000,141603695.08685496,0.1593343897785767,0.14784603851593267
A,B1 공시비율,"공시가격 1.31억 × 실거래/공시 비율 1.70(법정동 11974건, 기준일 시점보정)",223320357.00770804,192392816.13358316,259219563.683827,0.65,"공시가격 1.31억 × 실거래/공시 비율 1.70(법정동 11974건, 기준일 시점보정)",공시비율,법정동,11974,법정동,131000000.0,0.11631407594165089,,,1150010300103410042,11500,58.5,[],화곡동,A,False,58.5,2026-02-14,249000000,251852286.2616206,0.11328834721902822,-0.12023543094239934
A,B1 공시비율,"공시가격 1.01억 × 실거래/공시 비율 1.82(법정동 3331건, 기준일 시점보정)",183607230.65834162,154068784.00578827,218808861.0393585,0.65,"공시가격 1.01억 × 실거래/공시 비율 1.82(법정동 3331건, 기준일 시점보정)",공시비율,법정동,3331,법정동,101000000.0,0.136859946939685,,,1162010100101800361,11620,53.85,[],봉천동,A,False,53.85,2026-02-15,185000000,190271815.3287515,0.03502665204983105,-0.03565479672904267
A,B1 공시비율,"공시가격 1.06억 × 실거래/공시 비율 1.70(법정동 11974건, 기준일 시점보정)",180701968.2657789,155676629.84854808,209750181.3014171,0.65,"공시가격 1.06억 × 실거래/공시 비율 1.70(법정동 11974건, 기준일 시점보정)",공시비율,법정동,11974,법정동,106000000.0,0.11631407594165089,,,1150010300100460149,11500,49.77,[],화곡동,A,False,49.77,2026-02-20,175000000,177004618.8585687,0.02088843461290962,0.020673262509709217
A,B1 공시비율,"공시가격 1.43억 × 실거래/공시 비율 1.70(법정동 11974건, 기준일 시점보정)",243777183.60383397,210016585.55039993,282964867.2273837,0.65,"공시가격 1.43억 × 실거래/공시 비율 1.70(법정동 11974건, 기준일 시점보정)",공시비율,법정동,11974,법정동,143000000.0,0.11631407594165089,,,1150010300100980140,11500,58.15,[],화곡동,A,False,58.15,2026-02-20,239000000,241737736.61255953,0.008436609938741714,0.00840122064955335
A,B1 공시비율,"공시가격 2.25억 × 실거래/공시 비율 1.79(법정동 5299건, 기준일 시점보정)",401627481.46730494,327891108.6398094,491945739.36118716,0.65,"공시가격 2.25억 × 실거래/공시 비율 1.79(법정동 5299건, 기준일 시점보정)",공시비율,법정동,5299,법정동,225000000.0,0.15827358659048354,,,1162010200104090222,11620,72.61,[],신림동,A,False,72.61,2026-02-21,540000000,555388001.5001396,0.2768524340056273,-0.3241419753058913
A,B1 공시비율,"공시가격 1.01억 × 실거래/공시 비율 1.79(법정동 5299건, 기준일 시점보정)",180286113.90310106,147186675.43386978,220828976.33546588,0.65,"공시가격 1.01억 × 실거래/공시 비율 1.79(법정동 5299건, 기준일 시점보정)",공시비율,법정동,5299,법정동,101000000.0,0.15827358659048354,,,1162010200100920162,11620,37.59,[],신림동,A,False,37.59,2026-02-21,250000000,257124074.76858312,0.2988361200118573,-0.3550136389729797
A,B1 공시비율,"공시가격 2.46억 × 실거래/공시 비율 1.82(법정동 3331건, 기준일 시점보정)",447201769.72229797,375256642.23192036,532940394.2146758,0.65,"공시가격 2.46억 × 실거래/공시 비율 1.82(법정동 3331건, 기준일 시점보정)",공시비율,법정동,3331,법정동,246000000.0,0.136859946939685,,,1162010100109350008,11620,79.17,[],봉천동,A,False,79.17,2026-02-21,390000000,401113556.6389897,0.11490066172155983,0.10876530831669451
A,B1 공시비율,"공시가격 1.16억 × 실거래/공시 비율 1.70(법정동 11974건, 기준일 시점보정)",197749323.7625505,170363104.36256206,229537934.254381,0.65,"공시가격 1.16억 × 실거래/공시 비율 1.70(법정동 11974건, 기준일 시점보정)",공시비율,법정동,11974,법정동,116000000.0,0.11631407594165089,,,1150010300110430008,11500,51.92,[],화곡동,A,False,51.92,2026-02-21,250000000,252863741.2265267,0.217960934994639,-0.24585058443472563
A,B1 공시비율,"공시가격 1.88억 × 실거래/공시 비율 1.82(법정동 3331건, 기준일 시점보정)",341763954.0967156,286781498.9414677,407287780.94454914,0.65,"공시가격 1.88억 × 실거래/공시 비율 1.82(법정동 3331건, 기준일 시점보정)",공시비율,법정동,3331,법정동,188000000.0,0.136859946939685,,,1162010100101800502,11620,68.45,[],봉천동,A,False,68.45,2026-02-21,395000000,406256038.1343613,0.15874738584517034,-0.17286329056314842
A,B1 공시비율,"공시가격 2.27억 × 실거래/공시 비율 1.82(법정동 3331건, 기준일 시점보정)",412661795.6380557,346273405.6367723,491778331.2468759,0.65,"공시가격 2.27억 × 실거래/공시 비율 1.82(법정동 3331건, 기준일 시점보정)",공시비율,법정동,3331,법정동,227000000.0,0.136859946939685,,,1162010100116440029,11620,74.13,[],봉천동,A,False,74.13,2026-02-23,399000000,410370023.3306587,0.005584648432155084,0.005569112099563709
A,B1 공시비율,"공시가격 0.80억 × 실거래/공시 비율 1.79(법정동 5299건, 기준일 시점보정)",143514886.71098337,117166422.82062502,175788610.86506388,0.65,"공시가격 0.80억 × 실거래/공시 비율 1.79(법정동 5299건, 기준일 시점보정)",공시비율,법정동,5299,법정동,80400000.0,0.15827358659048354,,,1162010200107040075,11620,40.89,[],신림동,A,False,40.89,2026-02-24,80000000,82279703.9259466,0.744231929178424,0.556314303559046
A,B1 공시비율,"공시가격 2.36억 × 실거래/공시 비율 1.82(법정동 3331건, 기준일 시점보정)",429022835.99374884,360002307.18184197,511276150.54741204,0.65,"공시가격 2.36억 × 실거래/공시 비율 1.82(법정동 3331건, 기준일 시점보정)",공시비율,법정동,3331,법정동,236000000.0,0.136859946939685,,,1162010100101480055,11620,46.54,[],봉천동,A,False,46.54,2026-02-25,410000000,421683482.6204763,0.017404887020149435,0.01725515683527962
A,B1 공시비율,"공시가격 1.00억 × 실거래/공시 비율 1.70(법정동 11974건, 기준일 시점보정)",170303081.41274813,146717880.39499947,197679652.00010905,0.65,"공시가격 1.00억 × 실거래/공시 비율 1.70(법정동 11974건, 기준일 시점보정)",공시비율,법정동,11974,법정동,99900000.0,0.11631407594165089,,,1150010300103540032,11500,36.81,[],화곡동,A,False,36.81,2026-02-25,185000000,187119168.50762978,0.08986832951962363,-0.0941659971026616
A,B1 공시비율,"공시가격 8.96억 × 실거래/공시 비율 1.76(법정동 134건, 기준일 시점보정)",1575445142.490227,1271362062.0994236,1952258503.6849647,0.65,"공시가격 8.96억 × 실거래/공시 비율 1.76(법정동 134건, 기준일 시점보정)",공시비율,법정동,134,법정동,896000000.0,0.16732915643846305,,,1168010400101210037,11680,90.12,[],청담동,A,False,90.12,2026-02-26,2000000000,1953918694.983168,0.1936997447563709,-0.21529908072959708
A,B1 공시비율,"공시가격 1.16억 × 실거래/공시 비율 1.70(법정동 11974건, 기준일 시점보정)",197749323.7625505,170363104.36256206,229537934.254381,0.65,"공시가격 1.16억 × 실거래/공시 비율 1.70(법정동 11974건, 기준일 시점보정)",공시비율,법정동,11974,법정동,116000000.0,0.11631407594165089,,,1150010300103720012,11500,29.95,[],화곡동,A,False,29.95,2026-02-28,214000000,216451362.48990688,0.08640296144233534,-0.09036568159433082
A,B1 공시비율,"공시가격 0.98억 × 실거래/공시 비율 1.70(법정동 11974건, 기준일 시점보정)",167064083.86836186,143927450.2373371,193919978.9390463,0.65,"공시가격 0.98억 × 실거래/공시 비율 1.70(법정동 11974건, 기준일 시점보정)",공시비율,법정동,11974,법정동,98000000.0,0.11631407594165089,,,1150010300107720014,11500,53.24,[],화곡동,A,False,53.24,2026-02-28,163000000,164867159.27969542,0.013325422711623116,0.013237420184966991
A,B1 공시비율,"공시가격 1.00억 × 실거래/공시 비율 1.70(법정동 11974건, 기준일 시점보정)",170473554.96771622,146864745.14013994,197877529.5296391,0.65,"공시가격 1.00억 × 실거래/공시 비율 1.70(법정동 11974건, 기준일 시점보정)",공시비율,법정동,11974,법정동,100000000.0,0.11631407594165089,,,1150010300109690013,11500,29.78,[],화곡동,A,False,29.78,2026-02-28,230000000,232634641.92840457,0.26720477417038774,-0.31088898061394626
A,B1 공시비율,"공시가격 0.45억 × 실거래/공시 비율 1.70(법정동 11974건, 기준일 시점보정)",76713099.73547225,66089135.31306293,89044888.28833754,0.65,"공시가격 0.45억 × 실거래/공시 비율 1.70(법정동 11974건, 기준일 시점보정)",공시비율,법정동,11974,법정동,45000000.0,0.11631407594165089,,,1150010300107850007,11500,15.1,[],화곡동,A,False,15.1,2026-03-01,133000000,135769058.66806856,0.43497361999818923,-0.5708828586569611
A,B1 공시비율,"공시가격 0.94억 × 실거래/공시 비율 1.70(법정동 11974건, 기준일 시점보정)",159904194.55971768,137759130.94145113,185609122.69880134,0.65,"공시가격 0.94억 × 실거래/공시 비율 1.70(법정동 11974건, 기준일 시점보정)",공시비율,법정동,11974,법정동,93800000.0,0.11631407594165089,,,1150010300103660042,11500,40.5,[],화곡동,A,False,40.5,2026-03-01,220000000,224580397.79680514,0.28798685847731426,-0.3396589105457098
A,B1 공시비율,"공시가격 1.25억 × 실거래/공시 비율 1.70(법정동 11974건, 기준일 시점보정)",213091943.70964506,183580931.42517474,247346911.91204864,0.65,"공시가격 1.25억 × 실거래/공시 비율 1.70(법정동 11974건, 기준일 시점보정)",공시비율,법정동,11974,법정동,125000000.0,0.11631407594165089,,,1150010300100560661,11500,59.96,[],화곡동,A,False,59.96,2026-03-02,187000000,190893338.12728438,0.11628800564825913,0.110008900242187
A,B1 공시비율,"공시가격 0.79억 × 실거래/공시 비율 1.70(법정동 11974건, 기준일 시점보정)",134503634.8695277,115876283.91557008,156125370.7988848,0.65,"공시가격 0.79억 × 실거래/공시 비율 1.70(법정동 11974건, 기준일 시점보정)",공시비율,법정동,11974,법정동,78900000.0,0.11631407594165089,,,1150010300110460026,11500,28.18,[],화곡동,A,False,28.18,2026-03-04,249000000,254184177.50638402,0.47084182741410197,-0.6364678888184085
A,B1 공시비율,"㎡당 500만원(법정동 12219건, 기준일 시점보정) × 46.55㎡",232951838.07948354,122213900.55937038,444029350.3131235,0.45,"㎡당 500만원(법정동 12219건, 기준일 시점보정) × 46.55㎡",㎡단가,법정동,12219,법정동,,0.5033231397301925,,,1150010300101550022,11500,46.55,[],화곡동,A,False,46.55,2026-03-04,391500000,399651026.07931465,0.41711187291371554,-0.5397600028354795
A,B1 공시비율,"공시가격 2.40억 × 실거래/공시 비율 1.79(법정동 910건, 기준일 시점보정)",429654142.44117236,347569433.6403013,531124616.4065856,0.65,"공시가격 2.40억 × 실거래/공시 비율 1.79(법정동 910건, 기준일 시점보정)",공시비율,법정동,910,법정동,240000000.0,0.16543079826937637,,,1168010100106430013,11680,26.42,[],역삼동,A,False,26.42,2026-03-06,320000000,310236142.08114725,0.38492613903376033,0.325646808999747
A,B1 공시비율,"공시가격 1.26억 × 실거래/공시 비율 1.79(법정동 5299건, 기준일 시점보정)",224911389.62169036,183619020.83829293,275489614.0422643,0.65,"공시가격 1.26억 × 실거래/공시 비율 1.79(법정동 5299건, 기준일 시점보정)",공시비율,법정동,5299,법정동,126000000.0,0.15827358659048354,,,1162010200104090129,11620,38.5,[],신림동,A,False,38.5,2026-03-06,300000000,304698441.59310675,0.2618557927446302,-0.30361607068524826
A,B1 공시비율,"공시가격 2.72억 × 실거래/공시 비율 1.82(법정동 3331건, 기준일 시점보정)",494466997.41652405,414917913.36212295,589267427.7495596,0.65,"공시가격 2.72억 × 실거래/공시 비율 1.82(법정동 3331건, 기준일 시점보정)",공시비율,법정동,3331,법정동,272000000.0,0.136859946939685,,,1162010100101800397,11620,58.77,[],봉천동,A,False,58.77,2026-03-06,435000000,441812740.3100048,0.11917776990671117,0.11259428168680392
A,B1 공시비율,"공시가격 1.81억 × 실거래/공시 비율 1.70(법정동 11974건, 기준일 시점보정)",308557134.491566,265825188.703653,358158328.4486464,0.65,"공시가격 1.81억 × 실거래/공시 비율 1.70(법정동 11974건, 기준일 시점보정)",공시비율,법정동,11974,법정동,181000000.0,0.11631407594165089,,,1150010300100950034,11500,52.65,[],화곡동,A,False,52.65,2026-03-06,340000000,347078796.5950625,0.11098823230172654,-0.11764480654990891
A,B1 공시비율,"공시가격 1.02억 × 실거래/공시 비율 1.70(법정동 11974건, 기준일 시점보정)",173883026.06706992,149802040.0429422,201835080.12023118,0.65,"공시가격 1.02억 × 실거래/공시 비율 1.70(법정동 11974건, 기준일 시점보정)",공시비율,법정동,11974,법정동,102000000.0,0.11631407594165089,,,1150010300109640018,11500,21.98,[],화곡동,A,False,21.98,2026-03-06,180000000,183747598.19738603,0.0536854480117849,-0.05518025781146936
A,B1 공시비율,"공시가격 1.24억 × 실거래/공시 비율 1.79(법정동 5299건, 기준일 시점보정)",221341367.56420326,180704433.2059391,271116763.0257205,0.65,"공시가격 1.24억 × 실거래/공시 비율 1.79(법정동 5299건, 기준일 시점보정)",공시비율,법정동,5299,법정동,124000000.0,0.15827358659048354,,,1162010200104120201,11620,43.06,[],신림동,A,False,43.06,2026-03-07,340000000,345324900.47218764,0.35903444187909056,-0.44477955498569516
A,B1 공시비율,"공시가격 1.52억 × 실거래/공시 비율 1.82(법정동 3331건, 기준일 시점보정)",276319792.67394006,231865892.76118645,329296503.7424011,0.65,"공시가격 1.52억 × 실거래/공시 비율 1.82(법정동 3331건, 기준일 시점보정)",공시비율,법정동,3331,법정동,152000000.0,0.136859946939685,,,1162010100101800348,11620,57.38,[],봉천동,A,False,57.38,2026-03-07,269000000,273212935.96181905,0.011371557869994805,0.011307387723928593
A,B1 공시비율,"공시가격 0.56억 × 실거래/공시 비율 1.70(법정동 11974건, 기준일 시점보정)",95806137.8918565,82537986.76875864,111207171.59565717,0.65,"공시가격 0.56억 × 실거래/공시 비율 1.70(법정동 11974건, 기준일 시점보정)",공시비율,법정동,11974,법정동,56200000.0,0.11631407594165089,,,1150010300101630017,11500,38.16,[],화곡동,A,False,38.16,2026-03-07,90000000,91873799.09869301,0.042801525916428926,0.04191086636385376
A,B1 공시비율,"공시가격 1.50억 × 실거래/공시 비율 1.82(법정동 3331건, 기준일 시점보정)",272684005.9282307,228815025.7511712,324963655.008949,0.65,"공시가격 1.50억 × 실거래/공시 비율 1.82(법정동 3331건, 기준일 시점보정)",공시비율,법정동,3331,법정동,150000000.0,0.136859946939685,,,1162010100116440018,11620,44.36,[],봉천동,A,False,44.36,2026-03-07,285000000,289463519.5134514,0.05796762788424863,-0.05971563969290205
A,B1 공시비율,"공시가격 1.57억 × 실거래/공시 비율 1.70(법정동 11974건, 기준일 시점보정)",267643481.29931375,230577649.87001908,310667721.36153257,0.65,"공시가격 1.57억 × 실거래/공시 비율 1.70(법정동 11974건, 기준일 시점보정)",공시비율,법정동,11974,법정동,157000000.0,0.11631407594165089,,,1150010300101590001,11500,73.74,[],화곡동,A,False,73.74,2026-03-08,260000000,265413197.39622426,0.008403063317759576,0.008367954127251246
A,B1 공시비율,"공시가격 1.28억 × 실거래/공시 비율 1.70(법정동 11974건, 기준일 시점보정)",218206150.35867602,187986873.77937847,253283237.79793718,0.65,"공시가격 1.28억 × 실거래/공시 비율 1.70(법정동 11974건, 기준일 시점보정)",공시비율,법정동,11974,법정동,128000000.0,0.11631407594165089,,,1150010300103720083,11500,58.71,[],화곡동,A,False,58.71,2026-03-09,210000000,214372197.89695036,0.017884560121777776,0.017726512996618666
A,B1 공시비율,"공시가격 1.47억 × 실거래/공시 비율 1.70(법정동 11974건, 기준일 시점보정)",249743758.02770397,215156851.63030475,289890580.76092094,0.65,"공시가격 1.47억 × 실거래/공시 비율 1.70(법정동 11974건, 기준일 시점보정)",공시비율,법정동,11974,법정동,146500000.0,0.11631407594165089,,,1150010300110710007,11500,27.9,[],화곡동,A,False,27.9,2026-03-09,208000000,212330557.9169794,0.17620261764372613,0.1622911285502764
A,B1 공시비율,"공시가격 0.78억 × 실거래/공시 비율 1.79(법정동 5299건, 기준일 시점보정)",139944864.6534963,114251835.18827121,171415759.8485201,0.65,"공시가격 0.78억 × 실거래/공시 비율 1.79(법정동 5299건, 기준일 시점보정)",공시비율,법정동,5299,법정동,78400000.0,0.15827358659048354,,,1162010200106850175,11620,30.33,[],신림동,A,False,30.33,2026-03-09,150000000,152349220.79655337,0.08142054208220607,-0.0849268697204183
A,B1 공시비율,"공시가격 1.33억 × 실거래/공시 비율 1.70(법정동 11974건, 기준일 시점보정)",226729828.10706204,195330111.03638566,263177114.2744194,0.65,"공시가격 1.33억 × 실거래/공시 비율 1.70(법정동 11974건, 기준일 시점보정)",공시비율,법정동,11974,법정동,133000000.0,0.11631407594165089,,,1150010300103520015,11500,59.52,[],화곡동,A,False,59.52,2026-03-10,225000000,229684497.74673253,0.0128640359652332,-0.012947494188195218
A,B1 공시비율,"공시가격 1.41억 × 실거래/공시 비율 1.82(법정동 3331건, 기준일 시점보정)",256322965.57253698,215086124.206101,305465835.7084122,0.65,"공시가격 1.41억 × 실거래/공시 비율 1.82(법정동 3331건, 기준일 시점보정)",공시비율,법정동,3331,법정동,141000000.0,0.136859946939685,,,1162010100117100009,11620,47.04,[],봉천동,A,False,47.04,2026-03-10,210000000,213288909.1151747,0.2017641547133805,0.1837906061401928
A,B1 공시비율,"공시가격 1.63억 × 실거래/공시 비율 1.70(법정동 11974건, 기준일 시점보정)",277871894.59737706,239389534.57842776,322540373.1333113,0.65,"공시가격 1.63억 × 실거래/공시 비율 1.70(법정동 11974건, 기준일 시점보정)",공시비율,법정동,11974,법정동,163000000.0,0.11631407594165089,,,1150010300110980003,11500,29.43,[],화곡동,A,False,29.43,2026-03-11,210000000,214372197.89695036,0.29621236953007907,0.25944644988376586
A,B1 공시비율,"공시가격 1.45억 × 실거래/공시 비율 1.70(법정동 11974건, 기준일 시점보정)",247186654.7031879,212953880.45320237,286922417.817976,0.65,"공시가격 1.45억 × 실거래/공시 비율 1.70(법정동 11974건, 기준일 시점보정)",공시비율,법정동,11974,법정동,145000000.0,0.11631407594165089,,,1150010300101050022,11500,45.64,[],화곡동,A,False,45.64,2026-03-11,225000000,229684497.74673253,0.07620086304542233,0.07343712001062529
A,B1 공시비율,"공시가격 1.14억 × 실거래/공시 비율 1.70(법정동 11974건, 기준일 시점보정)",194339852.66319627,167425809.45975932,225580383.66378832,0.65,"공시가격 1.14억 × 실거래/공시 비율 1.70(법정동 11974건, 기준일 시점보정)",공시비율,법정동,11974,법정동,114000000.0,0.11631407594165089,,,1150010300101580010,11500,58.9,[],화곡동,A,False,58.9,2026-03-12,220000000,224580397.79680514,0.13465353802146965,-0.1446253181633937
A,B1 공시비율,"공시가격 2.03억 × 실거래/공시 비율 1.82(법정동 3331건, 기준일 시점보정)",369032354.68953794,309663001.5165842,439784146.44544315,0.65,"공시가격 2.03억 × 실거래/공시 비율 1.82(법정동 3331건, 기준일 시점보정)",공시비율,법정동,3331,법정동,203000000.0,0.136859946939685,,,1162010100100410215,11620,72.94,[],봉천동,A,False,72.94,2026-03-12,255000000,258993675.35414073,0.42487014088252695,0.35408068036285123
A,B1 공시비율,"공시가격 2.09억 × 실거래/공시 비율 1.82(법정동 3331건, 기준일 시점보정)",379939714.9266675,318815602.54663134,452782692.6458015,0.65,"공시가격 2.09억 × 실거래/공시 비율 1.82(법정동 3331건, 기준일 시점보정)",공시비율,법정동,3331,법정동,209000000.0,0.136859946939685,,,1162010100107150091,11620,46.01,[],봉천동,A,False,46.01,2026-03-12,293500000,298096642.0252561,0.2745521463957897,0.2425948591761509
A,B1 공시비율,"공시가격 1.59억 × 실거래/공시 비율 1.79(법정동 5299건, 기준일 시점보정)",283816753.5702286,231709716.77213177,347641655.8152386,0.65,"공시가격 1.59억 × 실거래/공시 비율 1.79(법정동 5299건, 기준일 시점보정)",공시비율,법정동,5299,법정동,159000000.0,0.15827358659048354,,,1162010200104570042,11620,33.6,[],신림동,A,False,33.6,2026-03-12,305000000,309776748.95299184,0.08380227202495,-0.08752307736770429
A,B1 공시비율,"공시가격 5.30억 × 실거래/공시 비율 1.75(법정동 173건, 기준일 시점보정)",926841844.4667482,686483194.5728533,1251357369.628017,0.65,"공시가격 5.30억 × 실거래/공시 비율 1.75(법정동 173건, 기준일 시점보정)",공시비율,법정동,173,법정동,530000000.0,0.2342393850643126,,,1168010600109200027,11680,42.56,[],대치동,A,False,42.56,2026-03-14,975000000,945250745.4034956,0.019475150933511483,-0.019667290406811394
A,B1 공시비율,"공시가격 1.52억 × 실거래/공시 비율 1.70(법정동 11974건, 기준일 시점보정)",259119803.5509281,223234412.6130122,300773844.8850508,0.65,"공시가격 1.52억 × 실거래/공시 비율 1.70(법정동 11974건, 기준일 시점보정)",공시비율,법정동,11974,법정동,152000000.0,0.11631407594165089,,,1150010300103460078,11500,59.76,[],화곡동,A,False,59.76,2026-03-14,260000000,265413197.39622426,0.023711683921659066,-0.023997330374779965
A,B1 공시비율,"공시가격 1.57억 × 실거래/공시 비율 1.70(법정동 11974건, 기준일 시점보정)",267643481.29931375,230577649.87001908,310667721.36153257,0.65,"공시가격 1.57억 × 실거래/공시 비율 1.70(법정동 11974건, 기준일 시점보정)",공시비율,법정동,11974,법정동,157000000.0,0.11631407594165089,,,1150010300109950027,11500,49.65,[],화곡동,A,False,49.65,2026-03-14,255000000,260309097.44629687,0.02817567240242153,0.027786039984352816
A,B1 공시비율,"공시가격 1.74억 × 실거래/공시 비율 1.79(법정동 5299건, 기준일 시점보정)",310591919.00138223,253569124.01478574,380438038.43931776,0.65,"공시가격 1.74억 × 실거래/공시 비율 1.79(법정동 5299건, 기준일 시점보정)",공시비율,법정동,5299,법정동,174000000.0,0.15827358659048354,,,1162010200116800007,11620,27.66,[],신림동,A,False,27.66,2026-03-15,229000000,232586477.08273816,0.3353825334002335,0.289217792679765
A,B1 공시비율,"공시가격 1.20억 × 실거래/공시 비율 1.70(법정동 11974건, 기준일 시점보정)",204568265.96125877,176237694.16816732,237453035.43556613,0.65,"공시가격 1.20억 × 실거래/공시 비율 1.70(법정동 11974건, 기준일 시점보정)",공시비율,법정동,11974,법정동,120000000.0,0.11631407594165089,,,1150010300101580037,11500,56.2,[],화곡동,A,False,56.2,2026-03-16,150000000,153122998.4978217,0.33597348515983333,0.2896602284802603
A,B1 공시비율,"공시가격 1.28억 × 실거래/공시 비율 1.70(법정동 11974건, 기준일 시점보정)",218206150.35867602,187986873.77937847,253283237.79793718,0.65,"공시가격 1.28억 × 실거래/공시 비율 1.70(법정동 11974건, 기준일 시점보정)",공시비율,법정동,11974,법정동,128000000.0,0.11631407594165089,,,1150010300108130008,11500,42.24,[],화곡동,A,False,42.24,2026-03-18,190000000,193955798.0972408,0.12503030329249123,0.1178099715536012
A,B1 공시비율,"공시가격 2.58억 × 실거래/공시 비율 1.76(법정동 62건, 기준일 시점보정)",453593930.8191195,363311163.5634668,566311951.6006783,0.65,"공시가격 2.58억 × 실거래/공시 비율 1.76(법정동 62건, 기준일 시점보정)",공시비율,법정동,62,법정동,258000000.0,0.1731762681940062,,,1168010700105450023,11680,40.83,[],신사동,A,False,40.83,2026-03-18,800000000,775590355.2028681,0.4151630074094014,-0.5364221157233278
A,B1 공시비율,"공시가격 1.25억 × 실거래/공시 비율 1.70(법정동 11974건, 기준일 시점보정)",213091943.70964506,183580931.42517474,247346911.91204864,0.65,"공시가격 1.25억 × 실거래/공시 비율 1.70(법정동 11974건, 기준일 시점보정)",공시비율,법정동,11974,법정동,125000000.0,0.11631407594165089,,,1150010300109550007,11500,59.4,[],화곡동,A,False,59.4,2026-03-19,260000000,265413197.39622426,0.1971313190145213,-0.2195641139187541
A,B1 공시비율,"공시가격 1.78억 × 실거래/공시 비율 1.70(법정동 11974건, 기준일 시점보정)",303442927.8425341,261419246.34944847,352222002.5627568,0.65,"공시가격 1.78억 × 실거래/공시 비율 1.70(법정동 11974건, 기준일 시점보정)",공시비율,법정동,11974,법정동,178000000.0,0.11631407594165089,,,1150010300103410025,11500,65.08,[],화곡동,A,False,65.08,2026-03-20,280000000,285829597.1959338,0.06162178731451143,0.05979772691730667
A,B1 공시비율,"공시가격 1.80억 × 실거래/공시 비율 1.82(법정동 3331건, 기준일 시점보정)",327220807.11387694,274578030.9014055,389956386.01073885,0.65,"공시가격 1.80억 × 실거래/공시 비율 1.82(법정동 3331건, 기준일 시점보정)",공시비율,법정동,3331,법정동,180000000.0,0.136859946939685,,,1162010100115130014,11620,80.34,[],봉천동,A,False,80.34,2026-03-20,330000000,335168285.75241745,0.023711905261857503,-0.023997557090822706
A,B1 공시비율,"공시가격 2.07억 × 실거래/공시 비율 1.82(법정동 3331건, 기준일 시점보정)",376303928.1809574,315764735.5366154,448449843.9123484,0.65,"공시가격 2.07억 × 실거래/공시 비율 1.82(법정동 3331건, 기준일 시점보정)",공시비율,법정동,3331,법정동,207000000.0,0.136859946939685,,,1162010100115150005,11620,62.4,[],봉천동,A,False,62.4,2026-03-20,390000000,396107974.0710388,0.04999658473557947,-0.05128969937883305
A,B1 공시비율,"공시가격 3.65억 × 실거래/공시 비율 2.01(법정동 879건, 기준일 시점보정)",731914982.0272454,576763861.992363,928802194.827935,0.65,"공시가격 3.65억 × 실거래/공시 비율 2.01(법정동 879건, 기준일 시점보정)",공시비율,법정동,879,법정동,365000000.0,0.1858859480458787,,,1168010300101620004,11680,71.99,[],개포동,A,False,71.99,2026-03-21,900000000,872539149.6032267,0.1611665993897556,-0.17574316123088154
A,B1 공시비율,"공시가격 4.82억 × 실거래/공시 비율 1.91(법정동 221건, 기준일 시점보정)",920860439.7908912,713637592.0543921,1188255718.327184,0.65,"공시가격 4.82억 × 실거래/공시 비율 1.91(법정동 221건, 기준일 시점보정)",공시비율,법정동,221,법정동,482000000.0,0.19891794184996942,,,1168010500101000007,11680,59.58,[],삼성동,A,False,59.58,2026-03-21,1400000000,1357283121.6050193,0.3215413754633949,-0.3879317823527553
A,B1 공시비율,"공시가격 3.81억 × 실거래/공시 비율 1.79(법정동 910건, 기준일 시점보정)",682075951.1253601,551766475.9039775,843160328.5454534,0.65,"공시가격 3.81억 × 실거래/공시 비율 1.79(법정동 910건, 기준일 시점보정)",공시비율,법정동,910,법정동,381000000.0,0.16543079826937637,,,1168010100107820029,11680,43.28,[],역삼동,A,False,43.28,2026-03-21,800000000,775590355.2028681,0.12057190171356344,-0.12848347108969987
A,B1 공시비율,"공시가격 1.74억 × 실거래/공시 비율 1.79(법정동 5299건, 기준일 시점보정)",310591919.00138223,253569124.01478574,380438038.43931776,0.65,"공시가격 1.74억 × 실거래/공시 비율 1.79(법정동 5299건, 기준일 시점보정)",공시비율,법정동,5299,법정동,174000000.0,0.15827358659048354,,,1162010200105690014,11620,34.88,[],신림동,A,False,34.88,2026-03-21,282000000,286416535.09752035,0.08440638350586338,0.08103272529589106
A,B1 공시비율,"공시가격 2.10억 × 실거래/공시 비율 1.75(법정동 479건, 기준일 시점보정)",365873205.7416265,319482460.53010553,419000161.8791224,0.65,"공시가격 2.10억 × 실거래/공시 비율 1.75(법정동 479건, 기준일 시점보정)",공시비율,법정동,479,법정동,209500000.0,0.10579312210404665,,,1162010300110700039,11620,29.99,[],남현동,A,False,29.99,2026-03-21,340000000,345324900.47218764,0.059504267550187326,0.057801126608795994
A,B1 공시비율,"공시가격 1.01억 × 실거래/공시 비율 1.70(법정동 11974건, 기준일 시점보정)",172178290.51739287,148333392.5915409,199856304.8249349,0.65,"공시가격 1.01억 × 실거래/공시 비율 1.70(법정동 11974건, 기준일 시점보정)",공시비율,법정동,11974,법정동,101000000.0,0.11631407594165089,,,1150010300103940026,11500,42.46,[],화곡동,A,False,42.46,2026-03-22,170000000,173539398.29753125,0.0078432205798292,-0.007874140414531779
A,B1 공시비율,"공시가격 1.16억 × 실거래/공시 비율 1.70(법정동 11974건, 기준일 시점보정)",197749323.7625505,170363104.36256206,229537934.254381,0.65,"공시가격 1.16억 × 실거래/공시 비율 1.70(법정동 11974건, 기준일 시점보정)",공시비율,법정동,11974,법정동,116000000.0,0.11631407594165089,,,1150010300100730079,11500,57.11,[],화곡동,A,False,57.11,2026-03-23,210000000,214372197.89695036,0.07754211738963719,-0.08071355981663214
A,B1 공시비율,"공시가격 1.39억 × 실거래/공시 비율 1.70(법정동 11974건, 기준일 시점보정)",236958241.40512535,204141995.74479434,275049766.0461981,0.65,"공시가격 1.39억 × 실거래/공시 비율 1.70(법정동 11974건, 기준일 시점보정)",공시비율,법정동,11974,법정동,139000000.0,0.11631407594165089,,,1150010300111340007,11500,51.3,[],화곡동,A,False,51.3,2026-03-23,236000000,240913517.6365728,0.01641782607406091,-0.016554092100445738
A,B1 공시비율,"공시가격 1.69억 × 실거래/공시 비율 1.70(법정동 11974건, 기준일 시점보정)",288100307.8954395,248201419.2868357,334413024.905089,0.65,"공시가격 1.69억 × 실거래/공시 비율 1.70(법정동 11974건, 기준일 시점보정)",공시비율,법정동,11974,법정동,169000000.0,0.11631407594165089,,,1150010300103500030,11500,69.72,[],화곡동,A,False,69.72,2026-03-24,310000000,316454196.89549816,0.08959871374188752,-0.09386980276164812
A,B1 공시비율,"공시가격 0.98억 × 실거래/공시 비율 1.79(법정동 5299건, 기준일 시점보정)",174752579.71399587,142669064.60372123,214051057.25982276,0.65,"공시가격 0.98억 × 실거래/공시 비율 1.79(법정동 5299건, 기준일 시점보정)",공시비율,법정동,5299,법정동,97900000.0,0.15827358659048354,,,1162010200104120196,11620,34.95,[],신림동,A,False,34.95,2026-03-24,285000000,289463519.5134514,0.39628807109189074,-0.5046581337127113
A,B1 공시비율,"공시가격 1.10억 × 실거래/공시 비율 1.79(법정동 5299건, 기준일 시점보정)",196351213.16179326,160302319.77946216,240506805.90991336,0.65,"공시가격 1.10억 × 실거래/공시 비율 1.79(법정동 5299건, 기준일 시점보정)",공시비율,법정동,5299,법정동,110000000.0,0.15827358659048354,,,1162010200107130006,11620,44.46,[],신림동,A,False,44.46,2026-03-25,210000000,213288909.1151747,0.07941198641620506,-0.08274266790557717
A,B1 공시비율,"공시가격 1.30억 × 실거래/공시 비율 1.82(법정동 3331건, 기준일 시점보정)",236326138.47113308,198306355.65101486,281635167.6744222,0.65,"공시가격 1.30억 × 실거래/공시 비율 1.82(법정동 3331건, 기준일 시점보정)",공시비율,법정동,3331,법정동,130000000.0,0.136859946939685,,,1162010100115570014,11620,48.36,[],봉천동,A,False,48.36,2026-03-25,260000000,264071982.71402586,0.105069246490037,-0.11100893408045355
A,B1 공시비율,"공시가격 1.72억 × 실거래/공시 비율 1.82(법정동 3331건, 기준일 시점보정)",312677660.1310373,262374562.8613425,372624991.0769275,0.65,"공시가격 1.72억 × 실거래/공시 비율 1.82(법정동 3331건, 기준일 시점보정)",공시비율,법정동,3331,법정동,172000000.0,0.136859946939685,,,1162010100102150023,11620,52.24,[],봉천동,A,False,52.24,2026-03-25,281000000,285400873.6255433,0.0955735914855053,0.0912780539591982
A,B1 공시비율,"공시가격 1.51억 × 실거래/공시 비율 1.82(법정동 3331건, 기준일 시점보정)",274501899.3010854,230340459.25617883,327130079.3756751,0.65,"공시가격 1.51억 × 실거래/공시 비율 1.82(법정동 3331건, 기준일 시점보정)",공시비율,법정동,3331,법정동,151000000.0,0.136859946939685,,,1162010100101800068,11620,44.66,[],봉천동,A,False,44.66,2026-03-25,215000000,218367216.47505984,0.25706552353492507,0.22878005516675354
A,B1 공시비율,"공시가격 1.22억 × 실거래/공시 비율 1.70(법정동 11974건, 기준일 시점보정)",207977737.06061354,179174989.0709705,241410586.02615944,0.65,"공시가격 1.22억 × 실거래/공시 비율 1.70(법정동 11974건, 기준일 시점보정)",공시비율,법정동,11974,법정동,122000000.0,0.11631407594165089,,,1150010300109540017,11500,57.5,[],화곡동,A,False,57.5,2026-03-25,200000000,204163997.99709558,0.01867978243437519,0.0185074579796922
A,B1 공시비율,"공시가격 0.91억 × 실거래/공시 비율 1.70(법정동 11974건, 기준일 시점보정)",155301408.57558894,133793782.82266702,180266429.40150058,0.65,"공시가격 0.91억 × 실거래/공시 비율 1.70(법정동 11974건, 기준일 시점보정)",공시비율,법정동,11974,법정동,91100000.0,0.11631407594165089,,,1150010300101560015,11500,62.01,[],화곡동,A,False,62.01,2026-03-26,130000000,132706598.69811213,0.1702613894044309,0.1572271336048003
A,B1 공시비율,"공시가격 4.68억 × 실거래/공시 비율 1.75(법정동 173건, 기준일 시점보정)",818418836.2461116,606177613.320936,1104972167.8979497,0.65,"공시가격 4.68억 × 실거래/공시 비율 1.75(법정동 173건, 기준일 시점보정)",공시비율,법정동,173,법정동,468000000.0,0.2342393850643126,,,1168010600109160069,11680,72.66,[],대치동,A,False,72.66,2026-03-26,550000000,533218369.2019718,0.5348661702539957,0.42844319173600065
A,B1 공시비율,"공시가격 4.19억 × 실거래/공시 비율 1.75(법정동 833건, 기준일 시점보정)",733329965.4499521,622778697.8683366,863505511.7773474,0.65,"공시가격 4.19억 × 실거래/공시 비율 1.75(법정동 833건, 기준일 시점보정)",공시비율,법정동,833,법정동,419000000.0,0.1275004077190172,,,1168010800101310019,11680,73.17,[],논현동,A,False,73.17,2026-03-26,560000000,542913248.6420077,0.35073138716771957,0.30064621401927627
A,B1 공시비율,"공시가격 1.44억 × 실거래/공시 비율 1.70(법정동 11974건, 기준일 시점보정)",245481919.1535106,211485233.00180086,284943642.52267945,0.65,"공시가격 1.44억 × 실거래/공시 비율 1.70(법정동 11974건, 기준일 시점보정)",공시비율,법정동,11974,법정동,144000000.0,0.11631407594165089,,,1150010300103510030,11500,37.58,[],화곡동,A,False,37.58,2026-03-28,240000000,244996797.5965147,0.001980113869875333,0.001978156028479814
A,B1 공시비율,"공시가격 1.37억 × 실거래/공시 비율 1.70(법정동 11974건, 기준일 시점보정)",233548770.30577052,201204700.8419911,271092215.45560473,0.65,"공시가격 1.37억 × 실거래/공시 비율 1.70(법정동 11974건, 기준일 시점보정)",공시비율,법정동,11974,법정동,137000000.0,0.11631407594165089,,,1150010300110780011,11500,60.4,[],화곡동,A,False,60.4,2026-03-28,260000000,265413197.39622426,0.12005592563991711,-0.12789692539293226
A,B1 공시비율,"공시가격 1.17억 × 실거래/공시 비율 1.82(법정동 3331건, 기준일 시점보정)",211784577.93759266,177713003.33340973,252388438.7236172,0.65,"공시가격 1.17억 × 실거래/공시 비율 1.82(법정동 3331건, 기준일 시점보정)",공시비율,법정동,3331,법정동,116500000.0,0.136859946939685,,,1162010100116880001,11620,43.96,[],봉천동,A,False,43.96,2026-03-28,230000000,233602138.5547152,0.09339623666164486,-0.0980497894379469
A,B1 공시비율,"공시가격 4.01억 × 실거래/공시 비율 2.12(법정동 325건, 기준일 시점보정)",848980551.6036589,658263349.7904954,1094953831.51842,0.65,"공시가격 4.01억 × 실거래/공시 비율 2.12(법정동 325건, 기준일 시점보정)",공시비율,법정동,325,법정동,401000000.0,0.19852621701939524,,,1168011400106760007,11680,27.89,[],일원동,A,False,27.89,2026-03-28,890000000,862844270.1631908,0.01606746320156923,-0.016197944444435522
A,B1 공시비율,"공시가격 1.20억 × 실거래/공시 비율 1.70(법정동 11974건, 기준일 시점보정)",204568265.96125877,176237694.16816732,237453035.43556613,0.65,"공시가격 1.20억 × 실거래/공시 비율 1.70(법정동 11974건, 기준일 시점보정)",공시비율,법정동,11974,법정동,120000000.0,0.11631407594165089,,,1150010300103520036,11500,55.2,[],화곡동,A,False,55.2,2026-03-30,222500000,227132447.77176884,0.09934371786977526,-0.10463157902977878
A,B1 공시비율,"공시가격 2.11억 × 실거래/공시 비율 1.70(법정동 11974건, 기준일 시점보정)",359699200.9818808,309884612.2456949,417521587.307538,0.65,"공시가격 2.11억 × 실거래/공시 비율 1.70(법정동 11974건, 기준일 시점보정)",공시비율,법정동,11974,법정동,211000000.0,0.11631407594165089,,,1150010300108420022,11500,73.29,[],화곡동,A,False,73.29,2026-03-31,510000000,520618194.89259374,0.30909214370410426,-0.3697488124478327
A,B1 공시비율,"공시가격 1.32억 × 실거래/공시 비율 1.82(법정동 3331건, 기준일 시점보정)",239961925.2168426,201357222.6610303,285968016.4078746,0.65,"공시가격 1.32억 × 실거래/공시 비율 1.82(법정동 3331건, 기준일 시점보정)",공시비율,법정동,3331,법정동,132000000.0,0.136859946939685,,,1162010100115260013,11620,41.97,[],봉천동,A,False,41.97,2026-03-31,200000000,203132294.3954045,0.1813085946331501,0.16662280251782505
A,B1 공시비율,"공시가격 1.57억 × 실거래/공시 비율 1.70(법정동 11974건, 기준일 시점보정)",267643481.29931375,230577649.87001908,310667721.36153257,0.65,"공시가격 1.57억 × 실거래/공시 비율 1.70(법정동 11974건, 기준일 시점보정)",공시비율,법정동,11974,법정동,157000000.0,0.11631407594165089,,,1150010300101000016,11500,78.97,[],화곡동,A,False,78.97,2026-03-31,200000000,204163997.99709558,0.31092398231308743,0.27073221859474217
A,B1 공시비율,"공시가격 10.83억 × 실거래/공시 비율 1.75(법정동 833건, 기준일 시점보정)",1895456688.7405689,1609712004.2754383,2231924747.624982,0.65,"공시가격 10.83억 × 실거래/공시 비율 1.75(법정동 833건, 기준일 시점보정)",공시비율,법정동,833,법정동,1083000000.0,0.1275004077190172,,,1168010800100450000,11680,129.13,[],논현동,A,False,129.13,2026-04-01,1450000000,1470947654.117319,0.28859560939167994,0.25355295044644655
A,B1 공시비율,"공시가격 2.10억 × 실거래/공시 비율 1.79(법정동 5299건, 기준일 시점보정)",374852316.03615123,306031701.3971554,459149356.73710793,0.65,"공시가격 2.10억 × 실거래/공시 비율 1.79(법정동 5299건, 기준일 시점보정)",공시비율,법정동,5299,법정동,210000000.0,0.15827358659048354,,,1162010200116150003,11620,54.23,[],신림동,A,False,54.23,2026-04-01,310000000,316602569.5215769,0.1839838084782333,0.1688848610965441
A,B1 공시비율,"공시가격 3.05억 × 실거래/공시 비율 1.75(법정동 479건, 기준일 시점보정)",532655502.3923458,465117663.30158716,610000235.671278,0.65,"공시가격 3.05억 × 실거래/공시 비율 1.75(법정동 479건, 기준일 시점보정)",공시비율,법정동,479,법정동,305000000.0,0.10579312210404665,,,1162010300106020139,11620,56.28,[],남현동,A,False,56.28,2026-04-01,455000000,464690868.1687661,0.14625773579629794,0.136502493352066
A,B1 공시비율,"공시가격 1.51억 × 실거래/공시 비율 1.70(법정동 11974건, 기준일 시점보정)",257415068.0012511,221765765.161611,298795069.58975464,0.65,"공시가격 1.51억 × 실거래/공시 비율 1.70(법정동 11974건, 기준일 시점보정)",공시비율,법정동,11974,법정동,151000000.0,0.11631407594165089,,,1150010300108640045,11500,39.35,[],화곡동,A,False,39.35,2026-04-02,239000000,246958879.60807118,0.04233979523139281,0.04146798924286428
A,B1 공시비율,"공시가격 1.14억 × 실거래/공시 비율 1.79(법정동 5299건, 기준일 시점보정)",203491257.27676788,166131495.04417014,249252507.94300154,0.65,"공시가격 1.14억 × 실거래/공시 비율 1.79(법정동 5299건, 기준일 시점보정)",공시비율,법정동,5299,법정동,114000000.0,0.15827358659048354,,,1162010200100980049,11620,46.18,[],신림동,A,False,46.18,2026-04-02,172000000,175663361.15390718,0.15841605181674356,0.1470535994393102
A,B1 공시비율,"공시가격 1.16억 × 실거래/공시 비율 1.70(법정동 11974건, 기준일 시점보정)",197749323.7625505,170363104.36256206,229537934.254381,0.65,"공시가격 1.16억 × 실거래/공시 비율 1.70(법정동 11974건, 기준일 시점보정)",공시비율,법정동,11974,법정동,116000000.0,0.11631407594165089,,,1150010300101540013,11500,50.78,[],화곡동,A,False,50.78,2026-04-04,160000000,165328120.23971292,0.19610217230940116,0.17906808023198825
A,B1 공시비율,"공시가격 1.66억 × 실거래/공시 비율 1.70(법정동 11974건, 기준일 시점보정)",282986101.2464084,243795476.93263185,328476699.0192003,0.65,"공시가격 1.66억 × 실거래/공시 비율 1.70(법정동 11974건, 기준일 시점보정)",공시비율,법정동,11974,법정동,166000000.0,0.11631407594165089,,,1150010300103380006,11500,29.94,[],화곡동,A,False,29.94,2026-04-04,260000000,268658195.3895335,0.053331355985997496,0.051957861700465756
A,B1 공시비율,"공시가격 1.91억 × 실거래/공시 비율 1.82(법정동 3331건, 기준일 시점보정)",347217634.21528053,291357799.4564914,413787054.04472846,0.65,"공시가격 1.91억 × 실거래/공시 비율 1.82(법정동 3331건, 기준일 시점보정)",공시비율,법정동,3331,법정동,191000000.0,0.136859946939685,,,1162010100106350511,11620,63.84,[],봉천동,A,False,63.84,2026-04-04,300000000,306389583.40797764,0.13325534880517687,0.12509433070871265
A,B1 공시비율,"공시가격 1.07억 × 실거래/공시 비율 1.82(법정동 3331건, 기준일 시점보정)",194514590.89547104,163221385.03583527,231807407.23971668,0.65,"공시가격 1.07억 × 실거래/공시 비율 1.82(법정동 3331건, 기준일 시점보정)",공시비율,법정동,3331,법정동,107000000.0,0.136859946939685,,,1162010100116900128,11620,46.74,[],봉천동,A,False,46.74,2026-04-04,155000000,158301284.76078844,0.2287619218593525,0.206007094860942
A,B1 공시비율,"공시가격 0.98억 × 실거래/공시 비율 1.70(법정동 11974건, 기준일 시점보정)",166723136.75842595,143633720.74705642,193524223.87998646,0.65,"공시가격 0.98억 × 실거래/공시 비율 1.70(법정동 11974건, 기준일 시점보정)",공시비율,법정동,11974,법정동,97800000.0,0.11631407594165089,,,1150010300101580001,11500,42.02,[],화곡동,A,False,42.02,2026-04-07,148000000,152928511.22173446,0.090203098339788,0.08636400763610544
A,B1 공시비율,"공시가격 1.34억 × 실거래/공시 비율 1.70(법정동 11974건, 기준일 시점보정)",228434563.65673935,196798758.4877872,265155889.56971598,0.65,"공시가격 1.34억 × 실거래/공시 비율 1.70(법정동 11974건, 기준일 시점보정)",공시비율,법정동,11974,법정동,134000000.0,0.11631407594165089,,,1150010300104660001,11500,59.88,[],화곡동,A,False,59.88,2026-04-07,213000000,220093060.06911784,0.03789989373132416,0.03719933860093663
A,B1 공시비율,"공시가격 1.61억 × 실거래/공시 비율 1.82(법정동 3331건, 기준일 시점보정)",292680833.0296344,245594794.30625716,348794323.0429387,0.65,"공시가격 1.61억 × 실거래/공시 비율 1.82(법정동 3331건, 기준일 시점보정)",공시비율,법정동,3331,법정동,161000000.0,0.136859946939685,,,1162010100106350169,11620,76.68,[],봉천동,A,False,76.68,2026-04-08,340000000,347241527.8623746,0.1571260648708029,-0.17093787530745996
A,B1 공시비율,"공시가격 1.94억 × 실거래/공시 비율 1.79(법정동 5299건, 기준일 시점보정)",346292139.57625437,282715000.33832484,424166548.6047573,0.65,"공시가격 1.94억 × 실거래/공시 비율 1.79(법정동 5299건, 기준일 시점보정)",공시비율,법정동,5299,법정동,194000000.0,0.15827358659048354,,,1162010200116330040,11620,30.85,[],신림동,A,False,30.85,2026-04-08,320000000,326815555.6351761,0.05959503336132487,0.05788679112782443
A,B1 공시비율,"공시가격 1.92억 × 실거래/공시 비율 1.75(법정동 479건, 기준일 시점보정)",335311004.7846897,292795381.48821217,384000148.3570011,0.65,"공시가격 1.92억 × 실거래/공시 비율 1.75(법정동 479건, 기준일 시점보정)",공시비율,법정동,479,법정동,192000000.0,0.10579312210404665,,,1162010300110720055,11620,63.99,[],남현동,A,False,63.99,2026-04-08,345000000,352348020.91917425,0.04835280780076435,-0.04956090930797361
A,B1 공시비율,"공시가격 0.95억 × 실거래/공시 비율 1.70(법정동 11974건, 기준일 시점보정)",162631771.4392012,140108966.86369345,188775163.17127565,0.65,"공시가격 0.95억 × 실거래/공시 비율 1.70(법정동 11974건, 기준일 시점보정)",공시비율,법정동,11974,법정동,95400000.0,0.11631407594165089,,,1150010300103620130,11500,40.05,[],화곡동,A,False,40.05,2026-04-09,123000000,127095992.43427931,0.27959795052780495,0.24654592744127507
A,B1 공시비율,"공시가격 1.62억 × 실거래/공시 비율 1.70(법정동 11974건, 기준일 시점보정)",276167159.0476995,237920887.12702605,320561597.8380145,0.65,"공시가격 1.62억 × 실거래/공시 비율 1.70(법정동 11974건, 기준일 시점보정)",공시비율,법정동,11974,법정동,162000000.0,0.11631407594165089,,,1150010300108970007,11500,60.6,[],화곡동,A,False,60.6,2026-04-10,340000000,351322255.50938994,0.21392068188996846,-0.24069757801837366
A,B1 공시비율,"공시가격 1.05억 × 실거래/공시 비율 1.82(법정동 3331건, 기준일 시점보정)",190878804.149761,160170518.0258194,227474558.50626364,0.65,"공시가격 1.05억 × 실거래/공시 비율 1.82(법정동 3331건, 기준일 시점보정)",공시비율,법정동,3331,법정동,105000000.0,0.136859946939685,,,1162010100100660064,11620,34.73,[],봉천동,A,False,34.73,2026-04-10,160000000,163407777.81758806,0.16811333401056838,0.15538991224197754
A,B1 공시비율,"공시가격 2.04억 × 실거래/공시 비율 1.82(법정동 3331건, 기준일 시점보정)",370850248.0623934,311188435.0215925,441950570.81217015,0.65,"공시가격 2.04억 × 실거래/공시 비율 1.82(법정동 3331건, 기준일 시점보정)",공시비율,법정동,3331,법정동,204000000.0,0.136859946939685,,,1162010100101800395,11620,64.07,[],봉천동,A,False,64.07,2026-04-10,360000000,367667500.08957314,0.008656593177381421,0.008619339712343433
A,B1 공시비율,"공시가격 1.54억 × 실거래/공시 비율 1.70(법정동 11974건, 기준일 시점보정)",263381642.4251208,226906031.24151555,305720783.12329155,0.65,"공시가격 1.54억 × 실거래/공시 비율 1.70(법정동 11974건, 기준일 시점보정)",공시비율,법정동,11974,법정동,154500000.0,0.11631407594165089,,,1150010300108240009,11500,29.94,[],화곡동,A,False,29.94,2026-04-11,230000000,237659172.84458733,0.1082325974320974,0.10276649177405403
A,B1 공시비율,"공시가격 2.42억 × 실거래/공시 비율 1.79(법정동 5299건, 기준일 시점보정)",431972668.9559463,352665103.51481766,529114973.00181085,0.65,"공시가격 2.42억 × 실거래/공시 비율 1.79(법정동 5299건, 기준일 시점보정)",공시비율,법정동,5299,법정동,242000000.0,0.15827358659048354,,,1162010200105450023,11620,43.51,[],신림동,A,False,43.51,2026-04-11,420000000,428945416.77116865,0.007057429841691579,0.007032642737541406
A,B1 공시비율,"공시가격 4.47억 × 실거래/공시 비율 1.76(법정동 134건, 기준일 시점보정)",785964261.9342983,634262100.1768327,973950391.9053335,0.65,"공시가격 4.47억 × 실거래/공시 비율 1.76(법정동 134건, 기준일 시점보정)",공시비율,법정동,134,법정동,447000000.0,0.16732915643846305,,,1168010400100690019,11680,37.2,[],청담동,A,False,37.2,2026-04-13,387200000,392793745.9822248,1.0009592056230592,0.6936266683988059
A,B1 공시비율,"공시가격 4.65억 × 실거래/공시 비율 1.79(법정동 910건, 기준일 시점보정)",832454900.9797704,673415777.678083,1029053944.2877584,0.65,"공시가격 4.65억 × 실거래/공시 비율 1.79(법정동 910건, 기준일 시점보정)",공시비율,법정동,910,법정동,465000000.0,0.16543079826937637,,,1168010100107250044,11680,83.7,[],역삼동,A,False,83.7,2026-04-13,880000000,892713059.0505109,0.06750002977981638,-0.06988615939962689
A,B1 공시비율,"공시가격 0.98억 × 실거래/공시 비율 1.70(법정동 11974건, 기준일 시점보정)",166723136.75842595,143633720.74705642,193524223.87998646,0.65,"공시가격 0.98억 × 실거래/공시 비율 1.70(법정동 11974건, 기준일 시점보정)",공시비율,법정동,11974,법정동,97800000.0,0.11631407594165089,,,1150010300104080107,11500,58.0,[],화곡동,A,False,58.0,2026-04-13,162000000,167394721.74270934,0.004011984232786227,-0.004020053832163469
A,B1 공시비율,"공시가격 1.24억 × 실거래/공시 비율 1.70(법정동 11974건, 기준일 시점보정)",211387208.15996748,182112283.97377297,245368136.61675176,0.65,"공시가격 1.24억 × 실거래/공시 비율 1.70(법정동 11974건, 기준일 시점보정)",공시비율,법정동,11974,법정동,124000000.0,0.11631407594165089,,,1150010300100560134,11500,64.05,[],화곡동,A,False,64.05,2026-04-14,210000000,216993157.8146232,0.025834683964758354,-0.02617426075298264
A,B1 공시비율,"공시가격 1.20억 × 실거래/공시 비율 1.70(법정동 11974건, 기준일 시점보정)",204568265.96125877,176237694.16816732,237453035.43556613,0.65,"공시가격 1.20억 × 실거래/공시 비율 1.70(법정동 11974건, 기준일 시점보정)",공시비율,법정동,11974,법정동,120000000.0,0.11631407594165089,,,1150010300108910031,11500,54.05,[],화곡동,A,False,54.05,2026-04-14,380000000,392654285.5693182,0.4790117579777572,-0.6520278055789367
A,B1 공시비율,"공시가격 0.89억 × 실거래/공시 비율 1.82(법정동 3331건, 기준일 시점보정)",162519667.53322545,136373755.34769797,193678338.3853335,0.65,"공시가격 0.89억 × 실거래/공시 비율 1.82(법정동 3331건, 기준일 시점보정)",공시비율,법정동,3331,법정동,89400000.0,0.136859946939685,,,1162010100106350412,11620,36.0,[],봉천동,A,False,36.0,2026-04-14,150000000,153194791.70398882,0.06086940505950523,0.059088765401496025
A,B1 공시비율,"공시가격 2.34억 × 실거래/공시 비율 1.79(법정동 5299건, 기준일 시점보정)",417692580.7259969,341006752.9854016,511623568.9356343,0.65,"공시가격 2.34억 × 실거래/공시 비율 1.79(법정동 5299건, 기준일 시점보정)",공시비율,법정동,5299,법정동,234000000.0,0.15827358659048354,,,1162010200106110022,11620,49.48,[],신림동,A,False,49.48,2026-04-14,360000000,367667500.08957314,0.13606065432554246,0.12756671176581277
A,B1 공시비율,"공시가격 3.90억 × 실거래/공시 비율 2.01(법정동 879건, 기준일 시점보정)",782046145.1797973,616268236.1014296,992418783.5147809,0.65,"공시가격 3.90억 × 실거래/공시 비율 2.01(법정동 879건, 기준일 시점보정)",공시비율,법정동,879,법정동,390000000.0,0.1858859480458787,,,1168010300111960008,11680,59.8,[],개포동,A,False,59.8,2026-04-15,805000000,816629559.6996151,0.04234896240167796,-0.04327182875019018
A,B1 공시비율,"공시가격 3.39억 × 실거래/공시 비율 1.79(법정동 910건, 기준일 시점보정)",606886476.1981564,490941825.0169259,750213520.6743026,0.65,"공시가격 3.39억 × 실거래/공시 비율 1.79(법정동 910건, 기준일 시점보정)",공시비율,법정동,910,법정동,339000000.0,0.16543079826937637,,,1168010100106950023,11680,64.86,[],역삼동,A,False,64.86,2026-04-15,550000000,557945661.9065694,0.08771609429554515,0.08408017163920431
A,B1 공시비율,"공시가격 2.83억 × 실거래/공시 비율 1.82(법정동 3331건, 기준일 시점보정)",514463824.5179288,431697681.9172098,613098095.7835506,0.65,"공시가격 2.83억 × 실거래/공시 비율 1.82(법정동 3331건, 기준일 시점보정)",공시비율,법정동,3331,법정동,283000000.0,0.136859946939685,,,1162010100116920006,11620,53.25,[],봉천동,A,False,53.25,2026-04-15,520000000,531075277.9071612,0.031278905421269286,-0.03177853661395142
A,B1 공시비율,"공시가격 1.50억 × 실거래/공시 비율 1.70(법정동 11974건, 기준일 시점보정)",256562700.2264122,221031441.43591002,297805681.94210607,0.65,"공시가격 1.50억 × 실거래/공시 비율 1.70(법정동 11974건, 기준일 시점보정)",공시비율,법정동,11974,법정동,150500000.0,0.11631407594165089,,,1150010300104530018,11500,52.3,[],화곡동,A,False,52.3,2026-04-16,330000000,340989247.9944079,0.24759299087747264,-0.2844778659121462
A,B1 공시비율,"공시가격 1.19억 × 실거래/공시 비율 1.82(법정동 3331건, 기준일 시점보정)",216329311.3697296,181526587.09592906,257804499.64043275,0.65,"공시가격 1.19억 × 실거래/공시 비율 1.82(법정동 3331건, 기준일 시점보정)",공시비율,법정동,3331,법정동,119000000.0,0.136859946939685,,,1162010100101000147,11620,24.02,[],봉천동,A,False,24.02,2026-04-16,202000000,206302319.49470493,0.04860338894678319,0.04745917302860783
A,B1 공시비율,"공시가격 1.98억 × 실거래/공시 비율 2.01(법정동 879건, 기준일 시점보정)",397038812.16820365,312874642.9438019,503843382.3998104,0.65,"공시가격 1.98억 × 실거래/공시 비율 2.01(법정동 879건, 기준일 시점보정)",공시비율,법정동,879,법정동,198000000.0,0.1858859480458787,,,1168010300112190011,11680,39.9,[],개포동,A,False,39.9,2026-04-17,525000000,532584495.4562707,0.2545054999619237,-0.29370752235241027
A,B1 공시비율,"공시가격 1.06억 × 실거래/공시 비율 1.70(법정동 11974건, 기준일 시점보정)",180701968.2657789,155676629.84854808,209750181.3014171,0.65,"공시가격 1.06억 × 실거래/공시 비율 1.70(법정동 11974건, 기준일 시점보정)",공시비율,법정동,11974,법정동,106000000.0,0.11631407594165089,,,1150010300101050081,11500,47.26,[],화곡동,A,False,47.26,2026-04-17,210000000,216993157.8146232,0.16724577822793746,-0.1830167322459511
A,B1 공시비율,"공시가격 1.02억 × 실거래/공시 비율 1.79(법정동 5299건, 기준일 시점보정)",182071124.9318445,148643969.2500466,223015401.8437377,0.65,"공시가격 1.02억 × 실거래/공시 비율 1.79(법정동 5299건, 기준일 시점보정)",공시비율,법정동,5299,법정동,102000000.0,0.15827358659048354,,,1162010200115620000,11620,43.95,[],신림동,A,False,43.95,2026-04-17,210000000,214472708.38558432,0.15107555500948613,-0.16378508957493218
A,B1 공시비율,"공시가격 2.34억 × 실거래/공시 비율 1.82(법정동 3331건, 기준일 시점보정)",425387049.24803936,356951440.1718266,506943301.8139598,0.65,"공시가격 2.34억 × 실거래/공시 비율 1.82(법정동 3331건, 기준일 시점보정)",공시비율,법정동,3331,법정동,234000000.0,0.136859946939685,,,1162010100106450039,11620,49.44,[],봉천동,A,False,49.44,2026-04-17,395000000,403412951.4871705,0.054470481624008235,0.05303872777486197
A,B1 공시비율,"공시가격 2.76억 × 실거래/공시 비율 1.75(법정동 479건, 기준일 시점보정)",482009569.3779913,420893360.8893048,552000213.263189,0.65,"공시가격 2.76억 × 실거래/공시 비율 1.75(법정동 479건, 기준일 시점보정)",공시비율,법정동,479,법정동,276000000.0,0.10579312210404665,,,1162010300110700022,11620,61.02,[],남현동,A,False,61.02,2026-04-17,370000000,377880486.2031724,0.2755608902197521,0.2433859957744842
A,B1 공시비율,"공시가격 1.14억 × 실거래/공시 비율 1.70(법정동 11974건, 기준일 시점보정)",194339852.66319627,167425809.45975932,225580383.66378832,0.65,"공시가격 1.14억 × 실거래/공시 비율 1.70(법정동 11974건, 기준일 시점보정)",공시비율,법정동,11974,법정동,114000000.0,0.11631407594165089,,,1150010300101630010,11500,58.18,[],화곡동,A,False,58.18,2026-04-18,212000000,219059759.31761962,0.11284549353759406,-0.1197361219180661
A,B1 공시비율,"공시가격 2.34억 × 실거래/공시 비율 1.82(법정동 3331건, 기준일 시점보정)",425387049.24803936,356951440.1718266,506943301.8139598,0.65,"공시가격 2.34억 × 실거래/공시 비율 1.82(법정동 3331건, 기준일 시점보정)",공시비율,법정동,3331,법정동,234000000.0,0.136859946939685,,,1162010100100410113,11620,54.4,[],봉천동,A,False,54.4,2026-04-18,455000000,464690868.1687661,0.08458057089783909,-0.0883729262749667
A,B1 공시비율,"공시가격 1.65억 × 실거래/공시 비율 1.70(법정동 11974건, 기준일 시점보정)",281281365.6967308,242326829.48123005,326497923.7239034,0.65,"공시가격 1.65억 × 실거래/공시 비율 1.70(법정동 11974건, 기준일 시점보정)",공시비율,법정동,11974,법정동,165000000.0,0.11631407594165089,,,1150010300100580009,11500,63.3,[],화곡동,A,False,63.3,2026-04-19,220000000,227326165.32960528,0.23734707480282644,0.2129696319076676
A,B1 공시비율,"공시가격 0.92억 × 실거래/공시 비율 1.70(법정동 11974건, 기준일 시점보정)",156665197.01533106,134968700.78378847,181849449.63773817,0.65,"공시가격 0.92억 × 실거래/공시 비율 1.70(법정동 11974건, 기준일 시점보정)",공시비율,법정동,11974,법정동,91900000.0,0.11631407594165089,,,1150010300109950030,11500,60.87,[],화곡동,A,False,60.87,2026-04-20,120000000,123996090.17978469,0.2634688463820005,0.23386099093904658
A,B1 공시비율,"공시가격 0.92억 × 실거래/공시 비율 1.70(법정동 11974건, 기준일 시점보정)",157517564.7901695,135703024.50948906,182838837.2853862,0.65,"공시가격 0.92억 × 실거래/공시 비율 1.70(법정동 11974건, 기준일 시점보정)",공시비율,법정동,11974,법정동,92400000.0,0.11631407594165089,,,1150010300108550027,11500,28.81,[],화곡동,A,False,28.81,2026-04-20,120000000,123996090.17978469,0.27034299679757073,0.2392869402250429
A,B1 공시비율,"공시가격 1.00억 × 실거래/공시 비율 1.70(법정동 11974건, 기준일 시점보정)",170473554.96771622,146864745.14013994,197877529.5296391,0.65,"공시가격 1.00억 × 실거래/공시 비율 1.70(법정동 11974건, 기준일 시점보정)",공시비율,법정동,11974,법정동,100000000.0,0.11631407594165089,,,1150010300101050241,11500,44.68,[],화곡동,A,False,44.68,2026-04-21,206000000,212859954.80863038,0.19912810692373412,-0.22205427844203754
A,B1 공시비율,"공시가격 1.48억 × 실거래/공시 비율 1.70(법정동 11974건, 기준일 시점보정)",252300861.3522198,217359822.8074069,292858743.70386565,0.65,"공시가격 1.48억 × 실거래/공시 비율 1.70(법정동 11974건, 기준일 시점보정)",공시비율,법정동,11974,법정동,148000000.0,0.11631407594165089,,,1150010300101570004,11500,61.0,[],화곡동,A,False,61.0,2026-04-21,257000000,265558293.13503888,0.04992286863388433,-0.051212106771653464
A,B1 공시비율,"공시가격 1.14억 × 실거래/공시 비율 1.70(법정동 11974건, 기준일 시점보정)",194339852.66319627,167425809.45975932,225580383.66378832,0.65,"공시가격 1.14억 × 실거래/공시 비율 1.70(법정동 11974건, 기준일 시점보정)",공시비율,법정동,11974,법정동,114000000.0,0.11631407594165089,,,1150010300104580011,11500,58.97,[],화곡동,A,False,58.97,2026-04-21,180000000,185994135.26967704,0.04487086316683363,0.04389330186373589
A,B1 공시비율,"공시가격 0.90억 × 실거래/공시 비율 1.70(법정동 11974건, 기준일 시점보정)",153426199.47094423,132178270.62612563,178089776.5766748,0.65,"공시가격 0.90억 × 실거래/공시 비율 1.70(법정동 11974건, 기준일 시점보정)",공시비율,법정동,11974,법정동,90000000.0,0.11631407594165089,,,1150010300104600011,11500,41.22,[],화곡동,A,False,41.22,2026-04-21,115000000,118829586.42229366,0.2911447737072985,0.2555292463264647
A,B1 공시비율,"공시가격 1.56억 × 실거래/공시 비율 1.70(법정동 11974건, 기준일 시점보정)",265938745.74963695,229109002.418618,308688946.0662366,0.65,"공시가격 1.56억 × 실거래/공시 비율 1.70(법정동 11974건, 기준일 시점보정)",공시비율,법정동,11974,법정동,156000000.0,0.11631407594165089,,,1150010300109750001,11500,40.5,[],화곡동,A,False,40.5,2026-04-21,195000000,201493646.54215014,0.3198368797896843,0.2775081530452409
A,B1 공시비율,"공시가격 5.49억 × 실거래/공시 비율 1.79(법정동 910건, 기준일 시점보정)",982833850.8341825,795065079.4521898,1214947560.0300655,0.65,"공시가격 5.49억 × 실거래/공시 비율 1.79(법정동 910건, 기준일 시점보정)",공시비율,법정동,910,법정동,549000000.0,0.16543079826937637,,,1168010100106740043,11680,104.98,[],역삼동,A,False,104.98,2026-04-21,980000000,994157724.8517053,0.01139041998513058,-0.011455787669816038
A,B1 공시비율,"공시가격 1.59억 × 실거래/공시 비율 2.01(법정동 879건, 기준일 시점보정)",318834197.65022445,251247819.3336593,404601504.048333,0.65,"공시가격 1.59억 × 실거래/공시 비율 2.01(법정동 879건, 기준일 시점보정)",공시비율,법정동,879,법정동,159000000.0,0.1858859480458787,,,1168010300101600004,11680,41.27,[],개포동,A,False,41.27,2026-04-21,590000000,598523528.2270471,0.46729880679097346,-0.6297946251348544
A,B1 공시비율,"공시가격 3.32억 × 실거래/공시 비율 1.91(법정동 221건, 기준일 시점보정)",634285614.1298248,491551204.4855974,818466594.3664411,0.65,"공시가격 3.32억 × 실거래/공시 비율 1.91(법정동 221건, 기준일 시점보정)",공시비율,법정동,221,법정동,332000000.0,0.19891794184996942,,,1168010500100470026,11680,59.97,[],삼성동,A,False,59.97,2026-04-22,950000000,963724325.111347,0.3418391571090202,-0.41830593544436234
A,B1 공시비율,"공시가격 1.76억 × 실거래/공시 비율 1.82(법정동 3331건, 기준일 시점보정)",319949233.6224565,268476296.8813734,381290688.54383236,0.65,"공시가격 1.76억 × 실거래/공시 비율 1.82(법정동 3331건, 기준일 시점보정)",공시비율,법정동,3331,법정동,176000000.0,0.136859946939685,,,1162010100106350337,11620,68.67,[],봉천동,A,False,68.67,2026-04-23,180000000,183833750.04478657,0.7404270627374393,0.5541305214662222
A,B1 공시비율,"공시가격 1.89억 × 실거래/공시 비율 1.79(법정동 5299건, 기준일 시점보정)",337367084.43253654,275428531.2574402,413234421.06339765,0.65,"공시가격 1.89억 × 실거래/공시 비율 1.79(법정동 5299건, 기준일 시점보정)",공시비율,법정동,5299,법정동,189000000.0,0.15827358659048354,,,1162010200104150020,11620,55.44,[],신림동,A,False,55.44,2026-04-23,410000000,418732430.6575694,0.19431345715749382,-0.21606051678044239
A,B1 공시비율,"공시가격 2.62억 × 실거래/공시 비율 1.91(법정동 221건, 기준일 시점보정)",500550695.48799473,387910890.2868272,645898336.5180957,0.65,"공시가격 2.62억 × 실거래/공시 비율 1.91(법정동 221건, 기준일 시점보정)",공시비율,법정동,221,법정동,262000000.0,0.19891794184996942,,,1168010500100240018,11680,29.68,[],삼성동,A,False,29.68,2026-04-24,510000000,517367795.5860916,0.03250511578333915,-0.03304514172353804
A,B1 공시비율,"공시가격 1.38억 × 실거래/공시 비율 1.79(법정동 5299건, 기준일 시점보정)",246331521.96661335,201106546.63241616,301726720.1415277,0.65,"공시가격 1.38억 × 실거래/공시 비율 1.79(법정동 5299건, 기준일 시점보정)",공시비율,법정동,5299,법정동,138000000.0,0.15827358659048354,,,1162010200104120451,11620,46.8,[],신림동,A,False,46.8,2026-04-24,370000000,377880486.2031724,0.3481232004285874,-0.4278996926227992
A,B1 공시비율,"공시가격 1.15억 × 실거래/공시 비율 1.70(법정동 11974건, 기준일 시점보정)",196044588.21287304,168894456.9111604,227559158.95908427,0.65,"공시가격 1.15억 × 실거래/공시 비율 1.70(법정동 11974건, 기준일 시점보정)",공시비율,법정동,11974,법정동,115000000.0,0.11631407594165089,,,1150010300103590028,11500,29.98,[],화곡동,A,False,29.98,2026-04-25,195000000,201493646.54215014,0.02704332579606781,-0.027415725841047865
A,B1 공시비율,"공시가격 1.75억 × 실거래/공시 비율 1.82(법정동 3331건, 기준일 시점보정)",318131340.24960214,266950863.37636608,379124264.1771067,0.65,"공시가격 1.75억 × 실거래/공시 비율 1.82(법정동 3331건, 기준일 시점보정)",공시비율,법정동,3331,법정동,175000000.0,0.136859946939685,,,1162010100101000263,11620,55.26,[],봉천동,A,False,55.26,2026-04-25,400000000,408519444.54397017,0.22125777732628657,-0.2500751958661855
A,B1 공시비율,"공시가격 1.08억 × 실거래/공시 비율 1.79(법정동 5299건, 기준일 시점보정)",192781191.10430625,157387732.1471084,236133954.89336967,0.65,"공시가격 1.08억 × 실거래/공시 비율 1.79(법정동 5299건, 기준일 시점보정)",공시비율,법정동,5299,법정동,108000000.0,0.15827358659048354,,,1162010200106460472,11620,42.3,[],신림동,A,False,42.3,2026-04-25,205500000,209876864.63446468,0.08145573148299778,-0.08496517895380272
A,B1 공시비율,"공시가격 0.55억 × 실거래/공시 비율 1.79(법정동 5299건, 기준일 시점보정)",98354107.68377113,80296889.2713489,120472045.50578406,0.65,"공시가격 0.55억 × 실거래/공시 비율 1.79(법정동 5299건, 기준일 시점보정)",공시비율,법정동,5299,법정동,55100000.0,0.15827358659048354,,,1162010200100920175,11620,34.08,[],신림동,A,False,34.08,2026-04-27,155000000,158301284.76078844,0.37869040145570787,-0.47592577290211013
A,B1 공시비율,"공시가격 1.83억 × 실거래/공시 비율 1.79(법정동 5299건, 기준일 시점보정)",326657018.26007456,266684768.3603782,400115868.01376534,0.65,"공시가격 1.83억 × 실거래/공시 비율 1.79(법정동 5299건, 기준일 시점보정)",공시비율,법정동,5299,법정동,183000000.0,0.15827358659048354,,,1162010200106260034,11620,44.39,[],신림동,A,False,44.39,2026-04-27,240000000,245111666.7263821,0.3326865368049634,0.28719685735769673
A,B1 공시비율,"공시가격 1.98억 × 실거래/공시 비율 1.82(법정동 3331건, 기준일 시점보정)",359942887.8252637,302035833.9915452,428952024.6118116,0.65,"공시가격 1.98억 × 실거래/공시 비율 1.82(법정동 3331건, 기준일 시점보정)",공시비율,법정동,3331,법정동,198000000.0,0.136859946939685,,,1162010100101960105,11620,64.45,[],봉천동,A,False,64.45,2026-04-28,299000000,305368284.7966177,0.17871732509809896,0.16442683462213004
A,B1 공시비율,"공시가격 2.84억 × 실거래/공시 비율 1.79(법정동 5299건, 기준일 시점보정)",506943132.1631752,413871443.7942477,620944844.3492308,0.65,"공시가격 2.84억 × 실거래/공시 비율 1.79(법정동 5299건, 기준일 시점보정)",공시비율,법정동,5299,법정동,284000000.0,0.15827358659048354,,,1162010200103060056,11620,116.18,[],신림동,A,False,116.18,2026-04-28,392500000,400859704.9587707,0.26463978766664875,0.23478732879700892
A,B1 공시비율,"공시가격 1.59억 × 실거래/공시 비율 1.70(법정동 11974건, 기준일 시점보정)",271052952.39866817,233514944.77282196,314625271.9521255,0.65,"공시가격 1.59억 × 실거래/공시 비율 1.70(법정동 11974건, 기준일 시점보정)",공시비율,법정동,11974,법정동,159000000.0,0.11631407594165089,,,1150010300103920012,11500,64.12,[],화곡동,A,False,64.12,2026-04-28,285000000,294490714.17698866,0.07958743909403682,-0.08293327368896931
A,B1 공시비율,"공시가격 2.03억 × 실거래/공시 비율 1.82(법정동 3331건, 기준일 시점보정)",369032354.68953794,309663001.5165842,439784146.44544315,0.65,"공시가격 2.03억 × 실거래/공시 비율 1.82(법정동 3331건, 기준일 시점보정)",공시비율,법정동,3331,법정동,203000000.0,0.136859946939685,,,1162010100106620123,11620,75.13,[],봉천동,A,False,75.13,2026-04-29,300000000,306389583.40797764,0.20445463773534162,0.18602688170386722
A,B1 공시비율,"공시가격 0.71억 × 실거래/공시 비율 1.82(법정동 3331건, 기준일 시점보정)",129615797.48455234,108763408.9070567,154466057.34758708,0.65,"공시가격 0.71억 × 실거래/공시 비율 1.82(법정동 3331건, 기준일 시점보정)",공시비율,법정동,3331,법정동,71300000.0,0.136859946939685,,,1162010100100410109,11620,31.34,[],봉천동,A,False,31.34,2026-04-29,190000000,194046736.1583858,0.3320382499051328,-0.4035243674219521
A,B1 공시비율,"공시가격 1.72억 × 실거래/공시 비율 1.70(법정동 11974건, 기준일 시점보정)",293214514.54447114,252607361.64104003,340349350.7909784,0.65,"공시가격 1.72억 × 실거래/공시 비율 1.70(법정동 11974건, 기준일 시점보정)",공시비율,법정동,11974,법정동,172000000.0,0.11631407594165089,,,1150010300108320021,11500,42.535,[],화곡동,A,False,42.535,2026-04-29,280000000,289324210.4194976,0.013446175552792133,0.013356578003652985
A,B1 공시비율,"공시가격 1.69억 × 실거래/공시 비율 1.70(법정동 11974건, 기준일 시점보정)",288100307.8954395,248201419.2868357,334413024.905089,0.65,"공시가격 1.69억 × 실거래/공시 비율 1.70(법정동 11974건, 기준일 시점보정)",공시비율,법정동,11974,법정동,169000000.0,0.11631407594165089,,,1150010300111150034,11500,29.74,[],화곡동,A,False,29.74,2026-04-29,210000000,216993157.8146232,0.327693051693192,0.2834428885650537
A,B1 공시비율,"공시가격 1.13억 × 실거래/공시 비율 1.70(법정동 11974건, 기준일 시점보정)",192635117.11351892,165957162.0083578,223601608.36849174,0.65,"공시가격 1.13억 × 실거래/공시 비율 1.70(법정동 11974건, 기준일 시점보정)",공시비율,법정동,11974,법정동,113000000.0,0.11631407594165089,,,1150010300101050130,11500,40.92,[],화곡동,A,False,40.92,2026-04-30,182000000,188060736.77267346,0.024323952034575647,0.02403283599499522
A,B1 공시비율,"공시가격 2.64억 × 실거래/공시 비율 1.79(법정동 5299건, 기준일 시점보정)",471242911.5883048,384725567.47071,577216334.1837933,0.65,"공시가격 2.64억 × 실거래/공시 비율 1.79(법정동 5299건, 기준일 시점보정)",공시비율,법정동,5299,법정동,264000000.0,0.15827358659048354,,,1162010200105630020,11620,49.005,[],신림동,A,False,49.005,2026-04-30,410000000,418732430.6575694,0.1254034249228653,0.11814157130623096
A,B1 공시비율,"공시가격 0.48억 × 실거래/공시 비율 1.70(법정동 11974건, 기준일 시점보정)",81486359.27456811,70201348.17698668,94585459.11516722,0.65,"공시가격 0.48억 × 실거래/공시 비율 1.70(법정동 11974건, 기준일 시점보정)",공시비율,법정동,11974,법정동,47800000.0,0.11631407594165089,,,1150010300109570002,11500,32.959,[],화곡동,A,False,32.959,2026-05-01,152000000,156701990.44752505,0.47999154929780213,-0.6539102161883353
A,B1 공시비율,"공시가격 1.92억 × 실거래/공시 비율 1.79(법정동 5299건, 기준일 시점보정)",342722117.5187672,279800412.70597094,419793697.5882134,0.65,"공시가격 1.92억 × 실거래/공시 비율 1.79(법정동 5299건, 기준일 시점보정)",공시비율,법정동,5299,법정동,192000000.0,0.15827358659048354,,,1162010200104930004,11620,61.39,[],신림동,A,False,61.39,2026-05-01,360000000,368756311.7648444,0.07059999629966801,-0.07321605834983891
A,B1 공시비율,"공시가격 2.46억 × 실거래/공시 비율 1.79(법정동 910건, 기준일 시점보정)",439500383.2054483,355534566.4945575,543296222.1992354,0.65,"공시가격 2.46억 × 실거래/공시 비율 1.79(법정동 910건, 기준일 시점보정)",공시비율,법정동,910,법정동,245500000.0,0.16543079826937637,,,1168010100107960001,11680,23.63,[],역삼동,A,False,23.63,2026-05-02,385000000,388651313.1247157,0.1308346797336447,0.12295601468472585
A,B1 공시비율,"공시가격 1.57억 × 실거래/공시 비율 1.91(법정동 221건, 기준일 시점보정)",299948317.5252487,232450418.98867124,387045949.7455764,0.65,"공시가격 1.57억 × 실거래/공시 비율 1.91(법정동 221건, 기준일 시점보정)",공시비율,법정동,221,법정동,157000000.0,0.19891794184996942,,,1168010500100300005,11680,26.17,[],삼성동,A,False,26.17,2026-05-05,350000000,353319375.56792337,0.1510561314586452,-0.1637622096487483
A,B1 공시비율,"공시가격 1.21억 × 실거래/공시 비율 1.79(법정동 5299건, 기준일 시점보정)",215986334.47797275,176332551.7574085,264557486.50090492,0.65,"공시가격 1.21억 × 실거래/공시 비율 1.79(법정동 5299건, 기준일 시점보정)",공시비율,법정동,5299,법정동,121000000.0,0.15827358659048354,,,1162010200116780042,11620,28.33,[],신림동,A,False,28.33,2026-05-05,160000000,163891694.11770862,0.31786016149695323,0.276009331435448
A,B1 공시비율,"공시가격 2.11억 × 실거래/공시 비율 1.82(법정동 3331건, 기준일 시점보정)",383575501.6723777,321866469.5566473,457115541.37925464,0.65,"공시가격 2.11억 × 실거래/공시 비율 1.82(법정동 3331건, 기준일 시점보정)",공시비율,법정동,3331,법정동,211000000.0,0.136859946939685,,,1162010100115150004,11620,28.24,[],봉천동,A,False,28.24,2026-05-05,314000000,321637449.7060032,0.19257102064137674,0.1761114981003631
A,B1 공시비율,"공시가격 1.61억 × 실거래/공시 비율 1.70(법정동 11974건, 기준일 시점보정)",274462423.49802303,236452239.6756252,318582822.5427188,0.65,"공시가격 1.61억 × 실거래/공시 비율 1.70(법정동 11974건, 기준일 시점보정)",공시비율,법정동,11974,법정동,161000000.0,0.11631407594165089,,,1150010300109320008,11500,38.88,[],화곡동,A,False,38.88,2026-05-05,232000000,239176722.26201192,0.1475298302539515,0.13761165847868648
A,B1 공시비율,"공시가격 1.75억 × 실거래/공시 비율 1.79(법정동 5299건, 기준일 시점보정)",312376930.0301259,255026417.83096275,382624463.9475898,0.65,"공시가격 1.75억 × 실거래/공시 비율 1.79(법정동 5299건, 기준일 시점보정)",공시비율,법정동,5299,법정동,175000000.0,0.15827358659048354,,,1162010200116690001,11620,32.09,[],신림동,A,False,32.09,2026-05-05,285000000,291932080.14716846,0.07003289899709146,0.06768939472739767
A,B1 공시비율,"공시가격 1.20억 × 실거래/공시 비율 1.70(법정동 11974건, 기준일 시점보정)",204568265.96125877,176237694.16816732,237453035.43556613,0.65,"공시가격 1.20억 × 실거래/공시 비율 1.70(법정동 11974건, 기준일 시점보정)",공시비율,법정동,11974,법정동,120000000.0,0.11631407594165089,,,1150010300101020147,11500,55.26,[],화곡동,A,False,55.26,2026-05-06,183000000,188660949.0256387,0.08431695598784618,0.08095025510115561
A,B1 공시비율,"공시가격 1.58억 × 실거래/공시 비율 1.70(법정동 11974건, 기준일 시점보정)",269348216.8489908,232046297.32142037,312646496.6568288,0.65,"공시가격 1.58억 × 실거래/공시 비율 1.70(법정동 11974건, 기준일 시점보정)",공시비율,법정동,11974,법정동,158000000.0,0.11631407594165089,,,1150010300103510042,11500,36.27,[],화곡동,A,False,36.27,2026-05-06,235000000,242269524.70505518,0.11177093849051746,0.10595418404333855
A,B1 공시비율,"공시가격 1.60억 × 실거래/공시 비율 1.70(법정동 11974건, 기준일 시점보정)",272757687.9483457,234983592.2242237,316604047.24742234,0.65,"공시가격 1.60억 × 실거래/공시 비율 1.70(법정동 11974건, 기준일 시점보정)",공시비율,법정동,11974,법정동,160000000.0,0.11631407594165089,,,1150010300103570014,11500,38.12,[],화곡동,A,False,38.12,2026-05-06,265000000,273197549.13548774,0.0016100480715655057,-0.001611345591862272
A,B1 공시비율,"공시가격 1.18억 × 실거래/공시 비율 1.70(법정동 11974건, 기준일 시점보정)",201158794.86190492,173300399.26536494,233495484.8449739,0.65,"공시가격 1.18억 × 실거래/공시 비율 1.70(법정동 11974건, 기준일 시점보정)",공시비율,법정동,11974,법정동,118000000.0,0.11631407594165089,,,1150010300104090081,11500,59.92,[],화곡동,A,False,59.92,2026-05-06,245000000,252578866.18186602,0.20358026028565973,-0.2276289209185294
A,B1 공시비율,"공시가격 4.70억 × 실거래/공시 비율 1.82(법정동 3331건, 기준일 시점보정)",854409885.2417898,716953747.3536699,1018219452.3613738,0.65,"공시가격 4.70억 × 실거래/공시 비율 1.82(법정동 3331건, 기준일 시점보정)",공시비율,법정동,3331,법정동,470000000.0,0.136859946939685,,,1162010100100040039,11620,46.85,[],봉천동,A,False,46.85,2026-05-06,810000000,829701701.4708998,0.02977959877277242,0.029344797570170823
A,B1 공시비율,"공시가격 2.21억 × 실거래/공시 비율 1.79(법정동 5299건, 기준일 시점보정)",394487437.3523298,322061933.37510103,483200037.32809836,0.65,"공시가격 2.21억 × 실거래/공시 비율 1.79(법정동 5299건, 기준일 시점보정)",공시비율,법정동,5299,법정동,221000000.0,0.15827358659048354,,,1162010200103060003,11620,75.7,[],신림동,A,False,75.7,2026-05-06,365000000,373877927.2060228,0.05512363433787378,0.05365794900779368
A,B1 공시비율,"공시가격 0.87억 × 실거래/공시 비율 1.75(법정동 833건, 기준일 시점보정)",152966680.1439754,129906582.80117546,180120242.79078767,0.65,"공시가격 0.87억 × 실거래/공시 비율 1.75(법정동 833건, 기준일 시점보정)",공시비율,법정동,833,법정동,87400000.0,0.1275004077190172,,,1168010800101740000,11680,24.67,[],논현동,A,False,24.67,2026-05-07,115000000,116090651.97231768,0.3176485577878482,0.27584875241098017
A,B1 공시비율,"공시가격 1.41억 × 실거래/공시 비율 1.79(법정동 5299건, 기준일 시점보정)",251686555.0528447,205478428.08094746,308285996.6663443,0.65,"공시가격 1.41억 × 실거래/공시 비율 1.79(법정동 5299건, 기준일 시점보정)",공시비율,법정동,5299,법정동,141000000.0,0.15827358659048354,,,1162010200100990025,11620,62.98,[],신림동,A,False,62.98,2026-05-07,210000000,215107848.52949256,0.17004821894416833,0.1570449607332352
A,B1 공시비율,"공시가격 0.89억 × 실거래/공시 비율 1.79(법정동 5299건, 기준일 시점보정)",159044482.66105294,129844879.02136467,194810512.78703034,0.65,"공시가격 0.89억 × 실거래/공시 비율 1.79(법정동 5299건, 기준일 시점보정)",공시비율,법정동,5299,법정동,89100000.0,0.15827358659048354,,,1162010200100980242,11620,33.41,[],신림동,A,False,33.41,2026-05-07,120000000,122918770.58828147,0.2938990676515564,0.2576601927672533
A,B1 공시비율,"공시가격 1.23억 × 실거래/공시 비율 1.70(법정동 11974건, 기준일 시점보정)",209682472.61029094,180643636.52237213,243389361.3214561,0.65,"공시가격 1.23억 × 실거래/공시 비율 1.70(법정동 11974건, 기준일 시점보정)",공시비율,법정동,11974,법정동,123000000.0,0.11631407594165089,,,1150010300107730006,11500,39.38,[],화곡동,A,False,39.38,2026-05-07,175000000,180413475.84419003,0.16223287439669093,0.15034304660943723
A,B1 공시비율,"공시가격 0.72억 × 실거래/공시 비율 1.70(법정동 11974건, 기준일 시점보정)",122400012.46681991,105448887.01062019,142076066.2022805,0.65,"공시가격 0.72억 × 실거래/공시 비율 1.70(법정동 11974건, 기준일 시점보정)",공시비율,법정동,11974,법정동,71800000.0,0.11631407594165089,,,1150010300104210025,11500,39.25,[],화곡동,A,False,39.25,2026-05-08,99000000,102062480.62042749,0.19926550601908385,0.18170929108011968
A,B1 공시비율,"공시가격 1.58억 × 실거래/공시 비율 1.82(법정동 3331건, 기준일 시점보정)",287227152.91106904,241018493.7912331,342295049.9427588,0.65,"공시가격 1.58억 × 실거래/공시 비율 1.82(법정동 3331건, 기준일 시점보정)",공시비율,법정동,3331,법정동,158000000.0,0.136859946939685,,,1162010100101800099,11620,32.26,[],봉천동,A,False,32.26,2026-05-08,299000000,306272603.382468,0.06218463636989208,-0.06420218983117125
A,B1 공시비율,"공시가격 1.96억 × 실거래/공시 비율 1.82(법정동 3331건, 기준일 시점보정)",356307101.07955444,298984966.98153,424619175.87835956,0.65,"공시가격 1.96억 × 실거래/공시 비율 1.82(법정동 3331건, 기준일 시점보정)",공시비율,법정동,3331,법정동,196000000.0,0.136859946939685,,,1162010100101800327,11620,66.82,[],봉천동,A,False,66.82,2026-05-08,300000000,307296926.47070366,0.15948800780968173,0.14797853510686565
A,B1 공시비율,"공시가격 1.20억 × 실거래/공시 비율 1.82(법정동 3331건, 기준일 시점보정)",218147204.74258402,183052020.60093647,259970924.0071585,0.65,"공시가격 1.20억 × 실거래/공시 비율 1.82(법정동 3331건, 기준일 시점보정)",공시비율,법정동,3331,법정동,120000000.0,0.136859946939685,,,1162010100106350467,11620,29.99,[],봉천동,A,False,29.99,2026-05-08,210000000,215107848.52949256,0.014129452894763852,0.014030562597125294
A,B1 공시비율,"공시가격 0.94억 × 실거래/공시 비율 1.70(법정동 11974건, 기준일 시점보정)",160415615.22462064,138199725.17687142,186202755.28739002,0.65,"공시가격 0.94억 × 실거래/공시 비율 1.70(법정동 11974건, 기준일 시점보정)",공시비율,법정동,11974,법정동,94100000.0,0.11631407594165089,,,1150010300103420076,11500,19.69,[],화곡동,A,False,19.69,2026-05-09,145000000,149485451.41375744,0.0731185791492835,0.07056896933129132
A,B1 공시비율,"공시가격 2.64억 × 실거래/공시 비율 1.76(법정동 134건, 기준일 시점보정)",464193658.0551566,374597750.44000906,575219023.4071776,0.65,"공시가격 2.64억 × 실거래/공시 비율 1.76(법정동 134건, 기준일 시점보정)",공시비율,법정동,134,법정동,264000000.0,0.16732915643846305,,,1168010400100220005,11680,50.94,[],청담동,A,False,50.94,2026-05-09,380000000,383603893.4737454,0.21008588794974498,0.1906913388662113
A,B1 공시비율,"공시가격 2.20억 × 실거래/공시 비율 1.75(법정동 833건, 기준일 시점보정)",385041986.6324334,326995975.0144013,453391915.49168634,0.65,"공시가격 2.20억 × 실거래/공시 비율 1.75(법정동 833건, 기준일 시점보정)",공시비율,법정동,833,법정동,220000000.0,0.1275004077190172,,,1168010800102190009,11680,29.9,[],논현동,A,False,29.9,2026-05-09,339000000,342215052.33578867,0.12514626111367552,0.1179130370846543
A,B1 공시비율,"공시가격 2.77억 × 실거래/공시 비율 1.74(법정동 154건, 기준일 시점보정)",482397840.16914517,405017636.0325604,574561835.0830237,0.65,"공시가격 2.77억 × 실거래/공시 비율 1.74(법정동 154건, 기준일 시점보정)",공시비율,법정동,154,법정동,277500000.0,0.13642209443179268,,,1168011800104540001,11680,39.68,[],도곡동,A,False,39.68,2026-05-09,535000000,540073902.6538258,0.10679290778775057,-0.11293681881898608
A,B1 공시비율,"공시가격 1.49억 × 실거래/공시 비율 1.82(법정동 3331건, 기준일 시점보정)",270866112.5553752,227289592.24616283,322797230.64222187,0.65,"공시가격 1.49억 × 실거래/공시 비율 1.82(법정동 3331건, 기준일 시점보정)",공시비율,법정동,3331,법정동,149000000.0,0.136859946939685,,,1162010100104570139,11620,55.63,[],봉천동,A,False,55.63,2026-05-10,300000000,307296926.47070366,0.11855248385896758,-0.1261898181781936
A,B1 공시비율,"공시가격 2.13억 × 실거래/공시 비율 1.79(법정동 5299건, 기준일 시점보정)",380207349.1223818,310403582.8456861,465708633.26192355,0.65,"공시가격 2.13억 × 실거래/공시 비율 1.79(법정동 5299건, 기준일 시점보정)",공시비율,법정동,5299,법정동,213000000.0,0.15827358659048354,,,1162010200104120172,11620,67.05,[],신림동,A,False,67.05,2026-05-11,500000000,512161544.11783946,0.2576417470443608,-0.2979233316402327
A,B1 공시비율,"공시가격 1.59억 × 실거래/공시 비율 1.70(법정동 11974건, 기준일 시점보정)",271052952.39866817,233514944.77282196,314625271.9521255,0.65,"공시가격 1.59억 × 실거래/공시 비율 1.70(법정동 11974건, 기준일 시점보정)",공시비율,법정동,11974,법정동,159000000.0,0.11631407594165089,,,1150010300101600006,11500,44.15,[],화곡동,A,False,44.15,2026-05-11,230000000,237114853.96664974,0.14312936479631863,0.13376955845756763
A,B1 공시비율,"공시가격 1.30억 × 실거래/공시 비율 1.70(법정동 11974건, 기준일 시점보정)",221615621.45803073,190924168.6821816,257240788.38853043,0.65,"공시가격 1.30억 × 실거래/공시 비율 1.70(법정동 11974건, 기준일 시점보정)",공시비율,법정동,11974,법정동,130000000.0,0.11631407594165089,,,1150010300104100239,11500,45.66,[],화곡동,A,False,45.66,2026-05-12,210000000,216496171.01302803,0.023646840593289906,0.02337158489864597
A,B1 공시비율,"공시가격 1.77억 × 실거래/공시 비율 1.70(법정동 11974건, 기준일 시점보정)",301738192.29285717,259950598.89804724,350243227.26746064,0.65,"공시가격 1.77억 × 실거래/공시 비율 1.70(법정동 11974건, 기준일 시점보정)",공시비율,법정동,11974,법정동,177000000.0,0.11631407594165089,,,1150010300110700011,11500,29.94,[],화곡동,A,False,29.94,2026-05-12,310000000,319589585.78113663,0.05585724404832317,-0.0574778997448308
A,B1 공시비율,"공시가격 1.47억 × 실거래/공시 비율 1.82(법정동 3331건, 기준일 시점보정)",267230325.8096661,224238725.23614776,318464381.90876997,0.65,"공시가격 1.47억 × 실거래/공시 비율 1.82(법정동 3331건, 기준일 시점보정)",공시비율,법정동,3331,법정동,147000000.0,0.136859946939685,,,1162010100106220106,11620,29.92,[],봉천동,A,False,29.92,2026-05-13,255000000,261202387.5000981,0.02307765394972021,0.022815392152860697
A,B1 공시비율,"공시가격 1.02억 × 실거래/공시 비율 1.79(법정동 5299건, 기준일 시점보정)",182071124.9318445,148643969.2500466,223015401.8437377,0.65,"공시가격 1.02억 × 실거래/공시 비율 1.79(법정동 5299건, 기준일 시점보정)",공시비율,법정동,5299,법정동,102000000.0,0.15827358659048354,,,1162010200104090307,11620,36.42,[],신림동,A,False,36.42,2026-05-13,335000000,343148234.5589524,0.4694096993800359,-0.6337651174682629
A,B1 공시비율,"공시가격 0.96억 × 실거래/공시 비율 1.79(법정동 5299건, 기준일 시점보정)",171361058.75938326,139900206.3529852,209896848.7941063,0.65,"공시가격 0.96억 × 실거래/공시 비율 1.79(법정동 5299건, 기준일 시점보정)",공시비율,법정동,5299,법정동,96000000.0,0.15827358659048354,,,1162010200104120316,11620,53.76,[],신림동,A,False,53.76,2026-05-13,285000000,291932080.14716846,0.4130105239787387,-0.5327483877282807
A,B1 공시비율,"공시가격 2.41억 × 실거래/공시 비율 1.79(법정동 5299건, 기준일 시점보정)",430187657.92720246,351207809.6986405,526928547.49353856,0.65,"공시가격 2.41억 × 실거래/공시 비율 1.79(법정동 5299건, 기준일 시점보정)",공시비율,법정동,5299,법정동,241000000.0,0.15827358659048354,,,1162010200105240006,11620,72.72,[],신림동,A,False,72.72,2026-05-13,425000000,435337312.5001635,0.011829113712735337,-0.011899634361226614
A,B1 공시비율,"공시가격 1.76억 × 실거래/공시 비율 1.82(법정동 3331건, 기준일 시점보정)",319949233.6224565,268476296.8813734,381290688.54383236,0.65,"공시가격 1.76억 × 실거래/공시 비율 1.82(법정동 3331건, 기준일 시점보정)",공시비율,법정동,3331,법정동,176000000.0,0.136859946939685,,,1162010100108990004,11620,26.41,[],봉천동,A,False,26.41,2026-05-14,350000000,358513080.8824876,0.10756608145260801,-0.11380280891275976
A,B1 공시비율,"공시가격 1.35억 × 실거래/공시 비율 1.79(법정동 910건, 기준일 시점보정)",242575567.9199117,196231909.40941995,299864106.3462179,0.65,"공시가격 1.35억 × 실거래/공시 비율 1.79(법정동 910건, 기준일 시점보정)",공시비율,법정동,910,법정동,135500000.0,0.16543079826937637,,,1168010100107410021,11680,14.55,[],역삼동,A,False,14.55,2026-05-14,205000000,206944205.6897837,0.17217859331389362,0.1588640629192834
A,B1 공시비율,"공시가격 12.19억 × 실거래/공시 비율 1.91(법정동 221건, 기준일 시점보정)",2328898083.2055917,1804822042.9757326,3005152947.3876257,0.65,"공시가격 12.19억 × 실거래/공시 비율 1.91(법정동 221건, 기준일 시점보정)",공시비율,법정동,221,법정동,1219000000.0,0.19891794184996942,,,1168010500100950000,11680,84.99,[],삼성동,A,False,84.99,2026-05-14,2150000000,2170390449.9172435,0.07303185161655686,0.07048814784596533
A,B1 공시비율,"공시가격 2.49억 × 실거래/공시 비율 1.75(법정동 833건, 기준일 시점보정)",435797521.2339808,370099989.9026627,513157213.4428624,0.65,"공시가격 2.49억 × 실거래/공시 비율 1.75(법정동 833건, 기준일 시점보정)",공시비율,법정동,833,법정동,249000000.0,0.1275004077190172,,,1168010800101760001,11680,29.26,[],논현동,A,False,29.26,2026-05-15,450000000,454267768.58733004,0.0406593833649866,-0.04150908818691633
A,B1 공시비율,"공시가격 1.19억 × 실거래/공시 비율 1.79(법정동 5299건, 기준일 시점보정)",212416312.42048576,173417964.1250548,260184635.48436126,0.65,"공시가격 1.19억 × 실거래/공시 비율 1.79(법정동 5299건, 기준일 시점보정)",공시비율,법정동,5299,법정동,119000000.0,0.15827358659048354,,,1162010200105460021,11620,42.68,[],신림동,A,False,42.68,2026-05-15,198000000,202815971.4706644,0.04733523144260835,0.04624906348952881
A,B1 공시비율,"공시가격 2.66억 × 실거래/공시 비율 1.82(법정동 3331건, 기준일 시점보정)",483559637.179396,405765312.332077,576268881.549203,0.65,"공시가격 2.66억 × 실거래/공시 비율 1.82(법정동 3331건, 기준일 시점보정)",공시비율,법정동,3331,법정동,266000000.0,0.136859946939685,,,1162010100100010618,11620,34.01,[],봉천동,A,False,34.01,2026-05-15,810000000,829701701.4708998,0.4171885675030692,-0.5398915883522344
A,B1 공시비율,"공시가격 1.20억 × 실거래/공시 비율 1.70(법정동 11974건, 기준일 시점보정)",204568265.96125877,176237694.16816732,237453035.43556613,0.65,"공시가격 1.20억 × 실거래/공시 비율 1.70(법정동 11974건, 기준일 시점보정)",공시비율,법정동,11974,법정동,120000000.0,0.11631407594165089,,,1150010300103390011,11500,59.94,[],화곡동,A,False,59.94,2026-05-15,278000000,286599693.05534184,0.2862230109864178,-0.3371847057480606
A,B1 공시비율,"공시가격 1.27억 × 실거래/공시 비율 1.70(법정동 11974건, 기준일 시점보정)",216501414.80899948,186518226.3279776,251304462.50264153,0.65,"공시가격 1.27억 × 실거래/공시 비율 1.70(법정동 11974건, 기준일 시점보정)",공시비율,법정동,11974,법정동,127000000.0,0.11631407594165089,,,1150010300101050102,11500,29.93,[],화곡동,A,False,29.93,2026-05-15,198000000,204124961.24085498,0.060631749752256124,0.058864720924589414
A,B1 공시비율,"공시가격 1.73억 × 실거래/공시 비율 1.82(법정동 3331건, 기준일 시점보정)",314495553.50389266,263899996.36635068,374791415.44365436,0.65,"공시가격 1.73억 × 실거래/공시 비율 1.82(법정동 3331건, 기준일 시점보정)",공시비율,법정동,3331,법정동,173000000.0,0.136859946939685,,,1162010100100410775,11620,29.56,[],봉천동,A,False,29.56,2026-05-16,300000000,307296926.47070366,0.02342563954630143,0.02315547037412823
A,B1 공시비율,"공시가격 0.64억 × 실거래/공시 비율 1.82(법정동 3331건, 기준일 시점보정)",116526965.19999725,97780287.67100048,138867801.9071575,0.65,"공시가격 0.64억 × 실거래/공시 비율 1.82(법정동 3331건, 기준일 시점보정)",공시비율,법정동,3331,법정동,64100000.0,0.136859946939685,,,1162010100101000318,11620,34.32,[],봉천동,A,False,34.32,2026-05-16,127000000,130089032.20593122,0.10425219387031175,-0.1100963719994164
A,B1 공시비율,"공시가격 2.52억 × 실거래/공시 비율 1.79(법정동 5299건, 기준일 시점보정)",449822779.24338156,367238041.67658657,550979228.0845296,0.65,"공시가격 2.52억 × 실거래/공시 비율 1.79(법정동 5299건, 기준일 시점보정)",공시비율,법정동,5299,법정동,252000000.0,0.15827358659048354,,,1162010200104080018,11620,79.06,[],신림동,A,False,79.06,2026-05-16,500000000,512161544.11783946,0.12171699650318696,-0.12978640983823386
A,B1 공시비율,"공시가격 1.96억 × 실거래/공시 비율 1.79(법정동 5299건, 기준일 시점보정)",349862161.6337411,285629587.9706783,428539399.62130064,0.65,"공시가격 1.96억 × 실거래/공시 비율 1.79(법정동 5299건, 기준일 시점보정)",공시비율,법정동,5299,법정동,196000000.0,0.15827358659048354,,,1162010200106290022,11620,29.96,[],신림동,A,False,29.96,2026-05-16,338000000,346221203.8236595,0.01051627621263788,0.010461364820032517
A,B1 공시비율,"공시가격 1.12억 × 실거래/공시 비율 1.70(법정동 11974건, 기준일 시점보정)",190930381.5638415,164488514.55695614,221622833.073195,0.65,"공시가격 1.12억 × 실거래/공시 비율 1.70(법정동 11974건, 기준일 시점보정)",공시비율,법정동,11974,법정동,112000000.0,0.11631407594165089,,,1150010300100730044,11500,56.87,[],화곡동,A,False,56.87,2026-05-18,200000000,206186829.53621715,0.07399331958637946,-0.07687383009241175
A,B1 공시비율,"공시가격 1.98억 × 실거래/공시 비율 1.70(법정동 11974건, 기준일 시점보정)",337537638.83607703,290792195.37747616,391797508.4686842,0.65,"공시가격 1.98억 × 실거래/공시 비율 1.70(법정동 11974건, 기준일 시점보정)",공시비율,법정동,11974,법정동,198000000.0,0.11631407594165089,,,1150010300101020092,11500,29.22,[],화곡동,A,False,29.22,2026-05-18,360000000,371136293.1651909,0.09052915316519382,-0.09489233559508978
A,B1 공시비율,"공시가격 2.08억 × 실거래/공시 비율 1.70(법정동 11974건, 기준일 시점보정)",354584994.3328489,305478669.89149034,411585261.4216484,0.65,"공시가격 2.08억 × 실거래/공시 비율 1.70(법정동 11974건, 기준일 시점보정)",공시비율,법정동,11974,법정동,208000000.0,0.11631407594165089,,,1150010300104880038,11500,45.32,[],화곡동,A,False,45.32,2026-05-18,250000000,257733536.92027146,0.37578135375738064,0.319021826999603
A,B1 공시비율,"공시가격 2.35억 × 실거래/공시 비율 1.75(법정동 833건, 기준일 시점보정)",411294849.35737145,349291155.1290191,484305000.6388461,0.65,"공시가격 2.35억 × 실거래/공시 비율 1.75(법정동 833건, 기준일 시점보정)",공시비율,법정동,833,법정동,235000000.0,0.1275004077190172,,,1168010800100270009,11680,36.66,[],논현동,A,False,36.66,2026-05-19,410000000,413888411.3795674,0.006266331578482975,-0.006286047441452945
A,B1 공시비율,"공시가격 2.13억 × 실거래/공시 비율 1.82(법정동 3331건, 기준일 시점보정)",387211288.4180872,324917336.5666627,461448390.11270696,0.65,"공시가격 2.13억 × 실거래/공시 비율 1.82(법정동 3331건, 기준일 시점보정)",공시비율,법정동,3331,법정동,213000000.0,0.136859946939685,,,1162010100100410147,11620,60.09,[],봉천동,A,False,60.09,2026-05-20,205000000,209986233.08831418,0.8439841637391402,0.6119285371035663
A,B1 공시비율,"공시가격 1.92억 × 실거래/공시 비율 1.79(법정동 5299건, 기준일 시점보정)",342722117.5187672,279800412.70597094,419793697.5882134,0.65,"공시가격 1.92억 × 실거래/공시 비율 1.79(법정동 5299건, 기준일 시점보정)",공시비율,법정동,5299,법정동,192000000.0,0.15827358659048354,,,1162010200105700024,11620,58.1,[],신림동,A,False,58.1,2026-05-21,270000000,276567233.8236333,0.239200004933776,0.21446601410194202
A,B1 공시비율,"공시가격 1.35억 × 실거래/공시 비율 1.82(법정동 3331건, 기준일 시점보정)",245415605.3354071,205933523.1760536,292467289.5080534,0.65,"공시가격 1.35억 × 실거래/공시 비율 1.82(법정동 3331건, 기준일 시점보정)",공시비율,법정동,3331,법정동,135000000.0,0.136859946939685,,,1162010100116410021,11620,41.58,[],봉천동,A,False,41.58,2026-05-21,220000000,225351079.41184935,0.08903674202903654,0.08529358261861633
A,B1 공시비율,"공시가격 1.05억 × 실거래/공시 비율 1.70(법정동 11974건, 기준일 시점보정)",178997232.7161014,154207982.3971464,207771406.00612035,0.65,"공시가격 1.05억 × 실거래/공시 비율 1.70(법정동 11974건, 기준일 시점보정)",공시비율,법정동,11974,법정동,105000000.0,0.11631407594165089,,,1150010300100420088,11500,29.87,[],화곡동,A,False,29.87,2026-05-22,155000000,159794792.89056832,0.12016937146808926,0.11347989839880693
A,B1 공시비율,"공시가격 2.05억 × 실거래/공시 비율 1.82(법정동 3331건, 기준일 시점보정)",372668141.4352482,312713868.52660024,444116995.17889637,0.65,"공시가격 2.05억 × 실거래/공시 비율 1.82(법정동 3331건, 기준일 시점보정)",공시비율,법정동,3331,법정동,205000000.0,0.136859946939685,,,1162010100101800188,11620,68.58,[],봉천동,A,False,68.58,2026-05-22,389000000,398461681.3236791,0.06473279890489203,-0.06692301394748874
A,B1 공시비율,"공시가격 1.45억 × 실거래/공시 비율 1.70(법정동 11974건, 기준일 시점보정)",247186654.7031879,212953880.45320237,286922417.817976,0.65,"공시가격 1.45억 × 실거래/공시 비율 1.70(법정동 11974건, 기준일 시점보정)",공시비율,법정동,11974,법정동,145000000.0,0.11631407594165089,,,1150010300104090043,11500,65.64,[],화곡동,A,False,65.64,2026-05-23,270000000,278352219.8738932,0.11196449298958266,-0.11874355141726907
A,B1 공시비율,"공시가격 2.78억 × 실거래/공시 비율 1.82(법정동 3331건, 기준일 시점보정)",505374357.6536534,424070514.3921699,602265973.9499177,0.65,"공시가격 2.78억 × 실거래/공시 비율 1.82(법정동 3331건, 기준일 시점보정)",공시비율,법정동,3331,법정동,278000000.0,0.136859946939685,,,1162010100104800152,11620,34.35,[],봉천동,A,False,34.35,2026-05-23,691000000,707807253.970854,0.28600003063197826,-0.33687235954448386
A,B1 공시비율,"공시가격 2.17억 × 실거래/공시 비율 1.79(법정동 5299건, 기준일 시점보정)",387347393.2373564,316232758.110394,474454335.2950117,0.65,"공시가격 2.17억 × 실거래/공시 비율 1.79(법정동 5299건, 기준일 시점보정)",공시비율,법정동,5299,법정동,217000000.0,0.15827358659048354,,,1162010200106080007,11620,53.56,[],신림동,A,False,53.56,2026-05-23,390000000,399486004.41191477,0.030385573062634945,-0.03085678451069777
A,B1 공시비율,"공시가격 0.96억 × 실거래/공시 비율 1.70(법정동 11974건, 기준일 시점보정)",163995559.87894288,141283884.82481453,190358183.4075127,0.65,"공시가격 0.96억 × 실거래/공시 비율 1.70(법정동 11974건, 기준일 시점보정)",공시비율,법정동,11974,법정동,96200000.0,0.11631407594165089,,,1150010300103950009,11500,26.42,[],화곡동,A,False,26.42,2026-05-25,128000000,131959570.90317899,0.24277124240779205,0.21734375891257673
A,B1 공시비율,"공시가격 1.73억 × 실거래/공시 비율 1.70(법정동 11974건, 기준일 시점보정)",294919250.09414876,254076009.09244183,342328126.0862753,0.65,"공시가격 1.73억 × 실거래/공시 비율 1.70(법정동 11974건, 기준일 시점보정)",공시비율,법정동,11974,법정동,173000000.0,0.11631407594165089,,,1150010300108940027,11500,56.71,[],화곡동,A,False,56.71,2026-05-25,315000000,324744256.51954204,0.09184152090954228,-0.09633637916732127
A,B1 공시비율,"공시가격 2.32억 × 실거래/공시 비율 2.01(법정동 879건, 기준일 시점보정)",465217194.05567294,366600591.7321315,590361943.0139192,0.65,"공시가격 2.32억 × 실거래/공시 비율 2.01(법정동 879건, 기준일 시점보정)",공시비율,법정동,879,법정동,232000000.0,0.1858859480458787,,,1168010300112620002,11680,67.53,[],개포동,A,False,67.53,2026-05-25,590000000,595595518.8144994,0.2189041398738819,-0.2470573964361104
A,B1 공시비율,"공시가격 1.18억 × 실거래/공시 비율 1.82(법정동 3331건, 기준일 시점보정)",214511417.99687478,180001153.59092128,255638075.27370644,0.65,"공시가격 1.18억 × 실거래/공시 비율 1.82(법정동 3331건, 기준일 시점보정)",공시비율,법정동,3331,법정동,118000000.0,0.136859946939685,,,1162010100116140013,11620,21.69,[],봉천동,A,False,21.69,2026-05-26,167000000,171061955.73535836,0.2539983953459235,0.22633716258146006
A,B1 공시비율,"공시가격 1.76억 × 실거래/공시 비율 1.70(법정동 11974건, 기준일 시점보정)",300033456.74317944,258481951.44664535,348264451.97216356,0.65,"공시가격 1.76억 × 실거래/공시 비율 1.70(법정동 11974건, 기준일 시점보정)",공시비율,법정동,11974,법정동,176000000.0,0.11631407594165089,,,1150010300108080016,11500,59.88,[],화곡동,A,False,59.88,2026-05-27,350000000,360826951.68838006,0.1684837971796063,-0.18450449428477747
A,B1 공시비율,"공시가격 2.20억 × 실거래/공시 비율 1.75(법정동 833건, 기준일 시점보정)",385041986.6324334,326995975.0144013,453391915.49168634,0.65,"공시가격 2.20억 × 실거래/공시 비율 1.75(법정동 833건, 기준일 시점보정)",공시비율,법정동,833,법정동,220000000.0,0.1275004077190172,,,1168010800101580015,11680,19.55,[],논현동,A,False,19.55,2026-05-27,420000000,423983250.68150806,0.09184623210110471,-0.09634156681230933
A,B1 공시비율,"공시가격 0.98억 × 실거래/공시 비율 1.79(법정동 5299건, 기준일 시점보정)",174931080.8168708,142814793.9853394,214269699.81065068,0.65,"공시가격 0.98억 × 실거래/공시 비율 1.79(법정동 5299건, 기준일 시점보정)",공시비율,법정동,5299,법정동,98000000.0,0.15827358659048354,,,1162010200101200096,11620,35.97,[],신림동,A,False,35.97,2026-05-28,170000000,174134925.00006542,0.00457206282315333,0.004561642692845846
A,B1 공시비율,"공시가격 4.75억 × 실거래/공시 비율 1.76(법정동 134건, 기준일 시점보정)",835196922.6371175,673992164.6174395,1034958470.1454884,0.65,"공시가격 4.75억 × 실거래/공시 비율 1.76(법정동 134건, 기준일 시점보정)",공시비율,법정동,134,법정동,475000000.0,0.16732915643846305,,,1168010400100560011,11680,42.82,[],청담동,A,False,42.82,2026-05-30,710000000,716733590.4377874,0.16528223844925644,0.15296332243960523
A,B1 공시비율,"공시가격 1.07억 × 실거래/공시 비율 1.70(법정동 11974건, 기준일 시점보정)",182406703.81545603,157145277.29994944,211728956.59671345,0.65,"공시가격 1.07억 × 실거래/공시 비율 1.70(법정동 11974건, 기준일 시점보정)",공시비율,법정동,11974,법정동,107000000.0,0.11631407594165089,,,1150010300100460333,11500,29.0,[],화곡동,A,False,29.0,2026-05-30,175000000,180413475.84419003,0.011048110247526118,0.010987525698924167
A,B1 공시비율,"공시가격 0.98억 × 실거래/공시 비율 1.79(법정동 5299건, 기준일 시점보정)",175555834.67693076,143324846.82100105,215034948.73854548,0.65,"공시가격 0.98억 × 실거래/공시 비율 1.79(법정동 5299건, 기준일 시점보정)",공시비율,법정동,5299,법정동,98350000.0,0.15827358659048354,,,1162010200106000002,11620,41.22,[],신림동,A,False,41.22,2026-06-01,235000000,238525437.57198527,0.26399533540757364,-0.3065188225118954
A,B1 공시비율,"공시가격 2.53억 × 실거래/공시 비율 1.75(법정동 479건, 기준일 시점보정)",441842105.2631589,385818914.1485296,506000195.49125683,0.65,"공시가격 2.53억 × 실거래/공시 비율 1.75(법정동 479건, 기준일 시점보정)",공시비율,법정동,479,법정동,253000000.0,0.10579312210404665,,,1162010300106020285,11620,74.9,[],남현동,A,False,74.9,2026-06-01,500000000,507500931.004224,0.12937675919360747,-0.13854595506013845
A,B1 공시비율,"공시가격 2.49억 × 실거래/공시 비율 1.70(법정동 11974건, 기준일 시점보정)",424479151.86961234,365693215.39894754,492715048.52880013,0.65,"공시가격 2.49억 × 실거래/공시 비율 1.70(법정동 11974건, 기준일 시점보정)",공시비율,법정동,11974,법정동,249000000.0,0.11631407594165089,,,1150010300100240618,11500,121.26,[],화곡동,A,False,121.26,2026-06-02,550000000,557654553.3003469,0.23881343861099552,-0.27287679822333627
A,B1 공시비율,"공시가격 3.04억 × 실거래/공시 비율 1.75(법정동 479건, 기준일 시점보정)",530909090.9090922,463592687.356336,608000234.8985853,0.65,"공시가격 3.04억 × 실거래/공시 비율 1.75(법정동 479건, 기준일 시점보정)",공시비율,법정동,479,법정동,304000000.0,0.10579312210404665,,,1162010300110720040,11620,56.6,[],남현동,A,False,56.6,2026-06-02,430000000,436450800.66363263,0.2164236841857862,0.19591514735314683
A,B1 공시비율,"공시가격 1.07억 × 실거래/공시 비율 1.70(법정동 11974건, 기준일 시점보정)",182406703.81545603,157145277.29994944,211728956.59671345,0.65,"공시가격 1.07억 × 실거래/공시 비율 1.70(법정동 11974건, 기준일 시점보정)",공시비율,법정동,11974,법정동,107000000.0,0.11631407594165089,,,1150010300107720001,11500,29.46,[],화곡동,A,False,29.46,2026-06-04,178000000,180477291.79538497,0.01069060822487584,0.010633867708294609
A,B1 공시비율,"공시가격 2.07억 × 실거래/공시 비율 1.70(법정동 11974건, 기준일 시점보정)",352880258.78317136,304010022.4400886,409606486.12635154,0.65,"공시가격 2.07억 × 실거래/공시 비율 1.70(법정동 11974건, 기준일 시점보정)",공시비율,법정동,11974,법정동,207000000.0,0.11631407594165089,,,1150010300110810000,11500,44.86,[],화곡동,A,False,44.86,2026-06-04,344000000,348787575.15512604,0.011734029304871503,0.011665719430442563
A,B1 공시비율,"공시가격 1.30억 × 실거래/공시 비율 1.79(법정동 5299건, 기준일 시점보정)",232051433.73666504,189448196.10300094,284235316.0753525,0.65,"공시가격 1.30억 × 실거래/공시 비율 1.79(법정동 5299건, 기준일 시점보정)",공시비율,법정동,5299,법정동,130000000.0,0.15827358659048354,,,1162010200102510236,11620,29.97,[],신림동,A,False,29.97,2026-06-05,158000000,160370294.1973348,0.4469726759441308,0.3694735642258113
A,B1 공시비율,"공시가격 3.26억 × 실거래/공시 비율 1.75(법정동 833건, 기준일 시점보정)",570562216.555332,484548581.15770274,671844383.864952,0.65,"공시가격 3.26억 × 실거래/공시 비율 1.75(법정동 833건, 기준일 시점보정)",공시비율,법정동,833,법정동,326000000.0,0.1275004077190172,,,1168010800101890019,11680,51.12,[],논현동,A,False,51.12,2026-06-05,700000000,720402122.8370675,0.20799481502308767,-0.23318734050112008
A,B1 공시비율,"공시가격 1.76억 × 실거래/공시 비율 1.82(법정동 3331건, 기준일 시점보정)",319949233.6224565,268476296.8813734,381290688.54383236,0.65,"공시가격 1.76억 × 실거래/공시 비율 1.82(법정동 3331건, 기준일 시점보정)",공시비율,법정동,3331,법정동,176000000.0,0.136859946939685,,,1162010100101800400,11620,62.65,[],봉천동,A,False,62.65,2026-06-05,289000000,293335538.1204415,0.09072782545389232,0.08684520318292882
A,B1 공시비율,"공시가격 3.68억 × 실거래/공시 비율 2.01(법정동 879건, 기준일 시점보정)",737930721.6055511,581504386.8854506,936436185.4703559,0.65,"공시가격 3.68억 × 실거래/공시 비율 2.01(법정동 879건, 기준일 시점보정)",공시비율,법정동,879,법정동,368000000.0,0.1858859480458787,,,1168010300112060000,11680,41.23,[],개포동,A,False,41.23,2026-06-06,800000000,823316711.8137914,0.10370977411612643,-0.10949100563881439
A,B1 공시비율,"공시가격 1.46억 × 실거래/공시 비율 1.75(법정동 833건, 기준일 시점보정)",255527863.85606906,217006419.7822842,300887362.09902775,0.65,"공시가격 1.46억 × 실거래/공시 비율 1.75(법정동 833건, 기준일 시점보정)",공시비율,법정동,833,법정동,146000000.0,0.1275004077190172,,,1168010800101670022,11680,16.57,[],논현동,A,False,16.57,2026-06-06,195000000,200683448.50461164,0.27328818475130556,0.2416026763201673
A,B1 공시비율,"공시가격 2.00억 × 실거래/공시 비율 1.79(법정동 5299건, 기준일 시점보정)",357002205.7487154,291458763.235386,437285101.6543884,0.65,"공시가격 2.00억 × 실거래/공시 비율 1.79(법정동 5299건, 기준일 시점보정)",공시비율,법정동,5299,법정동,200000000.0,0.15827358659048354,,,1162010200117100001,11620,59.93,[],신림동,A,False,59.93,2026-06-07,353000000,358295657.28898215,0.0036100117708753677,-0.003616543588064505
A,B1 공시비율,"공시가격 0.77억 × 실거래/공시 비율 1.70(법정동 11974건, 기준일 시점보정)",130412269.55030257,112351530.03220676,151376310.09017354,0.65,"공시가격 0.77억 × 실거래/공시 비율 1.70(법정동 11974건, 기준일 시점보정)",공시비율,법정동,11974,법정동,76500000.0,0.11631407594165089,,,1150010300103920006,11500,36.72,[],화곡동,A,False,36.72,2026-06-08,140000000,141948431.7491792,0.08127009264365018,-0.08476309823834159
A,B1 공시비율,"공시가격 0.69억 × 실거래/공시 비율 1.70(법정동 11974건, 기준일 시점보정)",117967700.03765939,101630403.63697663,136931250.43451,0.65,"공시가격 0.69억 × 실거래/공시 비율 1.70(법정동 11974건, 기준일 시점보정)",공시비율,법정동,11974,법정동,69200000.0,0.11631407594165089,,,1150010300101000045,11500,29.7,[],화곡동,A,False,29.7,2026-06-09,120000000,121670084.35643932,0.030429701256173936,-0.030902296619948907
A,B1 공시비율,"공시가격 1.65억 × 실거래/공시 비율 1.82(법정동 3331건, 기준일 시점보정)",299952406.52105296,251696528.32628763,357460020.5098429,0.65,"공시가격 1.65억 × 실거래/공시 비율 1.82(법정동 3331건, 기준일 시점보정)",공시비율,법정동,3331,법정동,165000000.0,0.136859946939685,,,1162010100101800369,11620,61.2,[],봉천동,A,False,61.2,2026-06-09,325000000,329875605.1527456,0.09071055320334163,-0.09509181217194766
A,B1 공시비율,"공시가격 2.79억 × 실거래/공시 비율 1.75(법정동 833건, 기준일 시점보정)",488303246.6838588,414690350.13189995,574983383.7371842,0.65,"공시가격 2.79억 × 실거래/공시 비율 1.75(법정동 833건, 기준일 시점보정)",공시비율,법정동,833,법정동,279000000.0,0.1275004077190172,,,1168010800101480006,11680,51.91,[],논현동,A,False,51.91,2026-06-09,545000000,560884509.9231454,0.12940500576354297,-0.13857839966629926
A,B1 공시비율,"공시가격 2.10억 × 실거래/공시 비율 2.01(법정동 879건, 기준일 시점보정)",421101770.4814288,331836742.516154,534379344.9694967,0.65,"공시가격 2.10억 × 실거래/공시 비율 2.01(법정동 879건, 기준일 시점보정)",공시비율,법정동,879,법정동,210000000.0,0.1858859480458787,,,1168010300112560000,11680,40.53,[],개포동,A,False,40.53,2026-06-10,647000000,665857390.6794038,0.3675796403614894,-0.45820097992324943
A,B1 공시비율,"공시가격 1.21억 × 실거래/공시 비율 1.70(법정동 11974건, 기준일 시점보정)",206273001.5109362,177706341.61956897,239431810.73086283,0.65,"공시가격 1.21억 × 실거래/공시 비율 1.70(법정동 11974건, 기준일 시점보정)",공시비율,법정동,11974,법정동,121000000.0,0.11631407594165089,,,1150010300108110009,11500,62.4,[],화곡동,A,False,62.4,2026-06-10,260000000,263618516.1056185,0.21753219554466682,-0.24530250188031347
A,B1 공시비율,"공시가격 1.80억 × 실거래/공시 비율 1.75(법정동 833건, 기준일 시점보정)",315909448.1234283,268285334.0459065,371987457.9374972,0.65,"공시가격 1.80억 × 실거래/공시 비율 1.75(법정동 833건, 기준일 시점보정)",공시비율,법정동,833,법정동,180500000.0,0.1275004077190172,,,1168010800102190010,11680,28.725,[],논현동,A,False,28.725,2026-06-11,310000000,319035225.82784414,0.009797594282277064,-0.009845906530677316
A,B1 공시비율,"공시가격 1.38억 × 실거래/공시 비율 1.70(법정동 11974건, 기준일 시점보정)",235253505.8554477,202673348.29339254,273070990.7509012,0.65,"공시가격 1.38억 × 실거래/공시 비율 1.70(법정동 11974건, 기준일 시점보정)",공시비율,법정동,11974,법정동,138000000.0,0.11631407594165089,,,1150010300104100018,11500,62.22,[],화곡동,A,False,62.22,2026-06-11,220000000,223061821.32013875,0.05465607903295754,0.05321472234331551
A,B1 공시비율,"공시가격 1.49억 × 실거래/공시 비율 1.70(법정동 11974건, 기준일 시점보정)",254005596.90189636,218828470.2588078,294837518.99916136,0.65,"공시가격 1.49억 × 실거래/공시 비율 1.70(법정동 11974건, 기준일 시점보정)",공시비율,법정동,11974,법정동,149000000.0,0.11631407594165089,,,1150010300101580019,11500,46.66,[],화곡동,A,False,46.66,2026-06-12,246000000,249423672.9307006,0.01837004450042234,0.01820335355156827
A,B1 공시비율,"공시가격 1.34억 × 실거래/공시 비율 1.70(법정동 11974건, 기준일 시점보정)",228434563.65673935,196798758.4877872,265155889.56971598,0.65,"공시가격 1.34억 × 실거래/공시 비율 1.70(법정동 11974건, 기준일 시점보정)",공시비율,법정동,11974,법정동,134000000.0,0.11631407594165089,,,1150010300104090197,11500,59.875,[],화곡동,A,False,59.875,2026-06-13,230000000,233200995.0165087,0.02043915532792611,-0.020650925433810426
A,B1 공시비율,"공시가격 0.86억 × 실거래/공시 비율 1.79(법정동 5299건, 기준일 시점보정)",154224952.88344514,125910185.71768685,188907163.91469592,0.65,"공시가격 0.86억 × 실거래/공시 비율 1.79(법정동 5299건, 기준일 시점보정)",공시비율,법정동,5299,법정동,86400000.0,0.15827358659048354,,,1162010200104120233,11620,30.36,[],신림동,A,False,30.36,2026-06-13,300000000,304500558.6025344,0.4935150411833711,-0.680260652048995
A,B1 공시비율,"공시가격 0.74억 × 실거래/공시 비율 1.79(법정동 5299건, 기준일 시점보정)",131733813.92127599,107548283.63385746,161358202.51046935,0.65,"공시가격 0.74억 × 실거래/공시 비율 1.79(법정동 5299건, 기준일 시점보정)",공시비율,법정동,5299,법정동,73800000.0,0.15827358659048354,,,1162010200104090328,11620,36.33,[],신림동,A,False,36.33,2026-06-15,299000000,303485556.74052596,0.5659305327867522,-0.834550694987064
A,B1 공시비율,"공시가격 2.48억 × 실거래/공시 비율 1.75(법정동 833건, 기준일 시점보정)",433172234.9614877,367870471.8912016,510065904.9281473,0.65,"공시가격 2.48억 × 실거래/공시 비율 1.75(법정동 833건, 기준일 시점보정)",공시비율,법정동,833,법정동,247500000.0,0.1275004077190172,,,1168010800102440015,11680,22.9,[],논현동,A,False,22.9,2026-06-16,427000000,439445294.93061113,0.01427495081068952,-0.014377818044300132
A,B1 공시비율,"공시가격 2.15억 × 실거래/공시 비율 1.79(법정동 5299건, 기준일 시점보정)",383777371.17986834,313318170.47803944,470081484.2784667,0.65,"공시가격 2.15억 × 실거래/공시 비율 1.79(법정동 5299건, 기준일 시점보정)",공시비율,법정동,5299,법정동,215000000.0,0.15827358659048354,,,1162010200116110009,11620,69.29,[],신림동,A,False,69.29,2026-06-16,473000000,480095880.7299959,0.20062348671618102,-0.2239232135670764
A,B1 공시비율,"공시가격 4.02억 × 실거래/공시 비율 1.82(법정동 3331건, 기준일 시점보정)",730793135.8876586,613224269.013139,870902595.4239835,0.65,"공시가격 4.02억 × 실거래/공시 비율 1.82(법정동 3331건, 기준일 시점보정)",공시비율,법정동,3331,법정동,402000000.0,0.136859946939685,,,1162010100104690002,11620,50.88,[],봉천동,A,False,50.88,2026-06-16,805000000,817076498.9168006,0.10560010371553703,-0.11160229254232994
A,B1 공시비율,"공시가격 1.86억 × 실거래/공시 비율 1.70(법정동 11974건, 기준일 시점보정)",317080812.23995215,273168425.9606603,368052204.9251287,0.65,"공시가격 1.86억 × 실거래/공시 비율 1.70(법정동 11974건, 기준일 시점보정)",공시비율,법정동,11974,법정동,186000000.0,0.11631407594165089,,,1150010300108050013,11500,56.52,[],화곡동,A,False,56.52,2026-06-16,280000000,283896863.4983584,0.11688733835478107,0.1105456540824267
A,B1 공시비율,"공시가격 1.79억 × 실거래/공시 비율 1.70(법정동 11974건, 기준일 시점보정)",305147663.3922113,262887893.80084985,354200777.85805315,0.65,"공시가격 1.79억 × 실거래/공시 비율 1.70(법정동 11974건, 기준일 시점보정)",공시비율,법정동,11974,법정동,179000000.0,0.11631407594165089,,,1150010300103790020,11500,67.07,[],화곡동,A,False,67.07,2026-06-16,280000000,283896863.4983584,0.07485394390056643,0.07218478620997819
A,B1 공시비율,"공시가격 1.78억 × 실거래/공시 비율 1.70(법정동 11974건, 기준일 시점보정)",303442927.8425341,261419246.34944847,352222002.5627568,0.65,"공시가격 1.78억 × 실거래/공시 비율 1.70(법정동 11974건, 기준일 시점보정)",공시비율,법정동,11974,법정동,178000000.0,0.11631407594165089,,,1150010300103770016,11500,42.04,[],화곡동,A,False,42.04,2026-06-16,290000000,294036037.1947284,0.03199230522065546,0.0314912108500381
A,B1 공시비율,"공시가격 0.82억 × 실거래/공시 비율 1.70(법정동 11974건, 기준일 시점보정)",139617841.51855916,120282226.26977424,162061696.68477392,0.65,"공시가격 0.82억 × 실거래/공시 비율 1.70(법정동 11974건, 기준일 시점보정)",공시비율,법정동,11974,법정동,81900000.0,0.11631407594165089,,,1150010300100560429,11500,32.66,[],화곡동,A,False,32.66,2026-06-16,80000000,81113389.57095954,0.7212675028999843,0.5430609397236145
A,B1 공시비율,"공시가격 1.28억 × 실거래/공시 비율 1.70(법정동 11974건, 기준일 시점보정)",218206150.35867602,187986873.77937847,253283237.79793718,0.65,"공시가격 1.28억 × 실거래/공시 비율 1.70(법정동 11974건, 기준일 시점보정)",공시비율,법정동,11974,법정동,128000000.0,0.11631407594165089,,,1150010300103790035,11500,23.59,[],화곡동,A,False,23.59,2026-06-16,199000000,201769556.55776188,0.08146220907319449,0.0783140227335965
A,B1 공시비율,"공시가격 1.30억 × 실거래/공시 비율 1.70(법정동 11974건, 기준일 시점보정)",221615621.45803073,190924168.6821816,257240788.38853043,0.65,"공시가격 1.30억 × 실거래/공시 비율 1.70(법정동 11974건, 기준일 시점보정)",공시비율,법정동,11974,법정동,130000000.0,0.11631407594165089,,,1150010300103570009,11500,29.37,[],화곡동,A,False,29.37,2026-06-17,197000000,199741721.81848788,0.10951091960356889,0.10391930525606748
A,B1 공시비율,"공시가격 2.98억 × 실거래/공시 비율 1.82(법정동 3331건, 기준일 시점보정)",541732225.1107514,454579184.49232656,645594461.2844449,0.65,"공시가격 2.98억 × 실거래/공시 비율 1.82(법정동 3331건, 기준일 시점보정)",공시비율,법정동,3331,법정동,298000000.0,0.136859946939685,,,1162010100116260051,11620,99.6,[],봉천동,A,False,99.6,2026-06-17,600000000,609001117.2050688,0.1104577482600348,-0.11704827245353043
A,B1 공시비율,"공시가격 2.24억 × 실거래/공시 비율 1.79(법정동 5299건, 기준일 시점보정)",399842470.43856126,326433814.82363236,489759313.85291505,0.65,"공시가격 2.24억 × 실거래/공시 비율 1.79(법정동 5299건, 기준일 시점보정)",공시비율,법정동,5299,법정동,224000000.0,0.15827358659048354,,,1162010200116570045,11620,38.11,[],신림동,A,False,38.11,2026-06-17,430000000,436450800.66363263,0.08387733547379828,-0.08760501003537258
A,B1 공시비율,"공시가격 1.19억 × 실거래/공시 비율 1.75(법정동 833건, 기준일 시점보정)",208272710.95117983,176875095.57597157,245243808.83413938,0.65,"공시가격 1.19억 × 실거래/공시 비율 1.75(법정동 833건, 기준일 시점보정)",공시비율,법정동,833,법정동,119000000.0,0.1275004077190172,,,1168010800101490018,11680,17.61,[],논현동,A,False,17.61,2026-06-17,220000000,226412095.74879262,0.08011667723679695,-0.08350844006525325
A,B1 공시비율,"공시가격 2.73억 × 실거래/공시 비율 1.75(법정동 833건, 기준일 시점보정)",477802101.5938822,405772278.08605164,562618149.6783186,0.65,"공시가격 2.73억 × 실거래/공시 비율 1.75(법정동 833건, 기준일 시점보정)",공시비율,법정동,833,법정동,273000000.0,0.1275004077190172,,,1168010800101960002,11680,53.07,[],논현동,A,False,53.07,2026-06-18,504000000,518689528.4426886,0.07882832524413329,-0.08210885971083207
A,B1 공시비율,"공시가격 1.70억 × 실거래/공시 비율 1.70(법정동 11974건, 기준일 시점보정)",289805043.445117,249670066.7382374,336391800.2003858,0.65,"공시가격 1.70억 × 실거래/공시 비율 1.70(법정동 11974건, 기준일 시점보정)",공시비율,법정동,11974,법정동,170000000.0,0.11631407594165089,,,1150010300100700061,11500,57.42,[],화곡동,A,False,57.42,2026-06-18,285000000,288966450.3465434,0.0029020431180434314,0.0028978403200846064
A,B1 공시비율,"공시가격 0.89억 × 실거래/공시 비율 1.70(법정동 11974건, 기준일 시점보정)",151380516.81133163,130415893.68444394,175715246.2223191,0.65,"공시가격 0.89억 × 실거래/공시 비율 1.70(법정동 11974건, 기준일 시점보정)",공시비율,법정동,11974,법정동,88800000.0,0.11631407594165089,,,1150010300110200014,11500,59.46,[],화곡동,A,False,59.46,2026-06-18,150000000,152087605.44554916,0.004649219324257718,-0.004660060559658752
A,B1 공시비율,"공시가격 1.99억 × 실거래/공시 비율 1.75(법정동 833건, 기준일 시점보정)",348287978.8175194,295782722.85393584,410113596.2856619,0.65,"공시가격 1.99억 × 실거래/공시 비율 1.75(법정동 833건, 기준일 시점보정)",공시비율,법정동,833,법정동,199000000.0,0.1275004077190172,,,1168010800101560022,11680,19.85,[],논현동,A,False,19.85,2026-06-18,445000000,457969920.94642144,0.2394959518350854,-0.2737738442661684
A,B1 공시비율,"공시가격 1.19억 × 실거래/공시 비율 1.70(법정동 11974건, 기준일 시점보정)",202863530.41158205,174769046.71676633,235474260.14027026,0.65,"공시가격 1.19억 × 실거래/공시 비율 1.70(법정동 11974건, 기준일 시점보정)",공시비율,법정동,11974,법정동,119000000.0,0.11631407594165089,,,1150010300101050055,11500,41.58,[],화곡동,A,False,41.58,2026-06-19,194000000,196699969.7095769,0.031334833000256725,0.030853917586675234
A,B1 공시비율,"공시가격 1.22억 × 실거래/공시 비율 1.70(법정동 11974건, 기준일 시점보정)",207977737.06061354,179174989.0709705,241410586.02615944,0.65,"공시가격 1.22억 × 실거래/공시 비율 1.70(법정동 11974건, 기준일 시점보정)",공시비율,법정동,11974,법정동,122000000.0,0.11631407594165089,,,1150010300104620001,11500,55.58,[],화곡동,A,False,55.58,2026-06-19,173000000,175407704.9472,0.1856818782459844,0.17031803377395174
A,B1 공시비율,"공시가격 1.10억 × 실거래/공시 비율 1.79(법정동 5299건, 기준일 시점보정)",196351213.16179326,160302319.77946216,240506805.90991336,0.65,"공시가격 1.10억 × 실거래/공시 비율 1.79(법정동 5299건, 기준일 시점보정)",공시비율,법정동,5299,법정동,110000000.0,0.15827358659048354,,,1162010200100880088,11620,37.8,[],신림동,A,False,37.8,2026-06-20,465000000,471975865.83392835,0.5839803952372381,-0.8770228929977456
A,B1 공시비율,"공시가격 1.93억 × 실거래/공시 비율 1.75(법정동 173건, 기준일 시점보정)",337510332.04166555,249983502.92936027,455682966.6758637,0.65,"공시가격 1.93억 × 실거래/공시 비율 1.75(법정동 173건, 기준일 시점보정)",공시비율,법정동,173,법정동,193000000.0,0.2342393850643126,,,1168010600109270001,11680,29.41,[],대치동,A,False,29.41,2026-06-20,378000000,389017146.3320164,0.13240242692642415,-0.14202729732058708
A,B1 공시비율,"공시가격 1.56억 × 실거래/공시 비율 1.70(법정동 11974건, 기준일 시점보정)",265938745.74963695,229109002.418618,308688946.0662366,0.65,"공시가격 1.56억 × 실거래/공시 비율 1.70(법정동 11974건, 기준일 시점보정)",공시비율,법정동,11974,법정동,156000000.0,0.11631407594165089,,,1150010300104510004,11500,47.06,[],화곡동,A,False,47.06,2026-06-20,255000000,258548929.25743353,0.02858188782072069,0.02818104562958485
A,B1 공시비율,"공시가격 2.29억 × 실거래/공시 비율 1.82(법정동 3331건, 기준일 시점보정)",416297582.3837654,349324272.6467879,496111179.98032856,0.65,"공시가격 2.29억 × 실거래/공시 비율 1.82(법정동 3331건, 기준일 시점보정)",공시비율,법정동,3331,법정동,229000000.0,0.136859946939685,,,1162010100101800281,11620,73.59,[],봉천동,A,False,73.59,2026-06-20,400000000,406000744.8033792,0.025361622391537348,0.025045352703469387
A,B1 공시비율,"공시가격 1.76억 × 실거래/공시 비율 1.75(법정동 833건, 기준일 시점보정)",308033589.3059459,261596780.01152036,362713532.3933481,0.65,"공시가격 1.76억 × 실거래/공시 비율 1.75(법정동 833건, 기준일 시점보정)",공시비율,법정동,833,법정동,176000000.0,0.1275004077190172,,,1168010800101880012,11680,21.84,[],논현동,A,False,21.84,2026-06-21,300000000,308743766.9301718,0.002300216879800312,-0.0023028664424730055
A,B1 공시비율,"공시가격 2.37억 × 실거래/공시 비율 1.79(법정동 5299건, 기준일 시점보정)",423047613.8122284,345378634.433933,518182845.46045107,0.65,"공시가격 2.37억 × 실거래/공시 비율 1.79(법정동 5299건, 기준일 시점보정)",공시비율,법정동,5299,법정동,237000000.0,0.15827358659048354,,,1162010200100870092,11620,52.52,[],신림동,A,False,52.52,2026-06-22,380000000,385700707.56321025,0.09682872112153842,0.0924230352118968
A,B1 공시비율,"공시가격 1.25억 × 실거래/공시 비율 1.70(법정동 11974건, 기준일 시점보정)",213091943.70964506,183580931.42517474,247346911.91204864,0.65,"공시가격 1.25억 × 실거래/공시 비율 1.70(법정동 11974건, 기준일 시점보정)",공시비율,법정동,11974,법정동,125000000.0,0.11631407594165089,,,1150010300100460145,11500,62.55,[],화곡동,A,False,62.55,2026-06-22,220000000,223061821.32013875,0.0446955805860874,-0.04572522551158616
A,B1 공시비율,"공시가격 1.74억 × 실거래/공시 비율 1.70(법정동 11974건, 기준일 시점보정)",296623985.64382553,255544656.5438429,344306901.3815713,0.65,"공시가격 1.74억 × 실거래/공시 비율 1.70(법정동 11974건, 기준일 시점보정)",공시비율,법정동,11974,법정동,174000000.0,0.11631407594165089,,,1150010300103700030,11500,29.08,[],화곡동,A,False,29.08,2026-06-25,206000000,208866978.14522082,0.42015740486075837,0.3507677139634209
A,B1 공시비율,"공시가격 0.72억 × 실거래/공시 비율 1.82(법정동 3331건, 기준일 시점보정)",131615480.19469254,110441385.76256515,156849124.15098584,0.65,"공시가격 0.72억 × 실거래/공시 비율 1.82(법정동 3331건, 기준일 시점보정)",공시비율,법정동,3331,법정동,72400000.0,0.136859946939685,,,1162010100106350403,11620,34.94,[],봉천동,A,False,34.94,2026-06-25,165000000,167475307.23139393,0.21412008510099526,-0.24095127825169912
A,B1 공시비율,"공시가격 0.70억 × 실거래/공시 비율 1.79(법정동 5299건, 기준일 시점보정)",124593769.80630168,101719108.36914973,152612500.47738156,0.65,"공시가격 0.70억 × 실거래/공시 비율 1.79(법정동 5299건, 기준일 시점보정)",공시비율,법정동,5299,법정동,69800000.0,0.15827358659048354,,,1162010200100920231,11620,28.9,[],신림동,A,False,28.9,2026-06-25,218000000,221270405.91784167,0.43691625055108496,-0.5743269062235665
A,B1 공시비율,"공시가격 2.42억 × 실거래/공시 비율 1.79(법정동 5299건, 기준일 시점보정)",431972668.9559463,352665103.51481766,529114973.00181085,0.65,"공시가격 2.42억 × 실거래/공시 비율 1.79(법정동 5299건, 기준일 시점보정)",공시비율,법정동,5299,법정동,242000000.0,0.15827358659048354,,,1162010200105220002,11620,99.52,[],신림동,A,False,99.52,2026-06-25,407000000,413105757.83743834,0.04567089845775599,0.0446586875112887
A,B1 공시비율,"공시가격 4.35억 × 실거래/공시 비율 1.79(법정동 910건, 기준일 시점보정)",778748133.174625,629969598.4730462,962663367.2369366,0.65,"공시가격 4.35억 × 실거래/공시 비율 1.79(법정동 910건, 기준일 시점보정)",공시비율,법정동,910,법정동,435000000.0,0.16543079826937637,,,1168010100107400008,11680,70.4,[],역삼동,A,False,70.4,2026-06-25,928930000,956004491.3814815,0.18541372954295524,-0.20507493824690376
A,B1 공시비율,"공시가격 1.78억 × 실거래/공시 비율 2.01(법정동 879건, 기준일 시점보정)",356933881.64616317,281271143.6565494,452950111.45033497,0.65,"공시가격 1.78억 × 실거래/공시 비율 2.01(법정동 879건, 기준일 시점보정)",공시비율,법정동,879,법정동,178000000.0,0.1858859480458787,,,1168010300111640029,11680,42.84,[],개포동,A,False,42.84,2026-06-25,700000000,720402122.8370675,0.5045352167474242,-0.7022590008911379
A,B1 공시비율,"공시가격 2.38억 × 실거래/공시 비율 1.75(법정동 833건, 기준일 시점보정)",417420517.32652354,354493363.8224298,491518053.8398499,0.65,"공시가격 2.38억 × 실거래/공시 비율 1.75(법정동 833건, 기준일 시점보정)",공시비율,법정동,833,법정동,238500000.0,0.1275004077190172,,,1168010800102700002,11680,23.19,[],논현동,A,False,23.19,2026-06-26,330000000,339618143.6231889,0.22908780100293302,0.20627226904344723
A,B1 공시비율,"공시가격 2.30억 × 실거래/공시 비율 1.79(법정동 5299건, 기준일 시점보정)",410552536.61102295,335177577.7206941,502877866.90254694,0.65,"공시가격 2.30억 × 실거래/공시 비율 1.79(법정동 5299건, 기준일 시점보정)",공시비율,법정동,5299,법정동,230000000.0,0.15827358659048354,,,1162010200116270013,11620,37.44,[],신림동,A,False,37.44,2026-06-26,430000000,436450800.66363263,0.05933833553113163,-0.061171752967216525
A,B1 공시비율,"공시가격 1.38억 × 실거래/공시 비율 1.70(법정동 11974건, 기준일 시점보정)",235253505.8554477,202673348.29339254,273070990.7509012,0.65,"공시가격 1.38억 × 실거래/공시 비율 1.70(법정동 11974건, 기준일 시점보정)",공시비율,법정동,11974,법정동,138000000.0,0.11631407594165089,,,1150010300101050079,11500,68.77,[],화곡동,A,False,68.77,2026-06-26,290000000,294036037.1947284,0.19991607797499777,-0.22303865428484274
A,B1 공시비율,"공시가격 1.57억 × 실거래/공시 비율 1.70(법정동 11974건, 기준일 시점보정)",267643481.29931375,230577649.87001908,310667721.36153257,0.65,"공시가격 1.57억 × 실거래/공시 비율 1.70(법정동 11974건, 기준일 시점보정)",공시비율,법정동,11974,법정동,157000000.0,0.11631407594165089,,,1150010300108570016,11500,65.55,[],화곡동,A,False,65.55,2026-06-26,515000000,522167445.36305207,0.48743744238358855,-0.6683325117769555
A,B1 공시비율,"공시가격 1.03억 × 실거래/공시 비율 1.70(법정동 11974건, 기준일 시점보정)",175587761.61674732,151270687.4943438,203813855.41552782,0.65,"공시가격 1.03억 × 실거래/공시 비율 1.70(법정동 11974건, 기준일 시점보정)",공시비율,법정동,11974,법정동,103000000.0,0.11631407594165089,,,1150010300109600003,11500,49.67,[],화곡동,A,False,49.67,2026-06-27,180000000,182505126.53465897,0.03790230471470068,-0.03863927912210154
A,B1 공시비율,"공시가격 1.23억 × 실거래/공시 비율 1.82(법정동 3331건, 기준일 시점보정)",223600884.86114934,187628321.1159605,266470197.10733834,0.65,"공시가격 1.23억 × 실거래/공시 비율 1.82(법정동 3331건, 기준일 시점보정)",공시비율,법정동,3331,법정동,123000000.0,0.136859946939685,,,1162010100201330015,11620,50.86,[],봉천동,A,False,50.86,2026-06-27,176000000,178640327.71348685,0.25168201224850356,0.22448825659147834
A,B1 공시비율,"공시가격 4.00억 × 실거래/공시 비율 1.79(법정동 5299건, 기준일 시점보정)",714004411.4974296,582917526.4707711,874570203.3087753,0.65,"공시가격 4.00억 × 실거래/공시 비율 1.79(법정동 5299건, 기준일 시점보정)",공시비율,법정동,5299,법정동,400000000.0,0.15827358659048354,,,1162010200102540301,11620,79.39,[],신림동,A,False,79.39,2026-06-27,720000000,730801340.6460825,0.02298426154199879,-0.023252518104925044
A,B1 공시비율,"공시가격 1.06억 × 실거래/공시 비율 1.79(법정동 5299건, 기준일 시점보정)",189211169.04681918,154473144.51475462,231761103.8768259,0.65,"공시가격 1.06억 × 실거래/공시 비율 1.79(법정동 5299건, 기준일 시점보정)",공시비율,법정동,5299,법정동,106000000.0,0.15827358659048354,,,1162010200104120114,11620,36.1,[],신림동,A,False,36.1,2026-06-27,360000000,365400670.32304126,0.4821816586172584,-0.6581307905408929
A,B1 공시비율,"공시가격 2.42억 × 실거래/공시 비율 1.79(법정동 5299건, 기준일 시점보정)",431972668.9559463,352665103.51481766,529114973.00181085,0.65,"공시가격 2.42억 × 실거래/공시 비율 1.79(법정동 5299건, 기준일 시점보정)",공시비율,법정동,5299,법정동,242000000.0,0.15827358659048354,,,1162010200105200017,11620,79.54,[],신림동,A,False,79.54,2026-06-28,450000000,456750837.9038016,0.05424876517265183,-0.055775709810481904
A,B1 공시비율,"공시가격 1.01억 × 실거래/공시 비율 1.70(법정동 11974건, 기준일 시점보정)",172178290.51739287,148333392.5915409,199856304.8249349,0.65,"공시가격 1.01억 × 실거래/공시 비율 1.70(법정동 11974건, 기준일 시점보정)",공시비율,법정동,11974,법정동,101000000.0,0.11631407594165089,,,1150010300101630019,11500,26.41,[],화곡동,A,False,26.41,2026-06-29,250000000,253479342.4092486,0.3207403456199329,-0.38675181748251475
A,B1 공시비율,"공시가격 1.80억 × 실거래/공시 비율 1.82(법정동 3331건, 기준일 시점보정)",327220807.11387694,274578030.9014055,389956386.01073885,0.65,"공시가격 1.80억 × 실거래/공시 비율 1.82(법정동 3331건, 기준일 시점보정)",공시비율,법정동,3331,법정동,180000000.0,0.136859946939685,,,1162010100106350482,11620,67.69,[],봉천동,A,False,67.69,2026-06-29,315000000,319725586.53266114,0.02344266739018128,0.023172108321789533
A,B1 공시비율,"공시가격 2.15억 × 실거래/공시 비율 1.75(법정동 479건, 기준일 시점보정)",374605263.1578952,327107340.2563617,429000165.74258685,0.65,"공시가격 2.15억 × 실거래/공시 비율 1.75(법정동 479건, 기준일 시점보정)",공시비율,법정동,479,법정동,214500000.0,0.10579312210404665,,,1162010300106020140,11620,43.35,[],남현동,A,False,43.35,2026-06-29,380000000,385700707.56321025,0.028766979649620356,-0.029188859717827836
A,B1 공시비율,"공시가격 1.07억 × 실거래/공시 비율 1.70(법정동 11974건, 기준일 시점보정)",182406703.81545603,157145277.29994944,211728956.59671345,0.65,"공시가격 1.07억 × 실거래/공시 비율 1.70(법정동 11974건, 기준일 시점보정)",공시비율,법정동,11974,법정동,107000000.0,0.11631407594165089,,,1150010300110140011,11500,37.56,[],화곡동,A,False,37.56,2026-07-01,160000000,160702443.60524118,0.13505868189242012,0.12668435170471729
A,B1 공시비율,"공시가격 1.16억 × 실거래/공시 비율 1.70(법정동 11974건, 기준일 시점보정)",197749323.7625505,170363104.36256206,229537934.254381,0.65,"공시가격 1.16억 × 실거래/공시 비율 1.70(법정동 11974건, 기준일 시점보정)",공시비율,법정동,11974,법정동,116000000.0,0.11631407594165089,,,1150010300103460075,11500,25.96,[],화곡동,A,False,25.96,2026-07-01,193000000,193847322.59882218,0.020129249717850038,0.019929334678117222
A,B1 공시비율,"공시가격 1.09억 × 실거래/공시 비율 1.70(법정동 11974건, 기준일 시점보정)",185816174.91481054,160082572.2027524,215686507.18730646,0.65,"공시가격 1.09억 × 실거래/공시 비율 1.70(법정동 11974건, 기준일 시점보정)",공시비율,법정동,11974,법정동,109000000.0,0.11631407594165089,,,1150010300108060001,11500,50.77,[],화곡동,A,False,50.77,2026-07-01,229000000,230005372.41000143,0.19212245797641808,-0.21334478884845687
A,B1 공시비율,"공시가격 1.15억 × 실거래/공시 비율 1.70(법정동 11974건, 기준일 시점보정)",196044588.21287304,168894456.9111604,227559158.95908427,0.65,"공시가격 1.15억 × 실거래/공시 비율 1.70(법정동 11974건, 기준일 시점보정)",공시비율,법정동,11974,법정동,115000000.0,0.11631407594165089,,,1150010300105040090,11500,59.97,[],화곡동,A,False,59.97,2026-07-02,200000000,200878054.50655147,0.02406169407380831,-0.02435590570814999
A,B1 공시비율,"공시가격 0.76억 × 실거래/공시 비율 1.70(법정동 11974건, 기준일 시점보정)",129730375.33043186,111764071.05164634,150584799.97205517,0.65,"공시가격 0.76억 × 실거래/공시 비율 1.70(법정동 11974건, 기준일 시점보정)",공시비율,법정동,11974,법정동,76100000.0,0.11631407594165089,,,1150010300105040114,11500,37.44,[],화곡동,A,False,37.44,2026-07-02,150000000,150658540.8799136,0.13891124543787456,-0.14955769675197722
A,B1 공시비율,"공시가격 2.47억 × 실거래/공시 비율 1.75(법정동 173건, 기준일 시점보정)",431943274.68544734,319927073.6971603,583179755.2794728,0.65,"공시가격 2.47억 × 실거래/공시 비율 1.75(법정동 173건, 기준일 시점보정)",공시비율,법정동,173,법정동,247000000.0,0.2342393850643126,,,1168010600109000057,11680,29.85,[],대치동,A,False,29.85,2026-07-02,350000000,351921451.16333294,0.2273854670057463,0.20488627043163976
A,B1 공시비율,"공시가격 1.28억 × 실거래/공시 비율 1.75(법정동 833건, 기준일 시점보정)",224024428.5861425,190252203.6447421,263791659.92243505,0.65,"공시가격 1.28억 × 실거래/공시 비율 1.75(법정동 833건, 기준일 시점보정)",공시비율,법정동,833,법정동,128000000.0,0.1275004077190172,,,1168010800101480008,11680,18.25,[],논현동,A,False,18.25,2026-07-03,395000000,397168494.8843329,0.43594612495287427,-0.5726055089129204
A,B1 공시비율,"공시가격 6.80억 × 실거래/공시 비율 1.91(법정동 221건, 기준일 시점보정)",1299139209.6634989,1006791623.6452012,1676377361.9553642,0.65,"공시가격 6.80억 × 실거래/공시 비율 1.91(법정동 221건, 기준일 시점보정)",공시비율,법정동,221,법정동,680000000.0,0.19891794184996942,,,1168010500100960007,11680,76.25,[],삼성동,A,False,76.25,2026-07-04,2500000000,2513724651.1666636,0.48318157716258,-0.6600636792438921
A,B1 공시비율,"공시가격 1.56억 × 실거래/공시 비율 1.70(법정동 11974건, 기준일 시점보정)",265938745.74963695,229109002.418618,308688946.0662366,0.65,"공시가격 1.56억 × 실거래/공시 비율 1.70(법정동 11974건, 기준일 시점보정)",공시비율,법정동,11974,법정동,156000000.0,0.11631407594165089,,,1150010300108180014,11500,53.94,[],화곡동,A,False,53.94,2026-07-06,240000000,241053665.40786177,0.10323460669917518,0.09824641638418415
A,B1 공시비율,"공시가격 1.81억 × 실거래/공시 비율 1.79(법정동 5299건, 기준일 시점보정)",323086996.20258766,263770180.72802454,395743016.99722177,0.65,"공시가격 1.81억 × 실거래/공시 비율 1.79(법정동 5299건, 기준일 시점보정)",공시비율,법정동,5299,법정동,181000000.0,0.15827358659048354,,,1162010200105610001,11620,29.56,[],신림동,A,False,29.56,2026-07-06,320000000,320988116.62572,0.006538807725754486,0.006517522458977774
A,B1 공시비율,"공시가격 1.81억 × 실거래/공시 비율 1.79(법정동 910건, 기준일 시점보정)",324030832.4243843,262125281.20372733,400556481.53996676,0.65,"공시가격 1.81억 × 실거래/공시 비율 1.79(법정동 910건, 기준일 시점보정)",공시비율,법정동,910,법정동,181000000.0,0.16543079826937637,,,1168010100108300063,11680,43.17,[],역삼동,A,False,43.17,2026-07-06,440000000,442415538.60533285,0.2675871343808211,-0.3114108999527003
A,B1 공시비율,"공시가격 4.17억 × 실거래/공시 비율 2.01(법정동 879건, 기준일 시점보정)",836187801.3845502,658932960.1392192,1061124699.2965705,0.65,"공시가격 4.17억 × 실거래/공시 비율 2.01(법정동 879건, 기준일 시점보정)",공시비율,법정동,879,법정동,417000000.0,0.1858859480458787,,,1168010300112060002,11680,55.92,[],개포동,A,False,55.92,2026-07-07,900000000,904940874.419999,0.07597521007050818,-0.07901637877232075
A,B1 공시비율,"공시가격 1.46억 × 실거래/공시 비율 1.70(법정동 11974건, 기준일 시점보정)",248891390.25286508,214422527.9046038,288901193.1132724,0.65,"공시가격 1.46억 × 실거래/공시 비율 1.70(법정동 11974건, 기준일 시점보정)",공시비율,법정동,11974,법정동,146000000.0,0.11631407594165089,,,1150010300110380004,11500,25.77,[],화곡동,A,False,25.77,2026-07-07,227000000,227996591.86493593,0.09164522248783051,0.0876859367035711
A,B1 공시비율,"공시가격 2.01억 × 실거래/공시 비율 1.82(법정동 3331건, 기준일 시점보정)",365396567.9438286,306612134.5065689,435451297.71199095,0.65,"공시가격 2.01억 × 실거래/공시 비율 1.82(법정동 3331건, 기준일 시점보정)",공시비율,법정동,3331,법정동,201000000.0,0.136859946939685,,,1162010100100410047,11620,47.58,[],봉천동,A,False,47.58,2026-07-07,530000000,531636568.1613488,0.3126948185533153,-0.37497686204015346
A,B1 공시비율,"공시가격 1.00억 × 실거래/공시 비율 1.79(법정동 5299건, 기준일 시점보정)",178501102.874358,145729381.61769328,218642550.82719457,0.65,"공시가격 1.00억 × 실거래/공시 비율 1.79(법정동 5299건, 기준일 시점보정)",공시비율,법정동,5299,법정동,100000000.0,0.15827358659048354,,,1162010200104120055,11620,43.62,[],신림동,A,False,43.62,2026-07-07,320000000,320988116.62572,0.4439012112012401,-0.5868093228187555
A,B1 공시비율,"공시가격 1.60억 × 실거래/공시 비율 1.82(법정동 3331건, 기준일 시점보정)",290862939.6567794,244069360.80124924,346627898.6762122,0.65,"공시가격 1.60억 × 실거래/공시 비율 1.82(법정동 3331건, 기준일 시점보정)",공시비율,법정동,3331,법정동,160000000.0,0.136859946939685,,,1162010100101000016,11620,57.6,[],봉천동,A,False,57.6,2026-07-08,320000000,320988116.62572,0.09385137769466807,-0.09855194411300544
A,B1 공시비율,"공시가격 1.26억 × 실거래/공시 비율 1.70(법정동 11974건, 기준일 시점보정)",214796679.25932175,185049578.87657574,249325687.20734447,0.65,"공시가격 1.26억 × 실거래/공시 비율 1.70(법정동 11974건, 기준일 시점보정)",공시비율,법정동,11974,법정동,126000000.0,0.11631407594165089,,,1150010300103540006,11500,24.79,[],화곡동,A,False,24.79,2026-07-09,198000000,198869273.96148595,0.08008982474044925,0.07704420873357942
A,B1 공시비율,"공시가격 1.71억 × 실거래/공시 비율 1.82(법정동 3331건, 기준일 시점보정)",310859766.7581827,260849129.35633487,370458566.7102014,0.65,"공시가격 1.71억 × 실거래/공시 비율 1.82(법정동 3331건, 기준일 시점보정)",공시비율,법정동,3331,법정동,171000000.0,0.136859946939685,,,1162010100106490073,11620,45.44,[],봉천동,A,False,45.44,2026-07-09,235000000,235725648.14701316,0.3187354418230775,0.2766732788054398
A,B1 공시비율,"공시가격 1.10억 × 실거래/공시 비율 1.70(법정동 11974건, 기준일 시점보정)",187520910.4644873,161551219.65415347,217665282.48260242,0.65,"공시가격 1.10억 × 실거래/공시 비율 1.70(법정동 11974건, 기준일 시점보정)",공시비율,법정동,11974,법정동,110000000.0,0.11631407594165089,,,1150010300105040067,11500,48.02,[],화곡동,A,False,48.02,2026-07-10,175000000,175768297.69323254,0.06686423504975027,0.06472372434553922
A,B1 공시비율,"공시가격 1.49억 × 실거래/공시 비율 1.82(법정동 3331건, 기준일 시점보정)",270866112.5553752,227289592.24616283,322797230.64222187,0.65,"공시가격 1.49억 × 실거래/공시 비율 1.82(법정동 3331건, 기준일 시점보정)",공시비율,법정동,3331,법정동,149000000.0,0.136859946939685,,,1162010100106350262,11620,62.61,[],봉천동,A,False,62.61,2026-07-10,325000000,326003555.9479969,0.16913141708618987,-0.18528363993734068
A,B1 공시비율,"공시가격 1.28억 × 실거래/공시 비율 1.70(법정동 11974건, 기준일 시점보정)",218206150.35867602,187986873.77937847,253283237.79793718,0.65,"공시가격 1.28억 × 실거래/공시 비율 1.70(법정동 11974건, 기준일 시점보정)",공시비율,법정동,11974,법정동,128000000.0,0.11631407594165089,,,1150010300104100191,11500,44.34,[],화곡동,A,False,44.34,2026-07-11,187000000,187820980.96362564,0.16177729047712153,0.1499509795416668
A,B1 공시비율,"공시가격 0.96억 × 실거래/공시 비율 1.70(법정동 11974건, 기준일 시점보정)",164166033.43391064,141430749.5699547,190556060.93704236,0.65,"공시가격 0.96억 × 실거래/공시 비율 1.70(법정동 11974건, 기준일 시점보정)",공시비율,법정동,11974,법정동,96300000.0,0.11631407594165089,,,1150010300108130013,11500,29.73,[],화곡동,A,False,29.73,2026-07-11,194000000,194851712.87135494,0.15748221550253247,-0.17136050778260908
A,B1 공시비율,"공시가격 1.55억 × 실거래/공시 비율 1.82(법정동 3331건, 기준일 시점보정)",281773472.7925052,236442193.2762103,335795776.84258074,0.65,"공시가격 1.55억 × 실거래/공시 비율 1.82(법정동 3331건, 기준일 시점보정)",공시비율,법정동,3331,법정동,155000000.0,0.136859946939685,,,1162010100116480022,11620,45.27,[],봉천동,A,False,45.27,2026-07-11,262500000,263310564.41953596,0.07011837300820206,0.06776927133450857
A,B1 공시비율,"공시가격 1.61억 × 실거래/공시 비율 1.70(법정동 11974건, 기준일 시점보정)",274462423.49802303,236452239.6756252,318582822.5427188,0.65,"공시가격 1.61억 × 실거래/공시 비율 1.70(법정동 11974건, 기준일 시점보정)",공시비율,법정동,11974,법정동,161000000.0,0.11631407594165089,,,1150010300110370004,11500,57.95,[],화곡동,A,False,57.95,2026-07-13,417000000,418830743.6461598,0.34469370345483347,-0.42265252433769906
A,B1 공시비율,"공시가격 0.99억 × 실거래/공시 비율 1.82(법정동 3331건, 기준일 시점보정)",180880390.5990594,151780633.74827662,215559224.4892691,0.65,"공시가격 0.99억 × 실거래/공시 비율 1.82(법정동 3331건, 기준일 시점보정)",공시비율,법정동,3331,법정동,99500000.0,0.136859946939685,,,1162010100116440046,11620,50.19,[],봉천동,A,False,50.19,2026-07-13,240000000,240741087.46929002,0.24865176733849684,-0.2858860427305059
A,B1 공시비율,"공시가격 5.47억 × 실거래/공시 비율 1.75(법정동 833건, 기준일 시점보정)",958229489.4602593,813774074.183566,1128327607.8713546,0.65,"공시가격 5.47억 × 실거래/공시 비율 1.75(법정동 833건, 기준일 시점보정)",공시비율,법정동,833,법정동,547500000.0,0.1275004077190172,,,1168010800102690000,11680,77.49,[],논현동,A,False,77.49,2026-07-13,920000000,925050671.6293323,0.035867027448872296,0.035238783716155624
A,B1 공시비율,"공시가격 3.03억 × 실거래/공시 비율 1.79(법정동 910건, 기준일 시점보정)",542438354.83198,438806409.97088027,670544828.213314,0.65,"공시가격 3.03억 × 실거래/공시 비율 1.79(법정동 910건, 기준일 시점보정)",공시비율,법정동,910,법정동,303000000.0,0.16543079826937637,,,1168010100107290009,11680,55.83,[],역삼동,A,False,55.83,2026-07-14,660000000,663623307.9079993,0.1826110560493147,-0.20164023381732193
A,B1 공시비율,"공시가격 1.29억 × 실거래/공시 비율 1.79(법정동 5299건, 기준일 시점보정)",230266422.70792148,187990902.28682402,282048890.56708056,0.65,"공시가격 1.29억 × 실거래/공시 비율 1.79(법정동 5299건, 기준일 시점보정)",공시비율,법정동,5299,법정동,129000000.0,0.15827358659048354,,,1162010200104090184,11620,39.9,[],신림동,A,False,39.9,2026-07-14,375000000,376157949.1707657,0.3878464532903261,-0.49077213462181507
A,B1 공시비율,"공시가격 1.30억 × 실거래/공시 비율 1.70(법정동 11974건, 기준일 시점보정)",221615621.45803073,190924168.6821816,257240788.38853043,0.65,"공시가격 1.30억 × 실거래/공시 비율 1.70(법정동 11974건, 기준일 시점보정)",공시비율,법정동,11974,법정동,130000000.0,0.11631407594165089,,,1150010300103420083,11500,30.0,[],화곡동,A,False,30.0,2026-07-14,123650000,124192857.19867545,0.7844474026674886,0.5791087889647953
A,B1 공시비율,"공시가격 1.37억 × 실거래/공시 비율 1.70(법정동 11974건, 기준일 시점보정)",233548770.30577052,201204700.8419911,271092215.45560473,0.65,"공시가격 1.37억 × 실거래/공시 비율 1.70(법정동 11974건, 기준일 시점보정)",공시비율,법정동,11974,법정동,137000000.0,0.11631407594165089,,,1150010300100800055,11500,33.43,[],화곡동,A,False,33.43,2026-07-15,230000000,231009762.6825342,0.010990910486867893,0.010930949381566359
A,B1 공시비율,"공시가격 1.36억 × 실거래/공시 비율 1.70(법정동 11974건, 기준일 시점보정)",231844034.7560938,199736053.3905901,269113440.1603089,0.65,"공시가격 1.36억 × 실거래/공시 비율 1.70(법정동 11974건, 기준일 시점보정)",공시비율,법정동,11974,법정동,136000000.0,0.11631407594165089,,,1150010300108180010,11500,62.02,[],화곡동,A,False,62.02,2026-07-15,250000000,251097568.13318935,0.07667749839330552,-0.07977669964955582
A,B1 공시비율,"공시가격 1.62억 × 실거래/공시 비율 1.79(법정동 5299건, 기준일 시점보정)",289171786.65645915,236081598.22066247,354200932.3400543,0.65,"공시가격 1.62억 × 실거래/공시 비율 1.79(법정동 5299건, 기준일 시점보정)",공시비율,법정동,5299,법정동,162000000.0,0.15827358659048354,,,1162010200104640001,11620,35.39,[],신림동,A,False,35.39,2026-07-15,280000000,280864602.047505,0.02957718611884408,0.02914821905005696
A,B1 공시비율,"공시가격 1.73억 × 실거래/공시 비율 1.82(법정동 3331건, 기준일 시점보정)",314495553.50389266,263899996.36635068,374791415.44365436,0.65,"공시가격 1.73억 × 실거래/공시 비율 1.82(법정동 3331건, 기준일 시점보정)",공시비율,법정동,3331,법정동,173000000.0,0.136859946939685,,,1162010100106370006,11620,45.13,[],봉천동,A,False,45.13,2026-07-16,300000000,300926359.3366125,0.0450914110588159,0.044104356288517534
A,B1 공시비율,"공시가격 2.75억 × 실거래/공시 비율 1.75(법정동 833건, 기준일 시점보정)",481302483.2905413,408744968.76800126,566739894.3646073,0.65,"공시가격 2.75억 × 실거래/공시 비율 1.75(법정동 833건, 기준일 시점보정)",공시비율,법정동,833,법정동,275000000.0,0.1275004077190172,,,1168010800101490011,11680,27.43,[],논현동,A,False,27.43,2026-07-17,500000000,502744930.23333275,0.042650747234466685,-0.04358700868703463
A,B1 공시비율,"공시가격 2.03억 × 실거래/공시 비율 1.79(법정동 5299건, 기준일 시점보정)",362357238.83494556,295830644.68391633,443844378.1792035,0.65,"공시가격 2.03억 × 실거래/공시 비율 1.79(법정동 5299건, 기준일 시점보정)",공시비율,법정동,5299,법정동,203000000.0,0.15827358659048354,,,1162010200106100368,11620,31.66,[],신림동,A,False,31.66,2026-07-17,415000000,416281463.7489807,0.1295378958947633,-0.13873105420198903
A,B1 공시비율,"공시가격 0.81억 × 실거래/공시 비율 1.79(법정동 5299건, 기준일 시점보정)",144942895.53397858,118332257.87356685,177537751.27168187,0.65,"공시가격 0.81억 × 실거래/공시 비율 1.79(법정동 5299건, 기준일 시점보정)",공시비율,법정동,5299,법정동,81200000.0,0.15827358659048354,,,1162010200105970065,11620,51.76,[],신림동,A,False,51.76,2026-07-17,120000000,120370543.73464501,0.2041392440122472,0.1857649913725107
A,B1 공시비율,"공시가격 1.75억 × 실거래/공시 비율 1.82(법정동 3331건, 기준일 시점보정)",318131340.24960214,266950863.37636608,379124264.1771067,0.65,"공시가격 1.75억 × 실거래/공시 비율 1.82(법정동 3331건, 기준일 시점보정)",공시비율,법정동,3331,법정동,175000000.0,0.136859946939685,,,1162010100106350491,11620,41.76,[],봉천동,A,False,41.76,2026-07-17,351000000,352083840.42383665,0.09643299770123694,-0.10140501309541289
A,B1 공시비율,"공시가격 1.68억 × 실거래/공시 비율 1.70(법정동 11974건, 기준일 시점보정)",285543204.5709239,245998448.10973376,331444861.9621447,0.65,"공시가격 1.68억 × 실거래/공시 비율 1.70(법정동 11974건, 기준일 시점보정)",공시비율,법정동,11974,법정동,167500000.0,0.11631407594165089,,,1150010300104800014,11500,29.84,[],화곡동,A,False,29.84,2026-07-17,350000000,351536595.3864651,0.1877283664962127,-0.2079204707417011
A,B1 공시비율,"공시가격 1.32억 × 실거래/공시 비율 1.70(법정동 11974건, 기준일 시점보정)",225025092.55738482,193861463.5849842,261198338.97912297,0.65,"공시가격 1.32억 × 실거래/공시 비율 1.70(법정동 11974건, 기준일 시점보정)",공시비율,법정동,11974,법정동,132000000.0,0.11631407594165089,,,1150010300103510010,11500,63.38,[],화곡동,A,False,63.38,2026-07-17,219000000,219961469.68467388,0.023020499362774345,0.022759525246507036
A,B1 공시비율,"공시가격 1.54억 × 실거래/공시 비율 1.70(법정동 11974건, 기준일 시점보정)",262529274.65028292,226171707.51581547,304731395.4756442,0.65,"공시가격 1.54억 × 실거래/공시 비율 1.70(법정동 11974건, 기준일 시점보정)",공시비율,법정동,11974,법정동,154000000.0,0.11631407594165089,,,1150010300100990015,11500,67.96,[],화곡동,A,False,67.96,2026-07-17,296000000,297299520.66969615,0.11695358923246786,-0.12437751943379165
A,B1 공시비율,"공시가격 1.47억 × 실거래/공시 비율 1.79(법정동 5299건, 기준일 시점보정)",262396621.22530606,214222190.97800896,321404549.7159758,0.65,"공시가격 1.47억 × 실거래/공시 비율 1.79(법정동 5299건, 기준일 시점보정)",공시비율,법정동,5299,법정동,147000000.0,0.15827358659048354,,,1162010200106670013,11620,52.38,[],신림동,A,False,52.38,2026-07-18,270000000,270833723.4029513,0.03115233240393909,-0.03164788523271405
A,B1 공시비율,"공시가격 2.44억 × 실거래/공시 비율 1.79(법정동 910건, 기준일 시점보정)",436815044.81519127,353362257.5343058,539976693.3466946,0.65,"공시가격 2.44억 × 실거래/공시 비율 1.79(법정동 910건, 기준일 시점보정)",공시비율,법정동,910,법정동,244000000.0,0.16543079826937637,,,1168010100106900040,11680,28.71,[],역삼동,A,False,28.71,2026-07-20,360000000,361976349.7679996,0.20675023408340854,0.18793098953682524
A,B1 공시비율,"공시가격 1.66억 × 실거래/공시 비율 1.79(법정동 5299건, 기준일 시점보정)",296311830.7714337,241910773.4853704,362946634.37314236,0.65,"공시가격 1.66억 × 실거래/공시 비율 1.79(법정동 5299건, 기준일 시점보정)",공시비율,법정동,5299,법정동,166000000.0,0.15827358659048354,,,1162010200105980122,11620,62.04,[],신림동,A,False,62.04,2026-07-20,328000000,329012819.54136306,0.09939122984786379,-0.10468433304067719
A,B1 공시비율,"공시가격 1.07억 × 실거래/공시 비율 1.70(법정동 11974건, 기준일 시점보정)",182406703.81545603,157145277.29994944,211728956.59671345,0.65,"공시가격 1.07억 × 실거래/공시 비율 1.70(법정동 11974건, 기준일 시점보정)",공시비율,법정동,11974,법정동,107000000.0,0.11631407594165089,,,1150010300100510026,11500,49.56,[],화곡동,A,False,49.56,2026-07-20,156000000,156684882.51511014,0.16416275065889255,0.15200215968900718
A,B1 공시비율,"공시가격 2.60억 × 실거래/공시 비율 1.82(법정동 3331건, 기준일 시점보정)",472652276.9422654,396612711.3020291,563270335.3488435,0.65,"공시가격 2.60억 × 실거래/공시 비율 1.82(법정동 3331건, 기준일 시점보정)",공시비율,법정동,3331,법정동,260000000.0,0.136859946939685,,,1162010100100430006,11620,39.67,[],봉천동,A,False,39.67,2026-07-21,475000000,476466735.6163032,0.008005718739428607,-0.008037936572176047
A,B1 공시비율,"공시가격 2.18억 × 실거래/공시 비율 1.82(법정동 3331건, 기준일 시점보정)",396300755.2823613,332544504.09170157,472280511.94633836,0.65,"공시가격 2.18억 × 실거래/공시 비율 1.82(법정동 3331건, 기준일 시점보정)",공시비율,법정동,3331,법정동,218000000.0,0.136859946939685,,,1162010100101800206,11620,67.62,[],봉천동,A,False,67.62,2026-07-21,345000000,346065313.2371044,0.14516173717427272,0.13554588220466748
A,B1 공시비율,"공시가격 2.61억 × 실거래/공시 비율 1.75(법정동 479건, 기준일 시점보정)",455813397.1291865,398018721.7105375,522000201.6727972,0.65,"공시가격 2.61억 × 실거래/공시 비율 1.75(법정동 479건, 기준일 시점보정)",공시비율,법정동,479,법정동,261000000.0,0.10579312210404665,,,1162010300110720052,11620,49.77,[],남현동,A,False,49.77,2026-07-21,410000000,411266024.4267038,0.10831765829569998,0.10284324244859835
A,B1 공시비율,"공시가격 1.80억 × 실거래/공시 비율 1.82(법정동 3331건, 기준일 시점보정)",327220807.11387694,274578030.9014055,389956386.01073885,0.65,"공시가격 1.80억 × 실거래/공시 비율 1.82(법정동 3331건, 기준일 시점보정)",공시비율,법정동,3331,법정동,180000000.0,0.136859946939685,,,1162010100101800202,11620,69.36,[],봉천동,A,False,69.36,2026-07-22,310000000,310957237.9811663,0.05230162590296634,0.05097978985795853
A,B1 공시비율,"공시가격 0.56억 × 실거래/공시 비율 1.70(법정동 11974건, 기준일 시점보정)",95294717.2269533,82097392.53333816,110613539.00706817,0.65,"공시가격 0.56억 × 실거래/공시 비율 1.70(법정동 11974건, 기준일 시점보정)",공시비율,법정동,11974,법정동,55900000.0,0.11631407594165089,,,1150010300110610016,11500,33.99,[],화곡동,A,False,33.99,2026-07-22,115000000,115504881.3412671,0.17497238107713803,-0.1923384157255576
A,B1 공시비율,"공시가격 1.12억 × 실거래/공시 비율 1.70(법정동 11974건, 기준일 시점보정)",190930381.5638415,164488514.55695614,221622833.073195,0.65,"공시가격 1.12억 × 실거래/공시 비율 1.70(법정동 11974건, 기준일 시점보정)",공시비율,법정동,11974,법정동,112000000.0,0.11631407594165089,,,1150010300103720030,11500,29.79,[],화곡동,A,False,29.79,2026-07-23,198000000,198869273.96148595,0.039920155786267654,-0.04073882692280441
A,B1 공시비율,"공시가격 2.47억 × 실거래/공시 비율 1.70(법정동 11974건, 기준일 시점보정)",421069680.77025855,362755920.49614525,488757497.93820804,0.65,"공시가격 2.47억 × 실거래/공시 비율 1.70(법정동 11974건, 기준일 시점보정)",공시비율,법정동,11974,법정동,247000000.0,0.11631407594165089,,,1150010300105040009,11500,46.6,[],화곡동,A,False,46.6,2026-07-24,350000000,351536595.3864651,0.19779757298767606,0.1804845146211563
A,B1 공시비율,"공시가격 3.68억 × 실거래/공시 비율 2.01(법정동 879건, 기준일 시점보정)",737930721.6055511,581504386.8854506,936436185.4703559,0.65,"공시가격 3.68억 × 실거래/공시 비율 2.01(법정동 879건, 기준일 시점보정)",공시비율,법정동,879,법정동,368000000.0,0.1858859480458787,,,1168010300112110001,11680,40.28,[],개포동,A,False,40.28,2026-07-24,899000000,903935384.5595323,0.18364660327449353,-0.20290793354949963
A,B1 공시비율,"공시가격 1.28억 × 실거래/공시 비율 1.70(법정동 11974건, 기준일 시점보정)",218206150.35867602,187986873.77937847,253283237.79793718,0.65,"공시가격 1.28억 × 실거래/공시 비율 1.70(법정동 11974건, 기준일 시점보정)",공시비율,법정동,11974,법정동,128000000.0,0.11631407594165089,,,1150010300109620015,11500,55.68,[],화곡동,A,False,55.68,2026-07-25,280000000,281229276.30917203,0.22409873814563658,-0.25373000677299595
A,B1 공시비율,"공시가격 1.82억 × 실거래/공시 비율 1.79(법정동 5299건, 기준일 시점보정)",324872007.23133075,265227474.5442011,397929442.50549316,0.65,"공시가격 1.82억 × 실거래/공시 비율 1.79(법정동 5299건, 기준일 시점보정)",공시비율,법정동,5299,법정동,182000000.0,0.15827358659048354,,,1162010200105090033,11620,60.66,[],신림동,A,False,60.66,2026-07-25,380000000,381173388.4930425,0.14770543527263955,-0.15982307865671336
A,B1 공시비율,"공시가격 1.92억 × 실거래/공시 비율 1.75(법정동 833건, 기준일 시점보정)",336036642.8792147,285378305.467114,395687489.8836537,0.65,"공시가격 1.92억 × 실거래/공시 비율 1.75(법정동 833건, 기준일 시점보정)",공시비율,법정동,833,법정동,192000000.0,0.1275004077190172,,,1168010800100100014,11680,41.16,[],논현동,A,False,41.16,2026-07-25,298000000,299635978.4190663,0.12148295625980862,0.11465187759096417
A,B1 공시비율,"공시가격 1.54억 × 실거래/공시 비율 1.70(법정동 11974건, 기준일 시점보정)",262529274.65028292,226171707.51581547,304731395.4756442,0.65,"공시가격 1.54억 × 실거래/공시 비율 1.70(법정동 11974건, 기준일 시점보정)",공시비율,법정동,11974,법정동,154000000.0,0.11631407594165089,,,1150010300104710020,11500,40.45,[],화곡동,A,False,40.45,2026-07-26,230000000,231009762.6825342,0.1364423373356065,0.12790262596707336
A,B1 공시비율,"공시가격 1.00억 × 실거래/공시 비율 1.70(법정동 11974건, 기준일 시점보정)",170303081.41274813,146717880.39499947,197679652.00010905,0.65,"공시가격 1.00억 × 실거래/공시 비율 1.70(법정동 11974건, 기준일 시점보정)",공시비율,법정동,11974,법정동,99900000.0,0.11631407594165089,,,1150010300100460303,11500,42.98,[],화곡동,A,False,42.98,2026-07-27,165000000,165724394.96790496,0.02762831896734277,0.027253544230564808
A,B1 공시비율,"공시가격 3.04억 × 실거래/공시 비율 1.82(법정동 3331건, 기준일 시점보정)",552639585.3478812,463731785.5223738,658593007.4848036,0.65,"공시가격 3.04억 × 실거래/공시 비율 1.82(법정동 3331건, 기준일 시점보정)",공시비율,법정동,3331,법정동,304000000.0,0.136859946939685,,,1162010100100090031,11620,28.06,[],봉천동,A,False,28.06,2026-07-27,820000000,822532048.8534076,0.32812394833946085,-0.3976814024051367
A,B1 공시비율,"공시가격 1.45억 × 실거래/공시 비율 1.82(법정동 3331건, 기준일 시점보정)",263594539.0639559,221187858.22613177,314131533.1753168,0.65,"공시가격 1.45억 × 실거래/공시 비율 1.82(법정동 3331건, 기준일 시점보정)",공시비율,법정동,3331,법정동,145000000.0,0.136859946939685,,,1162010100101800437,11620,55.72,[],봉천동,A,False,55.72,2026-07-27,245000000,245756526.7915669,0.07258408354508493,0.07007076832278553
A,B1 공시비율,"공시가격 2.21억 × 실거래/공시 비율 1.79(법정동 910건, 기준일 시점보정)",395639856.16457874,320053520.1437768,489077250.9410632,0.65,"공시가격 2.21억 × 실거래/공시 비율 1.79(법정동 910건, 기준일 시점보정)",공시비율,법정동,910,법정동,221000000.0,0.16543079826937637,,,1168010100106850023,11680,18.5,[],역삼동,A,False,18.5,2026-07-27,340000000,341866552.5586663,0.15729325727671073,0.14608387960132407
A,B1 공시비율,"공시가격 0.94억 × 실거래/공시 비율 1.70(법정동 11974건, 기준일 시점보정)",161097509.44449148,138787184.15743193,186994265.40550855,0.65,"공시가격 0.94억 × 실거래/공시 비율 1.70(법정동 11974건, 기준일 시점보정)",공시비율,법정동,11974,법정동,94500000.0,0.11631407594165089,,,1150010300101110024,11500,43.32,[],화곡동,A,False,43.32,2026-07-28,136000000,136597077.064455,0.17936278657321228,0.16497428124028268
A,B1 공시비율,"공시가격 1.42억 × 실거래/공시 비율 1.70(법정동 11974건, 기준일 시점보정)",242072448.05415672,208547938.09899846,280986091.9320872,0.65,"공시가격 1.42억 × 실거래/공시 비율 1.70(법정동 11974건, 기준일 시점보정)",공시비율,법정동,11974,법정동,142000000.0,0.11631407594165089,,,1150010300104750016,11500,57.99,[],화곡동,A,False,57.99,2026-07-29,205000000,205900005.86921525,0.1756796559195714,0.1618464109394911
A,B1 공시비율,"공시가격 1.41억 × 실거래/공시 비율 1.70(법정동 11974건, 기준일 시점보정)",240367712.50447977,207079290.64759722,279007316.63679105,0.65,"공시가격 1.41억 × 실거래/공시 비율 1.70(법정동 11974건, 기준일 시점보정)",공시비율,법정동,11974,법정동,141000000.0,0.11631407594165089,,,1150010300107730013,11500,75.66,[],화곡동,A,False,75.66,2026-07-29,309000000,310356594.21262205,0.2255111797630877,-0.255552054042938
A,B1 공시비율,"공시가격 1.34억 × 실거래/공시 비율 1.79(법정동 5299건, 기준일 시점보정)",239191477.85163933,195277371.36770868,292981018.1084403,0.65,"공시가격 1.34억 × 실거래/공시 비율 1.79(법정동 5299건, 기준일 시점보정)",공시비율,법정동,5299,법정동,134000000.0,0.15827358659048354,,,1162010200106100225,11620,29.63,[],신림동,A,False,29.63,2026-07-29,247000000,247762702.52047765,0.03459449134855117,-0.035207049690142225
A,B1 공시비율,"공시가격 1.69억 × 실거래/공시 비율 1.70(법정동 11974건, 기준일 시점보정)",288100307.8954395,248201419.2868357,334413024.905089,0.65,"공시가격 1.69억 × 실거래/공시 비율 1.70(법정동 11974건, 기준일 시점보정)",공시비율,법정동,11974,법정동,169000000.0,0.11631407594165089,,,1150010300108050009,11500,83.57,[],화곡동,A,False,83.57,2026-07-30,350000000,351536595.3864651,0.18045429216632847,-0.19900510708374927
A,B1 공시비율,"공시가격 1.87억 × 실거래/공시 비율 1.82(법정동 3331건, 기준일 시점보정)",339946060.7238608,285256065.43645996,405121356.57782286,0.65,"공시가격 1.87억 × 실거래/공시 비율 1.82(법정동 3331건, 기준일 시점보정)",공시비율,법정동,3331,법정동,187000000.0,0.136859946939685,,,1162010100116070011,11620,70.49,[],봉천동,A,False,70.49,2026-07-30,300000000,300926359.3366125,0.12966528247398001,0.12192137864532518
A,B1 공시비율,"공시가격 0.55억 × 실거래/공시 비율 1.79(법정동 5299건, 기준일 시점보정)",98354107.68377113,80296889.2713489,120472045.50578406,0.65,"공시가격 0.55억 × 실거래/공시 비율 1.79(법정동 5299건, 기준일 시점보정)",공시비율,법정동,5299,법정동,55100000.0,0.15827358659048354,,,1162010200100920203,11620,33.12,[],신림동,A,False,33.12,2026-07-30,158000000,158487882.58394927,0.3794219086012834,-0.4771038298811741
A,B1 공시비율,"공시가격 0.44억 × 실거래/공시 비율 1.70(법정동 11974건, 기준일 시점보정)",75519784.85069802,65061082.09708177,87659745.58162983,0.65,"공시가격 0.44억 × 실거래/공시 비율 1.70(법정동 11974건, 기준일 시점보정)",공시비율,법정동,11974,법정동,44300000.0,0.11631407594165089,,,1150010300104090119,11500,20.67,[],화곡동,A,False,20.67,2026-08-01,68000000,68000000.0,0.11058507133379447,0.1048869677521283
A,B1 공시비율,"공시가격 0.97억 × 실거래/공시 비율 1.70(법정동 11974건, 기준일 시점보정)",166211716.0935232,143193126.51163635,192930591.29139802,0.65,"공시가격 0.97억 × 실거래/공시 비율 1.70(법정동 11974건, 기준일 시점보정)",공시비율,법정동,11974,법정동,97500000.0,0.11631407594165089,,,1150010300104100027,11500,44.36,[],화곡동,A,False,44.36,2026-08-01,158500000,158500000.0,0.048654360211502864,0.04750778056361409
A,B1 공시비율,"공시가격 1.99억 × 실거래/공시 비율 1.70(법정동 11974건, 기준일 시점보정)",339242374.38575506,292260842.8288783,393776283.7639816,0.65,"공시가격 1.99억 × 실거래/공시 비율 1.70(법정동 11974건, 기준일 시점보정)",공시비율,법정동,11974,법정동,199000000.0,0.11631407594165089,,,1150010300110160019,11500,25.84,[],화곡동,A,False,25.84,2026-08-01,270000000,270000000.0,0.2564532384657595,0.22829286160326553
A,B1 공시비율,"공시가격 1.83억 × 실거래/공시 비율 1.70(법정동 11974건, 기준일 시점보정)",311966605.5909201,268762483.60645556,362115879.03923887,0.65,"공시가격 1.83억 × 실거래/공시 비율 1.70(법정동 11974건, 기준일 시점보정)",공시비율,법정동,11974,법정동,183000000.0,0.11631407594165089,,,1150010300103710002,11500,62.56,[],화곡동,A,False,62.56,2026-08-02,288000000,288000000.0,0.08321738052402809,0.07993566858262179
A,B1 공시비율,"공시가격 2.61억 × 실거래/공시 비율 1.79(법정동 910건, 기준일 시점보정)",467248879.90477425,377981759.08382714,577598020.342161,0.65,"공시가격 2.61억 × 실거래/공시 비율 1.79(법정동 910건, 기준일 시점보정)",공시비율,법정동,910,법정동,261000000.0,0.16543079826937637,,,1168010100107280051,11680,29.69,[],역삼동,A,False,29.69,2026-08-03,380000000,380000000.0,0.2296023155388796,0.20669079640482166
A,B1 공시비율,"㎡당 645만원(법정동 5402건, 기준일 시점보정) × 48.48㎡",312916977.60820526,158104973.33289754,619316602.2000147,0.45,"㎡당 645만원(법정동 5402건, 기준일 시점보정) × 48.48㎡",㎡단가,법정동,5402,법정동,,0.5326768941136113,,,1162010200104850030,11620,48.48,[],신림동,A,False,48.48,2026-08-03,495000000,495000000.0,0.3678444896803934,-0.45861985447094306
A,B1 공시비율,"공시가격 1.65억 × 실거래/공시 비율 1.70(법정동 11974건, 기준일 시점보정)",281281365.6967308,242326829.48123005,326497923.7239034,0.65,"공시가격 1.65억 × 실거래/공시 비율 1.70(법정동 11974건, 기준일 시점보정)",공시비율,법정동,11974,법정동,165000000.0,0.11631407594165089,,,1150010300101560003,11500,54.32,[],화곡동,A,False,54.32,2026-08-03,280000000,280000000.0,0.004576306059752831,0.004565866608476117
A,B1 공시비율,"공시가격 1.54억 × 실거래/공시 비율 1.70(법정동 11974건, 기준일 시점보정)",262529274.65028292,226171707.51581547,304731395.4756442,0.65,"공시가격 1.54억 × 실거래/공시 비율 1.70(법정동 11974건, 기준일 시점보정)",공시비율,법정동,11974,법정동,154000000.0,0.11631407594165089,,,1150010300108030006,11500,40.44,[],화곡동,A,False,40.44,2026-08-04,240000000,240000000.0,0.09387197770951217,0.08972367494878614
A,B1 공시비율,"공시가격 1.51억 × 실거래/공시 비율 1.70(법정동 11974건, 기준일 시점보정)",257415068.0012511,221765765.161611,298795069.58975464,0.65,"공시가격 1.51억 × 실거래/공시 비율 1.70(법정동 11974건, 기준일 시점보정)",공시비율,법정동,11974,법정동,151000000.0,0.11631407594165089,,,1150010300103540038,11500,37.03,[],화곡동,A,False,37.03,2026-08-07,305000000,305000000.0,0.1560161704877013,-0.16962194391534025
A,B1 공시비율,"공시가격 1.95억 × 실거래/공시 비율 1.70(법정동 11974건, 기준일 시점보정)",332423432.1870459,286386253.0232722,385861182.5827954,0.65,"공시가격 1.95억 × 실거래/공시 비율 1.70(법정동 11974건, 기준일 시점보정)",공시비율,법정동,11974,법정동,195000000.0,0.11631407594165089,,,1150010300108700001,11500,38.45,[],화곡동,A,False,38.45,2026-08-07,300000000,300000000.0,0.10807810729015291,0.10262707978469204
A,B1 공시비율,"공시가격 0.88억 × 실거래/공시 비율 1.75(법정동 479건, 기준일 시점보정)",153509569.37799042,134045385.58757183,175800067.9196892,0.65,"공시가격 0.88억 × 실거래/공시 비율 1.75(법정동 479건, 기준일 시점보정)",공시비율,법정동,479,법정동,87900000.0,0.10579312210404665,,,1162010300110710038,11620,11.9,[],남현동,A,False,11.9,2026-08-07,225000000,225000000.0,0.3177352472089314,-0.38233749589560834
A,B1 공시비율,"공시가격 2.50억 × 실거래/공시 비율 1.79(법정동 5299건, 기준일 시점보정)",446252757.18589383,364323454.0442322,546606377.067985,0.65,"공시가격 2.50억 × 실거래/공시 비율 1.79(법정동 5299건, 기준일 시점보정)",공시비율,법정동,5299,법정동,250000000.0,0.15827358659048354,,,1162010200100110008,11620,41.38,[],신림동,A,False,41.38,2026-08-08,380000000,380000000.0,0.1743493610155101,0.16071425892215938
A,B1 공시비율,"공시가격 1.36억 × 실거래/공시 비율 1.82(법정동 3331건, 기준일 시점보정)",247233498.70826244,207458956.6810618,294633713.8747803,0.65,"공시가격 1.36억 × 실거래/공시 비율 1.82(법정동 3331건, 기준일 시점보정)",공시비율,법정동,3331,법정동,136000000.0,0.136859946939685,,,1162010100116460035,11620,55.33,[],봉천동,A,False,55.33,2026-08-08,275000000,275000000.0,0.1009690956063184,-0.10643786869015781
A,B1 공시비율,"공시가격 3.06억 × 실거래/공시 비율 2.01(법정동 879건, 기준일 시점보정)",613605436.9872243,483533539.0949669,778667045.5269804,0.65,"공시가격 3.06억 × 실거래/공시 비율 2.01(법정동 879건, 기준일 시점보정)",공시비율,법정동,879,법정동,306000000.0,0.1858859480458787,,,1168010300111760004,11680,65.82,[],개포동,A,False,65.82,2026-08-09,960000000,960000000.0,0.36082766980497466,-0.4475811736475309
A,B1 공시비율,"공시가격 2.38억 × 실거래/공시 비율 1.79(법정동 5299건, 기준일 시점보정)",423940119.3266,346107281.34202135,519276058.21458685,0.65,"공시가격 2.38억 × 실거래/공시 비율 1.79(법정동 5299건, 기준일 시점보정)",공시비율,법정동,5299,법정동,237500000.0,0.15827358659048354,,,1162010200101060008,11620,43.04,[],신림동,A,False,43.04,2026-08-10,324000000,324000000.0,0.30845715841543214,0.268848701462713
A,B1 공시비율,"공시가격 1.72억 × 실거래/공시 비율 1.70(법정동 11974건, 기준일 시점보정)",292362146.76963276,251873037.9153395,339359963.1433304,0.65,"공시가격 1.72억 × 실거래/공시 비율 1.70(법정동 11974건, 기준일 시점보정)",공시비율,법정동,11974,법정동,171500000.0,0.11631407594165089,,,1150010300110430015,11500,56.5,[],화곡동,A,False,56.5,2026-08-11,300000000,300000000.0,0.02545951076789081,-0.02578921217305972
A,B1 공시비율,"공시가격 1.19억 × 실거래/공시 비율 1.75(법정동 833건, 기준일 시점보정)",208272710.95117983,176875095.57597157,245243808.83413938,0.65,"공시가격 1.19억 × 실거래/공시 비율 1.75(법정동 833건, 기준일 시점보정)",공시비율,법정동,833,법정동,119000000.0,0.1275004077190172,,,1168010800101820006,11680,14.06,[],논현동,A,False,14.06,2026-08-12,163000000,163000000.0,0.27774669295202353,0.24509813048213447
A,B1 공시비율,"공시가격 1.30억 × 실거래/공시 비율 1.75(법정동 833건, 기준일 시점보정)",227524810.2828014,193224894.32669154,267913404.60872358,0.65,"공시가격 1.30억 × 실거래/공시 비율 1.75(법정동 833건, 기준일 시점보정)",공시비율,법정동,833,법정동,130000000.0,0.1275004077190172,,,1168010800101850010,11680,17.67,[],논현동,A,False,17.67,2026-08-13,190000000,190000000.0,0.19749900148842836,0.18023521647246316
A,B1 공시비율,"공시가격 0.79억 × 실거래/공시 비율 1.70(법정동 11974건, 기준일 시점보정)",133992214.20462461,115435689.6801497,155531738.21029595,0.65,"공시가격 0.79억 × 실거래/공시 비율 1.70(법정동 11974건, 기준일 시점보정)",공시비율,법정동,11974,법정동,78600000.0,0.11631407594165089,,,1150010300103500026,11500,36.64,[],화곡동,A,False,36.64,2026-08-13,165000000,165000000.0,0.18792597451742662,-0.20816377858827373
A,B1 공시비율,"공시가격 1.34억 × 실거래/공시 비율 1.70(법정동 11974건, 기준일 시점보정)",228434563.65673935,196798758.4877872,265155889.56971598,0.65,"공시가격 1.34억 × 실거래/공시 비율 1.70(법정동 11974건, 기준일 시점보정)",공시비율,법정동,11974,법정동,134000000.0,0.11631407594165089,,,1150010300103540041,11500,34.01,[],화곡동,A,False,34.01,2026-08-13,270000000,270000000.0,0.15394606053059498,-0.16717216317031647
A,B1 공시비율,"공시가격 3.64억 × 실거래/공시 비율 2.01(법정동 879건, 기준일 시점보정)",729909735.5011439,575183687.0280008,926257531.2804619,0.65,"공시가격 3.64억 × 실거래/공시 비율 2.01(법정동 879건, 기준일 시점보정)",공시비율,법정동,879,법정동,364000000.0,0.1858859480458787,,,1168010300112310008,11680,49.62,[],개포동,A,False,49.62,2026-08-13,880000000,880000000.0,0.17055711874870008,-0.18700103097353957
A,B1 공시비율,"공시가격 1.53억 × 실거래/공시 비율 1.82(법정동 3331건, 기준일 시점보정)",278137686.04679537,233391326.26619464,331462928.10912794,0.65,"공시가격 1.53억 × 실거래/공시 비율 1.82(법정동 3331건, 기준일 시점보정)",공시비율,법정동,3331,법정동,153000000.0,0.136859946939685,,,1162010100106350147,11620,29.56,[],봉천동,A,False,29.56,2026-08-14,230000000,230000000.0,0.20929428715997986,0.19003695570960202
A,B1 공시비율,"공시가격 1.36억 × 실거래/공시 비율 1.70(법정동 11974건, 기준일 시점보정)",231844034.7560938,199736053.3905901,269113440.1603089,0.65,"공시가격 1.36억 × 실거래/공시 비율 1.70(법정동 11974건, 기준일 시점보정)",공시비율,법정동,11974,법정동,136000000.0,0.11631407594165089,,,1150010300100700037,11500,59.95,[],화곡동,A,False,59.95,2026-08-14,225000000,225000000.0,0.03041793224930578,0.02996447940877926
A,B1 공시비율,"공시가격 1.25억 × 실거래/공시 비율 1.70(법정동 11974건, 기준일 시점보정)",213091943.70964506,183580931.42517474,247346911.91204864,0.65,"공시가격 1.25억 × 실거래/공시 비율 1.70(법정동 11974건, 기준일 시점보정)",공시비율,법정동,11974,법정동,125000000.0,0.11631407594165089,,,1150010300109830004,11500,59.21,[],화곡동,A,False,59.21,2026-08-17,232000000,232000000.0,0.08150024263084024,-0.08501363848686118
A,B1 공시비율,"공시가격 1.19억 × 실거래/공시 비율 1.70(법정동 11974건, 기준일 시점보정)",202011162.6367433,174034722.99106547,234484872.49262187,0.65,"공시가격 1.19억 × 실거래/공시 비율 1.70(법정동 11974건, 기준일 시점보정)",공시비율,법정동,11974,법정동,118500000.0,0.11631407594165089,,,1150010300103460093,11500,24.47,[],화곡동,A,False,24.47,2026-08-19,185000000,185000000.0,0.09195223046888275,0.08796713137400756
A,B1 공시비율,"공시가격 1.31억 × 실거래/공시 비율 1.70(법정동 11974건, 기준일 시점보정)",223320357.00770804,192392816.13358316,259219563.683827,0.65,"공시가격 1.31억 × 실거래/공시 비율 1.70(법정동 11974건, 기준일 시점보정)",공시비율,법정동,11974,법정동,131000000.0,0.11631407594165089,,,1150010300103980003,11500,44.95,[],화곡동,A,False,44.95,2026-08-19,200000000,200000000.0,0.11660178503854021,0.11028995253026248
A,B1 공시비율,"공시가격 1.31억 × 실거래/공시 비율 1.70(법정동 11974건, 기준일 시점보정)",223320357.00770804,192392816.13358316,259219563.683827,0.65,"공시가격 1.31억 × 실거래/공시 비율 1.70(법정동 11974건, 기준일 시점보정)",공시비율,법정동,11974,법정동,131000000.0,0.11631407594165089,,,1150010300104640003,11500,65.65,[],화곡동,A,False,65.65,2026-08-19,256000000,256000000.0,0.12765485543864047,-0.1365701254012632
A,B1 공시비율,"공시가격 1.71억 × 실거래/공시 비율 1.82(법정동 3331건, 기준일 시점보정)",310859766.7581827,260849129.35633487,370458566.7102014,0.65,"공시가격 1.71억 × 실거래/공시 비율 1.82(법정동 3331건, 기준일 시점보정)",공시비율,법정동,3331,법정동,171000000.0,0.136859946939685,,,1162010100115340002,11620,55.92,[],봉천동,A,False,55.92,2026-08-20,300000000,300000000.0,0.036199222527275685,0.03555942508681946
A,B1 공시비율,"공시가격 2.64억 × 실거래/공시 비율 1.75(법정동 833건, 기준일 시점보정)",462050383.9589202,392395170.01728165,544070298.5900238,0.65,"공시가격 2.64억 × 실거래/공시 비율 1.75(법정동 833건, 기준일 시점보정)",공시비율,법정동,833,법정동,264000000.0,0.1275004077190172,,,1168010800101830014,11680,27.79,[],논현동,A,False,27.79,2026-08-20,550000000,550000000.0,0.1599083928019633,-0.17424433690283264
A,B1 공시비율,"공시가격 1.69억 × 실거래/공시 비율 1.70(법정동 11974건, 기준일 시점보정)",288100307.8954395,248201419.2868357,334413024.905089,0.65,"공시가격 1.69억 × 실거래/공시 비율 1.70(법정동 11974건, 기준일 시점보정)",공시비율,법정동,11974,법정동,169000000.0,0.11631407594165089,,,1150010300110670013,11500,29.4,[],화곡동,A,False,29.4,2026-08-20,370000000,370000000.0,0.22135051920151486,-0.25019429483805117
A,B1 공시비율,"공시가격 0.73억 × 실거래/공시 비율 1.82(법정동 3331건, 기준일 시점보정)",133069794.89297631,111661732.56657131,158582263.64436677,0.65,"공시가격 0.73억 × 실거래/공시 비율 1.82(법정동 3331건, 기준일 시점보정)",공시비율,법정동,3331,법정동,73200000.0,0.136859946939685,,,1162010100115180009,11620,14.475,[],봉천동,A,False,14.475,2026-08-20,157500000,157500000.0,0.15511241337792817,-0.16855169405806214
A,B1 공시비율,"공시가격 0.67억 × 실거래/공시 비율 1.70(법정동 11974건, 기준일 시점보정)",114558228.93830511,98693108.73417388,132973699.84391727,0.65,"공시가격 0.67억 × 실거래/공시 비율 1.70(법정동 11974건, 기준일 시점보정)",공시비율,법정동,11974,법정동,67200000.0,0.11631407594165089,,,1150010300104300006,11500,33.2,[],화곡동,A,False,33.2,2026-08-21,130000000,130000000.0,0.11878285432072992,-0.12645120704933158
A,B1 공시비율,"공시가격 1.80억 × 실거래/공시 비율 1.82(법정동 3331건, 기준일 시점보정)",327220807.11387694,274578030.9014055,389956386.01073885,0.65,"공시가격 1.80억 × 실거래/공시 비율 1.82(법정동 3331건, 기준일 시점보정)",공시비율,법정동,3331,법정동,180000000.0,0.136859946939685,,,1162010100101800197,11620,56.4,[],봉천동,A,False,56.4,2026-08-21,365000000,365000000.0,0.10350463804417277,-0.1092621594519191
A,B1 공시비율,"공시가격 1.06억 × 실거래/공시 비율 1.79(법정동 5299건, 기준일 시점보정)",189211169.04681918,154473144.51475462,231761103.8768259,0.65,"공시가격 1.06억 × 실거래/공시 비율 1.79(법정동 5299건, 기준일 시점보정)",공시비율,법정동,5299,법정동,106000000.0,0.15827358659048354,,,1162010200105980031,11620,48.93,[],신림동,A,False,48.93,2026-08-21,170000000,170000000.0,0.11300687674599517,0.10706525084215077
A,B1 공시비율,"공시가격 3.96억 × 실거래/공시 비율 2.01(법정동 879건, 기준일 시점보정)",794077624.3364087,625749285.8876048,1007686764.7996227,0.65,"공시가격 3.96억 × 실거래/공시 비율 2.01(법정동 879건, 기준일 시점보정)",공시비율,법정동,879,법정동,396000000.0,0.1858859480458787,,,1168010300112330022,11680,55.22,[],개포동,A,False,55.22,2026-08-21,850000000,850000000.0,0.06579103019246031,-0.0680551293679105
A,B1 공시비율,"공시가격 3.06억 × 실거래/공시 비율 1.75(법정동 833건, 기준일 시점보정)",536433495.0129127,455564847.00869983,631657373.1736447,0.65,"공시가격 3.06억 × 실거래/공시 비율 1.75(법정동 833건, 기준일 시점보정)",공시비율,법정동,833,법정동,306500000.0,0.1275004077190172,,,1168010800101880010,11680,25.57,[],논현동,A,False,25.57,2026-08-22,550000000,550000000.0,0.024666372703795108,-0.024975684672883303
A,B1 공시비율,"공시가격 1.59억 × 실거래/공시 비율 1.75(법정동 173건, 기준일 시점보정)",278052553.3400245,205944958.371856,375407210.88840514,0.65,"공시가격 1.59억 × 실거래/공시 비율 1.75(법정동 173건, 기준일 시점보정)",공시비율,법정동,173,법정동,159000000.0,0.2342393850643126,,,1168010600109530025,11680,24.67,[],대치동,A,False,24.67,2026-08-22,180000000,180000000.0,0.5447364074445804,0.4348532857259228
A,B1 공시비율,"공시가격 1.20억 × 실거래/공시 비율 1.70(법정동 11974건, 기준일 시점보정)",204568265.96125877,176237694.16816732,237453035.43556613,0.65,"공시가격 1.20억 × 실거래/공시 비율 1.70(법정동 11974건, 기준일 시점보정)",공시비율,법정동,11974,법정동,120000000.0,0.11631407594165089,,,1150010300103790062,11500,58.41,[],화곡동,A,False,58.41,2026-08-22,218000000,218000000.0,0.0616134588933084,-0.0635933241298978
A,B1 공시비율,"공시가격 1.40억 × 실거래/공시 비율 1.70(법정동 11974건, 기준일 시점보정)",238662976.95480248,205610643.19619572,277028541.3414945,0.65,"공시가격 1.40억 × 실거래/공시 비율 1.70(법정동 11974건, 기준일 시점보정)",공시비율,법정동,11974,법정동,140000000.0,0.11631407594165089,,,1150010300101620006,11500,46.6,[],화곡동,A,False,46.6,2026-08-22,208000000,208000000.0,0.1474181584365504,0.13751433878513397
A,B1 공시비율,"공시가격 1.25억 × 실거래/공시 비율 1.70(법정동 11974건, 기준일 시점보정)",213091943.70964506,183580931.42517474,247346911.91204864,0.65,"공시가격 1.25억 × 실거래/공시 비율 1.70(법정동 11974건, 기준일 시점보정)",공시비율,법정동,11974,법정동,125000000.0,0.11631407594165089,,,1150010300101050021,11500,29.99,[],화곡동,A,False,29.99,2026-08-24,220000000,220000000.0,0.031400255865249714,-0.03190381317291284
A,B1 공시비율,"공시가격 1.72억 × 실거래/공시 비율 1.79(법정동 5299건, 기준일 시점보정)",307021896.943895,250654536.38243178,376065187.4227737,0.65,"공시가격 1.72억 × 실거래/공시 비율 1.79(법정동 5299건, 기준일 시점보정)",공시비율,법정동,5299,법정동,172000000.0,0.15827358659048354,,,1162010200105870111,11620,66.89,[],신림동,A,False,66.89,2026-08-24,215000000,215000000.0,0.42800882299486037,0.3562810424661348
A,B1 공시비율,"공시가격 1.86억 × 실거래/공시 비율 1.74(법정동 154건, 기준일 시점보정)",323336930.70796835,271471280.3677709,385111716.4880817,0.65,"공시가격 1.86억 × 실거래/공시 비율 1.74(법정동 154건, 기준일 시점보정)",공시비율,법정동,154,법정동,186000000.0,0.13642209443179268,,,1168011800109480026,11680,21.2,[],도곡동,A,False,21.2,2026-08-24,390000000,390000000.0,0.17093094690264524,-0.18745183045533256
A,B1 공시비율,"공시가격 1.52억 × 실거래/공시 비율 1.70(법정동 11974건, 기준일 시점보정)",259119803.5509281,223234412.6130122,300773844.8850508,0.65,"공시가격 1.52억 × 실거래/공시 비율 1.70(법정동 11974건, 기준일 시점보정)",공시비율,법정동,11974,법정동,152000000.0,0.11631407594165089,,,1150010300103510017,11500,40.62,[],화곡동,A,False,40.62,2026-08-25,245000000,245000000.0,0.0576318512282779,0.05603230617869577
A,B1 공시비율,"공시가격 3.13억 × 실거래/공시 비율 1.82(법정동 3331건, 기준일 시점보정)",569000625.7035743,477460687.06744343,678090826.7853396,0.65,"공시가격 3.13억 × 실거래/공시 비율 1.82(법정동 3331건, 기준일 시점보정)",공시비율,법정동,3331,법정동,313000000.0,0.136859946939685,,,1162010100102180042,11620,84.99,[],봉천동,A,False,84.99,2026-08-25,635000000,635000000.0,0.10393602251405622,-0.10974346511217746
A,B1 공시비율,"공시가격 3.84억 × 실거래/공시 비율 1.79(법정동 5299건, 기준일 시점보정)",685444235.0375332,559600825.4119409,839587395.1764253,0.65,"공시가격 3.84억 × 실거래/공시 비율 1.79(법정동 5299건, 기준일 시점보정)",공시비율,법정동,5299,법정동,384000000.0,0.15827358659048354,,,1162010200103550000,11620,63.57,[],신림동,A,False,63.57,2026-08-26,710000000,710000000.0,0.03458558445417864,-0.03519782366728951
A,B1 공시비율,"공시가격 2.05억 × 실거래/공시 비율 1.82(법정동 3331건, 기준일 시점보정)",372668141.4352482,312713868.52660024,444116995.17889637,0.65,"공시가격 2.05억 × 실거래/공시 비율 1.82(법정동 3331건, 기준일 시점보정)",공시비율,법정동,3331,법정동,205000000.0,0.136859946939685,,,1162010100100630016,11620,37.04,[],봉천동,A,False,37.04,2026-08-28,445000000,445000000.0,0.16254350239270068,-0.17738595978747143
A,B1 공시비율,"공시가격 1.10억 × 실거래/공시 비율 1.82(법정동 3331건, 기준일 시점보정)",199968271.01403543,167797685.55085853,238306680.33989543,0.65,"공시가격 1.10억 × 실거래/공시 비율 1.82(법정동 3331건, 기준일 시점보정)",공시비율,법정동,3331,법정동,110000000.0,0.136859946939685,,,1162010100106730124,11620,37.95,[],봉천동,A,False,37.95,2026-08-28,182000000,182000000.0,0.0987267638133815,0.09415202195598053
A,B1 공시비율,"공시가격 1.10억 × 실거래/공시 비율 1.70(법정동 11974건, 기준일 시점보정)",187520910.4644873,161551219.65415347,217665282.48260242,0.65,"공시가격 1.10억 × 실거래/공시 비율 1.70(법정동 11974건, 기준일 시점보정)",공시비율,법정동,11974,법정동,110000000.0,0.11631407594165089,,,1150010300101050016,11500,52.86,[],화곡동,A,False,52.86,2026-08-29,195000000,195000000.0,0.03835430531032147,-0.03910919689418479
A,B1 공시비율,"공시가격 3.05억 × 실거래/공시 비율 1.82(법정동 3331건, 기준일 시점보정)",554457478.720736,465257219.02738166,660759431.8515298,0.65,"공시가격 3.05억 × 실거래/공시 비율 1.82(법정동 3331건, 기준일 시점보정)",공시비율,법정동,3331,법정동,305000000.0,0.136859946939685,,,1162010100104800014,11620,32.13,[],봉천동,A,False,32.13,2026-08-29,750000000,750000000.0,0.2607233617056853,-0.3020830866825823
A,B1 공시비율,"공시가격 1.93억 × 실거래/공시 비율 1.82(법정동 3331건, 기준일 시점보정)",350853420.9609903,294408666.466507,418119902.77818114,0.65,"공시가격 1.93억 × 실거래/공시 비율 1.82(법정동 3331건, 기준일 시점보정)",공시비율,법정동,3331,법정동,193000000.0,0.136859946939685,,,1162010100116070002,11620,71.64,[],봉천동,A,False,71.64,2026-08-29,300000000,300000000.0,0.16951140320330102,0.15658605748904653
A,B1 공시비율,"공시가격 4.70억 × 실거래/공시 비율 1.75(법정동 479건, 기준일 시점보정)",820813397.1291884,716738694.2680194,940000363.1655759,0.65,"공시가격 4.70억 × 실거래/공시 비율 1.75(법정동 479건, 기준일 시점보정)",공시비율,법정동,479,법정동,470000000.0,0.10579312210404665,,,1162010300106020219,11620,135.7,[],남현동,A,False,135.7,2026-08-29,850000000,850000000.0,0.03433717984801363,-0.03494055316257519
A,B1 공시비율,"공시가격 2.73억 × 실거래/공시 비율 2.01(법정동 879건, 기준일 시점보정)",547432301.6258566,431387765.27099955,694693148.4603447,0.65,"공시가격 2.73억 × 실거래/공시 비율 2.01(법정동 879건, 기준일 시점보정)",공시비율,법정동,879,법정동,273000000.0,0.1858859480458787,,,1168010300111950003,11680,28.8,[],개포동,A,False,28.8,2026-08-29,577500000,577500000.0,0.052065278569945216,-0.05346963834901941
A,B1 공시비율,"공시가격 3.33억 × 실거래/공시 비율 2.01(법정동 879건, 기준일 시점보정)",668749716.455032,526988350.61494064,848645293.0825117,0.65,"공시가격 3.33억 × 실거래/공시 비율 2.01(법정동 879건, 기준일 시점보정)",공시비율,법정동,879,법정동,333500000.0,0.1858859480458787,,,1168010300111980000,11680,40.72,[],개포동,A,False,40.72,2026-08-29,805000000,805000000.0,0.16925501061486709,-0.18543240320091253
A,B1 공시비율,"공시가격 2.92억 × 실거래/공시 비율 1.75(법정동 173건, 기준일 시점보정)",510637393.555266,378213382.6703274,689427079.1158144,0.65,"공시가격 2.92억 × 실거래/공시 비율 1.75(법정동 173건, 기준일 시점보정)",공시비율,법정동,173,법정동,292000000.0,0.2342393850643126,,,1168010600109340018,11680,28.24,[],대치동,A,False,28.24,2026-08-29,480000000,480000000.0,0.06382790324013755,0.06187363276224872
A,B1 공시비율,"공시가격 1.69억 × 실거래/공시 비율 1.79(법정동 5299건, 기준일 시점보정)",301666863.85766405,246282654.93390086,369505910.8979577,0.65,"공시가격 1.69억 × 실거래/공시 비율 1.79(법정동 5299건, 기준일 시점보정)",공시비율,법정동,5299,법정동,169000000.0,0.15827358659048354,,,1162010200106520159,11620,28.02,[],신림동,A,False,28.02,2026-09-02,295000000,295000000.0,0.0225995385005561,0.02234795236359757
A,B1 공시비율,"공시가격 1.82억 × 실거래/공시 비율 1.70(법정동 11974건, 기준일 시점보정)",310261870.0412427,267293836.15505403,360137103.74394226,0.65,"공시가격 1.82억 × 실거래/공시 비율 1.70(법정동 11974건, 기준일 시점보정)",공시비율,법정동,11974,법정동,182000000.0,0.11631407594165089,,,1150010300104240018,11500,29.95,[],화곡동,A,False,29.95,2026-09-02,215000000,215000000.0,0.4430784653081057,0.3667786548262786
A,B1 공시비율,"공시가격 1.74억 × 실거래/공시 비율 1.70(법정동 11974건, 기준일 시점보정)",296623985.64382553,255544656.5438429,344306901.3815713,0.65,"공시가격 1.74억 × 실거래/공시 비율 1.70(법정동 11974건, 기준일 시점보정)",공시비율,법정동,11974,법정동,174000000.0,0.11631407594165089,,,1150010300104640012,11500,29.61,[],화곡동,A,False,29.61,2026-09-03,318000000,318000000.0,0.06722017093136626,-0.06958608768850151
A,B1 공시비율,"공시가격 1.73억 × 실거래/공시 비율 1.70(법정동 11974건, 기준일 시점보정)",294919250.09414876,254076009.09244183,342328126.0862753,0.65,"공시가격 1.73억 × 실거래/공시 비율 1.70(법정동 11974건, 기준일 시점보정)",공시비율,법정동,11974,법정동,173000000.0,0.11631407594165089,,,1150010300108140019,11500,29.01,[],화곡동,A,False,29.01,2026-09-03,270000000,270000000.0,0.09229351886721761,0.08827963137655175
A,B1 공시비율,"공시가격 1.29억 × 실거래/공시 비율 1.70(법정동 11974건, 기준일 시점보정)",219910885.90835357,189455521.2307802,255262013.09323406,0.65,"공시가격 1.29억 × 실거래/공시 비율 1.70(법정동 11974건, 기준일 시점보정)",공시비율,법정동,11974,법정동,129000000.0,0.11631407594165089,,,1150010300108680019,11500,57.2,[],화곡동,A,False,57.2,2026-09-03,195000000,195000000.0,0.12774813286335163,0.1202228416750723
A,B1 공시비율,"공시가격 1.53억 × 실거래/공시 비율 1.70(법정동 11974건, 기준일 시점보정)",260824539.10060564,224703060.06441393,302752620.1803476,0.65,"공시가격 1.53억 × 실거래/공시 비율 1.70(법정동 11974건, 기준일 시점보정)",공시비율,법정동,11974,법정동,153000000.0,0.11631407594165089,,,1150010300109560002,11500,41.78,[],화곡동,A,False,41.78,2026-09-03,350000000,350000000.0,0.2547870311411268,-0.294085237213876
A,B1 공시비율,"공시가격 1.44억 × 실거래/공시 비율 1.70(법정동 11974건, 기준일 시점보정)",245481919.1535106,211485233.00180086,284943642.52267945,0.65,"공시가격 1.44억 × 실거래/공시 비율 1.70(법정동 11974건, 기준일 시점보정)",공시비율,법정동,11974,법정동,144000000.0,0.11631407594165089,,,1150010300109970020,11500,57.36,[],화곡동,A,False,57.36,2026-09-03,292000000,292000000.0,0.15930849604962125,-0.17353050681513565
A,B1 공시비율,"공시가격 1.35억 × 실거래/공시 비율 1.70(법정동 11974건, 기준일 시점보정)",230139299.2064162,198267405.93918833,267134664.865012,0.65,"공시가격 1.35억 × 실거래/공시 비율 1.70(법정동 11974건, 기준일 시점보정)",공시비율,법정동,11974,법정동,135000000.0,0.11631407594165089,,,1150010300101590006,11500,56.03,[],화곡동,A,False,56.03,2026-09-04,263000000,263000000.0,0.1249456303938548,-0.13346925786218952
A,B1 공시비율,"공시가격 1.28억 × 실거래/공시 비율 1.70(법정동 11974건, 기준일 시점보정)",218206150.35867602,187986873.77937847,253283237.79793718,0.65,"공시가격 1.28억 × 실거래/공시 비율 1.70(법정동 11974건, 기준일 시점보정)",공시비율,법정동,11974,법정동,128000000.0,0.11631407594165089,,,1150010300109850008,11500,64.46,[],화곡동,A,False,64.46,2026-09-04,283000000,283000000.0,0.22895353230149817,-0.26000663784647526
A,B1 공시비율,"공시가격 2.32억 × 실거래/공시 비율 1.70(법정동 11974건, 기준일 시점보정)",395498647.52510035,340726208.7251235,459075868.5087612,0.65,"공시가격 2.32억 × 실거래/공시 비율 1.70(법정동 11974건, 기준일 시점보정)",공시비율,법정동,11974,법정동,232000000.0,0.11631407594165089,,,1150010300110400024,11500,71.37,[],화곡동,A,False,71.37,2026-09-04,430000000,430000000.0,0.08023570342999918,-0.08363784114415279
A,B1 공시비율,"공시가격 1.04억 × 실거래/공시 비율 1.82(법정동 3331건, 기준일 시점보정)",189060910.77690664,158645084.52081203,225308134.13953796,0.65,"공시가격 1.04억 × 실거래/공시 비율 1.82(법정동 3331건, 기준일 시점보정)",공시비율,법정동,3331,법정동,104000000.0,0.136859946939685,,,1162010100101960209,11620,40.35,[],봉천동,A,False,40.35,2026-09-04,185000000,185000000.0,0.021950869064360213,0.02171341730340962
A,B1 공시비율,"공시가격 1.08억 × 실거래/공시 비율 1.82(법정동 3331건, 기준일 시점보정)",196332484.26832587,164746818.54084304,233973831.60644296,0.65,"공시가격 1.08억 × 실거래/공시 비율 1.82(법정동 3331건, 기준일 시점보정)",공시비율,법정동,3331,법정동,108000000.0,0.136859946939685,,,1162010100100410056,11620,36.0,[],봉천동,A,False,36.0,2026-09-05,390000000,390000000.0,0.49658337367095934,-0.6863371687591119
A,B1 공시비율,"공시가격 1.75억 × 실거래/공시 비율 1.82(법정동 3331건, 기준일 시점보정)",317222393.5631751,266188146.62386248,378041051.99374396,0.65,"공시가격 1.75억 × 실거래/공시 비율 1.82(법정동 3331건, 기준일 시점보정)",공시비율,법정동,3331,법정동,174500000.0,0.136859946939685,,,1162010100115140002,11620,52.98,[],봉천동,A,False,52.98,2026-09-05,320000000,320000000.0,0.008680020115077867,-0.008717910910928538
A,B1 공시비율,"공시가격 3.89억 × 실거래/공시 비율 2.01(법정동 879건, 기준일 시점보정)",780040898.6536927,614688061.137065,989874119.9673039,0.65,"공시가격 3.89억 × 실거래/공시 비율 2.01(법정동 879건, 기준일 시점보정)",공시비율,법정동,879,법정동,389000000.0,0.1858859480458787,,,1168010300112550004,11680,69.52,[],개포동,A,False,69.52,2026-09-07,522560000,522560000.0,0.49272982749099187,0.40060654269831497
A,B1 공시비율,"공시가격 3.87억 × 실거래/공시 비율 2.01(법정동 879건, 기준일 시점보정)",776030405.6014912,611527711.2083417,984784792.8723595,0.65,"공시가격 3.87억 × 실거래/공시 비율 2.01(법정동 879건, 기준일 시점보정)",공시비율,법정동,879,법정동,387000000.0,0.1858859480458787,,,1168010300112390014,11680,67.31,[],개포동,A,False,67.31,2026-09-07,619200000,619200000.0,0.2532790788137778,0.22576337961623666
A,B1 공시비율,"공시가격 2.30억 × 실거래/공시 비율 1.75(법정동 479건, 기준일 시점보정)",401674641.148326,350744467.4077539,460000177.719324,0.65,"공시가격 2.30억 × 실거래/공시 비율 1.75(법정동 479건, 기준일 시점보정)",공시비율,법정동,479,법정동,230000000.0,0.10579312210404665,,,1162010300106020179,11620,27.92,[],남현동,A,False,27.92,2026-09-07,360000000,360000000.0,0.11576289207868327,0.10953837909072174
A,B1 공시비율,"공시가격 0.88억 × 실거래/공시 비율 1.79(법정동 5299건, 기준일 시점보정)",157437972.7351834,128533314.58680516,192842729.82958516,0.65,"공시가격 0.88억 × 실거래/공시 비율 1.79(법정동 5299건, 기준일 시점보정)",공시비율,법정동,5299,법정동,88200000.0,0.15827358659048354,,,1162010200101080097,11620,45.78,[],신림동,A,False,45.78,2026-09-07,150000000,150000000.0,0.04958648490122259,0.04839626269683464
A,B1 공시비율,"공시가격 1.39억 × 실거래/공시 비율 1.70(법정동 11974건, 기준일 시점보정)",236105873.6302862,203407672.01909316,274060378.39854926,0.65,"공시가격 1.39억 × 실거래/공시 비율 1.70(법정동 11974건, 기준일 시점보정)",공시비율,법정동,11974,법정동,138500000.0,0.11631407594165089,,,1150010300107730020,11500,65.38,[],화곡동,A,False,65.38,2026-09-07,232700000,232700000.0,0.014636328449876179,0.014530251196292553
A,B1 공시비율,"공시가격 1.79억 × 실거래/공시 비율 1.70(법정동 11974건, 기준일 시점보정)",305147663.3922113,262887893.80084985,354200777.85805315,0.65,"공시가격 1.79억 × 실거래/공시 비율 1.70(법정동 11974건, 기준일 시점보정)",공시비율,법정동,11974,법정동,179000000.0,0.11631407594165089,,,1150010300111010012,11500,81.03,[],화곡동,A,False,81.03,2026-09-08,350000000,350000000.0,0.12814953316511052,-0.13713735276555816
A,B1 공시비율,"공시가격 0.57억 × 실거래/공시 비율 1.70(법정동 11974건, 기준일 시점보정)",97851820.5514689,84300363.71044014,113581701.95001261,0.65,"공시가격 0.57억 × 실거래/공시 비율 1.70(법정동 11974건, 기준일 시점보정)",공시비율,법정동,11974,법정동,57400000.0,0.11631407594165089,,,1150010300100560187,11500,38.52,[],화곡동,A,False,38.52,2026-09-09,64000000,64000000.0,0.5289346961167015,0.42457121584299523
A,B1 공시비율,"공시가격 2.46억 × 실거래/공시 비율 1.70(법정동 11974건, 기준일 시점보정)",419364945.2205812,361287273.0447436,486778722.6429114,0.65,"공시가격 2.46억 × 실거래/공시 비율 1.70(법정동 11974건, 기준일 시점보정)",공시비율,법정동,11974,법정동,246000000.0,0.11631407594165089,,,1150010300101020298,11500,41.02,[],화곡동,A,False,41.02,2026-09-09,350000000,350000000.0,0.19818555777308908,0.18080837732605035
A,B1 공시비율,"공시가격 1.37억 × 실거래/공시 비율 1.79(법정동 5299건, 기준일 시점보정)",244546510.93786973,199649252.81623918,299540294.63325566,0.65,"공시가격 1.37억 × 실거래/공시 비율 1.79(법정동 5299건, 기준일 시점보정)",공시비율,법정동,5299,법정동,137000000.0,0.15827358659048354,,,1162010200106100325,11620,53.02,[],신림동,A,False,53.02,2026-09-09,268000000,268000000.0,0.08751301888854579,-0.0915814609023877
A,B1 공시비율,"공시가격 3.33억 × 실거래/공시 비율 2.12(법정동 325건, 기준일 시점보정)",705013774.7731133,546637644.5891147,909275875.051456,0.65,"공시가격 3.33억 × 실거래/공시 비율 2.12(법정동 325건, 기준일 시점보정)",공시비율,법정동,325,법정동,333000000.0,0.19852621701939524,,,1168011400106380006,11680,21.12,[],일원동,A,False,21.12,2026-09-09,850000000,850000000.0,0.17057202967869028,-0.18701900817770414
A,B1 공시비율,"공시가격 1.40억 × 실거래/공시 비율 1.70(법정동 11974건, 기준일 시점보정)",238662976.95480248,205610643.19619572,277028541.3414945,0.65,"공시가격 1.40억 × 실거래/공시 비율 1.70(법정동 11974건, 기준일 시점보정)",공시비율,법정동,11974,법정동,140000000.0,0.11631407594165089,,,1150010300103620079,11500,26.61,[],화곡동,A,False,26.61,2026-09-10,215000000,215000000.0,0.11006035792931387,0.10441439035878909
A,B1 공시비율,"공시가격 3.72억 × 실거래/공시 비율 1.79(법정동 910건, 기준일 시점보정)",665963920.7838169,538732622.1424668,823243155.4302074,0.65,"공시가격 3.72억 × 실거래/공시 비율 1.79(법정동 910건, 기준일 시점보정)",공시비율,법정동,910,법정동,372000000.0,0.16543079826937637,,,1168010100107750021,11680,63.96,[],역삼동,A,False,63.96,2026-09-10,830000000,830000000.0,0.19763383038094345,-0.22019020471493608
A,B1 공시비율,"공시가격 1.83억 × 실거래/공시 비율 2.01(법정동 879건, 기준일 시점보정)",366960114.27667356,289172018.47836274,465673429.1877042,0.65,"공시가격 1.83억 × 실거래/공시 비율 2.01(법정동 879건, 기준일 시점보정)",공시비율,법정동,879,법정동,183000000.0,0.1858859480458787,,,1168010300111800009,11680,44.28,[],개포동,A,False,44.28,2026-09-10,597000000,597000000.0,0.3853264417476155,-0.4866639516892104
A,B1 공시비율,"공시가격 2.64억 × 실거래/공시 비율 1.75(법정동 173건, 기준일 시점보정)",461672164.0362678,341946345.9759124,623317633.173202,0.65,"공시가격 2.64억 × 실거래/공시 비율 1.75(법정동 173건, 기준일 시점보정)",공시비율,법정동,173,법정동,264000000.0,0.2342393850643126,,,1168010600109340002,11680,21.14,[],대치동,A,False,21.14,2026-09-10,410000000,410000000.0,0.12602966838114102,0.11869787784386598
A,B1 공시비율,"공시가격 1.60억 × 실거래/공시 비율 1.70(법정동 11974건, 기준일 시점보정)",272757687.9483457,234983592.2242237,316604047.24742234,0.65,"공시가격 1.60억 × 실거래/공시 비율 1.70(법정동 11974건, 기준일 시점보정)",공시비율,법정동,11974,법정동,160000000.0,0.11631407594165089,,,1150010300103620053,11500,68.24,[],화곡동,A,False,68.24,2026-09-11,200000000,200000000.0,0.3637884397417286,0.310266444562938
A,B1 공시비율,"공시가격 1.66억 × 실거래/공시 비율 1.79(법정동 5299건, 기준일 시점보정)",296311830.7714337,241910773.4853704,362946634.37314236,0.65,"공시가격 1.66억 × 실거래/공시 비율 1.79(법정동 5299건, 기준일 시점보정)",공시비율,법정동,5299,법정동,166000000.0,0.15827358659048354,,,1162010200106110171,11620,41.58,[],신림동,A,False,41.58,2026-09-11,265000000,265000000.0,0.11815785196767438,0.11168255615066625
A,B1 공시비율,"공시가격 0.76억 × 실거래/공시 비율 1.70(법정동 11974건, 기준일 시점보정)",129730375.33043186,111764071.05164634,150584799.97205517,0.65,"공시가격 0.76억 × 실거래/공시 비율 1.70(법정동 11974건, 기준일 시점보정)",공시비율,법정동,11974,법정동,76100000.0,0.11631407594165089,,,1150010300105040142,11500,55.81,[],화곡동,A,False,55.81,2026-09-12,100000000,100000000.0,0.29730375330431863,0.26028807475669596
A,B1 공시비율,"공시가격 2.13억 × 실거래/공시 비율 1.82(법정동 3331건, 기준일 시점보정)",387211288.4180872,324917336.5666627,461448390.11270696,0.65,"공시가격 2.13억 × 실거래/공시 비율 1.82(법정동 3331건, 기준일 시점보정)",공시비율,법정동,3331,법정동,213000000.0,0.136859946939685,,,1162010100107150115,11620,45.35,[],봉천동,A,False,45.35,2026-09-12,340000000,340000000.0,0.1388567306414329,0.13002489133957879
A,B1 공시비율,"공시가격 1.10억 × 실거래/공시 비율 1.70(법정동 11974건, 기준일 시점보정)",187520910.4644873,161551219.65415347,217665282.48260242,0.65,"공시가격 1.10억 × 실거래/공시 비율 1.70(법정동 11974건, 기준일 시점보정)",공시비율,법정동,11974,법정동,110000000.0,0.11631407594165089,,,1150010300108680016,11500,44.41,[],화곡동,A,False,44.41,2026-09-14,175000000,175000000.0,0.07154805979707037,0.06910438774604795
A,B1 공시비율,"공시가격 2.16억 × 실거래/공시 비율 1.82(법정동 3331건, 기준일 시점보정)",392664968.53665245,329493637.0816867,467947663.21288675,0.65,"공시가격 2.16억 × 실거래/공시 비율 1.82(법정동 3331건, 기준일 시점보정)",공시비율,법정동,3331,법정동,216000000.0,0.136859946939685,,,1162010100106350235,11620,76.32,[],봉천동,A,False,76.32,2026-09-14,449000000,449000000.0,0.12546777608763376,-0.13406613681772692
A,B1 공시비율,"공시가격 1.54억 × 실거래/공시 비율 1.70(법정동 11974건, 기준일 시점보정)",262529274.65028292,226171707.51581547,304731395.4756442,0.65,"공시가격 1.54억 × 실거래/공시 비율 1.70(법정동 11974건, 기준일 시점보정)",공시비율,법정동,11974,법정동,154000000.0,0.11631407594165089,,,1150010300107980005,11500,64.14,[],화곡동,A,False,64.14,2026-09-15,315000000,315000000.0,0.16657373126894312,-0.18221004053485557
A,B1 공시비율,"공시가격 5.37억 × 실거래/공시 비율 1.75(법정동 173건, 기준일 시점보정)",939083151.8464988,695549953.7464579,1267884731.1136715,0.65,"공시가격 5.37억 × 실거래/공시 비율 1.75(법정동 173건, 기준일 시점보정)",공시비율,법정동,173,법정동,537000000.0,0.2342393850643126,,,1168010600109660003,11680,79.98,[],대치동,A,False,79.98,2026-09-15,1185000000,1185000000.0,0.20752476637426256,-0.23259402466446402
A,B1 공시비율,"공시가격 1.13억 × 실거래/공시 비율 1.70(법정동 11974건, 기준일 시점보정)",192635117.11351892,165957162.0083578,223601608.36849174,0.65,"공시가격 1.13억 × 실거래/공시 비율 1.70(법정동 11974건, 기준일 시점보정)",공시비율,법정동,11974,법정동,113000000.0,0.11631407594165089,,,1150010300100730105,11500,41.76,[],화곡동,A,False,41.76,2026-09-16,240000000,240000000.0,0.19735367869367115,-0.21984110875250423
A,B1 공시비율,"공시가격 1.40억 × 실거래/공시 비율 1.70(법정동 11974건, 기준일 시점보정)",238662976.95480248,205610643.19619572,277028541.3414945,0.65,"공시가격 1.40억 × 실거래/공시 비율 1.70(법정동 11974건, 기준일 시점보정)",공시비율,법정동,11974,법정동,140000000.0,0.11631407594165089,,,1150010300101110037,11500,24.57,[],화곡동,A,False,24.57,2026-09-17,143000000,143000000.0,0.6689718668168005,0.5122077882265447
A,B1 공시비율,"공시가격 3.29억 × 실거래/공시 비율 1.79(법정동 910건, 기준일 시점보정)",588984220.2631061,476459765.2819122,728083328.3240265,0.65,"공시가격 3.29억 × 실거래/공시 비율 1.79(법정동 910건, 기준일 시점보정)",공시비율,법정동,910,법정동,329000000.0,0.16543079826937637,,,1168010100107960015,11680,33.6,[],역삼동,A,False,33.6,2026-09-18,600000000,600000000.0,0.018359632894823154,-0.01853026264821491
A,B1 공시비율,"공시가격 2.17억 × 실거래/공시 비율 1.79(법정동 5299건, 기준일 시점보정)",387347393.2373564,316232758.110394,474454335.2950117,0.65,"공시가격 2.17억 × 실거래/공시 비율 1.79(법정동 5299건, 기준일 시점보정)",공시비율,법정동,5299,법정동,217000000.0,0.15827358659048354,,,1162010200106100591,11620,66.59,[],신림동,A,False,66.59,2026-09-19,333000000,333000000.0,0.16320538509716645,0.15117945734036164
A,B1 공시비율,"공시가격 3.50억 × 실거래/공시 비율 2.01(법정동 879건, 기준일 시점보정)",701836284.1357132,553061237.5269222,890632241.6158261,0.65,"공시가격 3.50억 × 실거래/공시 비율 2.01(법정동 879건, 기준일 시점보정)",공시비율,법정동,879,법정동,350000000.0,0.1858859480458787,,,1168010300112340007,11680,43.22,[],개포동,A,False,43.22,2026-09-19,750000000,750000000.0,0.06421828781904904,-0.06637304318492786
A,B1 공시비율,"공시가격 1.00억 × 실거래/공시 비율 1.75(법정동 833건, 기준일 시점보정)",175019084.83292443,148634534.09745526,206087234.31440306,0.65,"공시가격 1.00억 × 실거래/공시 비율 1.75(법정동 833건, 기준일 시점보정)",공시비율,법정동,833,법정동,100000000.0,0.1275004077190172,,,1168010800101670014,11680,15.44,[],논현동,A,False,15.44,2026-09-20,190000000,190000000.0,0.0788469219319767,-0.08212904799502632
A,B1 공시비율,"공시가격 4.08억 × 실거래/공시 비율 1.79(법정동 910건, 기준일 시점보정)",730412042.1499916,590868037.188511,902911847.8911937,0.65,"공시가격 4.08억 × 실거래/공시 비율 1.79(법정동 910건, 기준일 시점보정)",공시비율,법정동,910,법정동,408000000.0,0.16543079826937637,,,1168010100106390000,11680,36.36,[],역삼동,A,False,36.36,2026-09-20,705000000,705000000.0,0.03604544985814416,0.035411013394452406
A,B1 공시비율,"공시가격 0.71억 × 실거래/공시 비율 1.70(법정동 11974건, 기준일 시점보정)",121547644.69198157,104714563.2849197,141086678.55463257,0.65,"공시가격 0.71억 × 실거래/공시 비율 1.70(법정동 11974건, 기준일 시점보정)",공시비율,법정동,11974,법정동,71300000.0,0.11631407594165089,,,1150010300104090105,11500,49.66,[],화곡동,A,False,49.66,2026-09-21,135000000,135000000.0,0.09964707635569209,-0.10496845514103133
A,B1 공시비율,"공시가격 2.52억 × 실거래/공시 비율 2.01(법정동 879건, 기준일 시점보정)",505322124.5777147,398204091.0193849,641255213.9633963,0.65,"공시가격 2.52억 × 실거래/공시 비율 2.01(법정동 879건, 기준일 시점보정)",공시비율,법정동,879,법정동,252000000.0,0.1858859480458787,,,1168010300111820002,11680,46.54,[],개포동,A,False,46.54,2026-09-21,650000000,650000000.0,0.22258134680351588,-0.2517762665162882
A,B1 공시비율,"공시가격 1.25억 × 실거래/공시 비율 1.70(법정동 11974건, 기준일 시점보정)",213091943.70964506,183580931.42517474,247346911.91204864,0.65,"공시가격 1.25억 × 실거래/공시 비율 1.70(법정동 11974건, 기준일 시점보정)",공시비율,법정동,11974,법정동,125000000.0,0.11631407594165089,,,1150010300103670071,11500,63.3,[],화곡동,A,False,63.3,2026-09-21,265000000,265000000.0,0.19587945769945259,-0.21800609280677347
A,B1 공시비율,"공시가격 1.89억 × 실거래/공시 비율 1.70(법정동 11974건, 기준일 시점보정)",322195018.88898355,277574368.3148644,373988530.8110178,0.65,"공시가격 1.89억 × 실거래/공시 비율 1.70(법정동 11974건, 기준일 시점보정)",공시비율,법정동,11974,법정동,189000000.0,0.11631407594165089,,,1150010300109960019,11500,24.66,[],화곡동,A,False,24.66,2026-09-23,200000000,200000000.0,0.6109750944449177,0.476839644388754
A,B1 공시비율,"공시가격 1.73억 × 실거래/공시 비율 1.82(법정동 3331건, 기준일 시점보정)",314495553.50389266,263899996.36635068,374791415.44365436,0.65,"공시가격 1.73억 × 실거래/공시 비율 1.82(법정동 3331건, 기준일 시점보정)",공시비율,법정동,3331,법정동,173000000.0,0.136859946939685,,,1162010100101800408,11620,55.85,[],봉천동,A,False,55.85,2026-09-23,320000000,320000000.0,0.01720139530033544,-0.017351058055631884
A,B1 공시비율,"공시가격 1.39억 × 실거래/공시 비율 1.70(법정동 11974건, 기준일 시점보정)",236958241.40512535,204141995.74479434,275049766.0461981,0.65,"공시가격 1.39억 × 실거래/공시 비율 1.70(법정동 11974건, 기준일 시점보정)",공시비율,법정동,11974,법정동,139000000.0,0.11631407594165089,,,1150010300108190003,11500,29.1,[],화곡동,A,False,29.1,2026-09-23,171500000,171500000.0,0.3816807079016055,0.32330066240184496
A,B1 공시비율,"공시가격 1.67억 × 실거래/공시 비율 1.70(법정동 11974건, 기준일 시점보정)",284690836.7960858,245264124.38403344,330455474.31449693,0.65,"공시가격 1.67억 × 실거래/공시 비율 1.70(법정동 11974건, 기준일 시점보정)",공시비율,법정동,11974,법정동,167000000.0,0.11631407594165089,,,1150010300108400010,11500,64.52,[],화곡동,A,False,64.52,2026-10-01,360000000,360000000.0,0.20919212001087284,-0.23470022315625305
B,B0 ㎡단가,"㎡당 1,687만원(같은 건물 9건+법정동, 기준일 시점보정) × 23.17㎡",390832865.4328192,296621020.6874227,514967982.8773682,0.6,"㎡당 1,687만원(같은 건물 9건+법정동, 기준일 시점보정) × 23.17㎡",㎡단가,같은 건물,9,법정동,,0.26902379359414275,0.18210676910228457,0.06705941680218785,1168010100107500024,11680,23.17,[],역삼동,B,False,23.17,2025-10-13,380000000,402990217.72865343,0.030167859568294007,-0.030632273561112106
B,B0 ㎡단가,"㎡당 658만원(같은 건물 13건+법정동, 기준일 시점보정) × 38.51㎡",253510367.805167,149937308.4268937,428629186.81807965,0.6,"㎡당 658만원(같은 건물 13건+법정동, 기준일 시점보정) × 38.51㎡",㎡단가,같은 건물,13,법정동,,0.5122380792777933,0.10928911820219493,0.29974673551152975,1150010300103660004,11500,38.51,[],화곡동,B,False,38.51,2025-10-13,282300000,292082880.7491669,0.1320601633518021,-0.14163287934130092
B,B0 ㎡단가,"㎡당 581만원(같은 건물 5건+법정동, 기준일 시점보정) × 27.41㎡",159284986.85404202,94208226.70283481,269315195.9767106,0.6,"㎡당 581만원(같은 건물 5건+법정동, 기준일 시점보정) × 27.41㎡",㎡단가,같은 건물,5,법정동,,0.5122380792777933,0.05200451433086367,0.1891131042925025,1150010300103460062,11500,27.41,[],화곡동,B,False,27.41,2025-10-14,219500000,227106596.969331,0.2986333775431797,-0.35472452943883936
B,B0 ㎡단가,"㎡당 388만원(같은 건물 1건+법정동, 기준일 시점보정) × 64.17㎡",248940111.25524557,147234255.40445384,420901907.7899953,0.6,"㎡당 388만원(같은 건물 1건+법정동, 기준일 시점보정) × 64.17㎡",㎡단가,같은 건물,1,법정동,,0.5122380792777933,0.0,-0.8070891905147981,1150010300103660038,11500,64.17,[],화곡동,B,False,64.17,2025-10-14,260000000,269010092.0821233,0.07460679512629867,-0.07753654544337092
B,B0 ㎡단가,"㎡당 650만원(법정동 5683건, 기준일 시점보정) × 56.91㎡",369758052.7014863,187387616.362202,729616077.0481584,0.45,"㎡당 650만원(법정동 5683건, 기준일 시점보정) × 56.91㎡",㎡단가,법정동,5683,법정동,,0.5303289589715827,,,1162010200100900103,11620,56.91,[],신림동,B,False,56.91,2025-10-14,205000000,216067268.8381443,0.7113098836754934,0.5372590911210211
B,B0 ㎡단가,"㎡당 1,784만원(같은 건물 19건+법정동, 기준일 시점보정) × 27.15㎡",484250520.38905925,340388672.16927725,688914131.6091071,0.6,"㎡당 1,784만원(같은 건물 19건+법정동, 기준일 시점보정) × 27.15㎡",㎡단가,같은 건물,19,법정동,,0.3438224277939293,0.14660077069218108,0.27407991835957546,1168010300112180012,11680,27.15,[],개포동,B,False,27.15,2025-10-14,525000000,556762800.8093239,0.13023908981501467,-0.1395369209816384
B,B0 ㎡단가,"㎡당 937만원(같은 건물 4건+법정동, 기준일 시점보정) × 59.02㎡",553152825.9906116,388821380.7067321,786937303.5640323,0.6,"㎡당 937만원(같은 건물 4건+법정동, 기준일 시점보정) × 59.02㎡",㎡단가,같은 건물,4,법정동,,0.3438224277939293,0.23002941878879948,-0.5932354645286715,1168010300111670006,11680,59.02,[],개포동,B,False,59.02,2025-10-15,650000000,689325372.4305915,0.1975446601650967,-0.22007907682262767
B,B0 ㎡단가,"㎡당 1,334만원(같은 건물 1건+법정동, 기준일 시점보정) × 50.42㎡",672417181.665801,472654508.30520344,956607539.4491297,0.6,"㎡당 1,334만원(같은 건물 1건+법정동, 기준일 시점보정) × 50.42㎡",㎡단가,같은 건물,1,법정동,,0.3438224277939293,0.0,-0.1282716880506065,1168010300111880008,11680,50.42,[],개포동,B,False,50.42,2025-10-15,380000000,402990217.72865343,0.6685694889957892,0.5119666659271849
B,B0 ㎡단가,"㎡당 508만원(같은 건물 2건+법정동, 기준일 시점보정) × 44.98㎡",228405362.4692946,132606524.49317141,393412087.40763205,0.6,"㎡당 508만원(같은 건물 2건+법정동, 기준일 시점보정) × 44.98㎡",㎡단가,같은 건물,2,법정동,,0.5303289589715827,0.0037806645808930754,-0.4929475962502732,1162010200115640070,11620,44.98,[],신림동,B,False,44.98,2025-10-15,180000000,189717601.9066633,0.2039228841911295,0.1855852951602197
B,B0 ㎡단가,"㎡당 2,361만원(같은 건물 3건+법정동, 기준일 시점보정) × 29.96㎡",707274978.0624727,522325355.07276714,957713214.0628732,0.6,"㎡당 2,361만원(같은 건물 3건+법정동, 기준일 시점보정) × 29.96㎡",㎡단가,같은 건물,3,법정동,,0.29565469668644057,0.045244685241015534,-0.16682108833361653,1168011400106560012,11680,29.96,[],일원동,B,False,29.96,2025-10-15,680000000,721140389.6196957,0.019227062797765492,-0.019414306756081766
B,B0 ㎡단가,"㎡당 1,142만원(같은 건물 10건+법정동, 기준일 시점보정) × 24.05㎡",274754997.57612586,183544715.84489942,411291103.3453473,0.6,"㎡당 1,142만원(같은 건물 10건+법정동, 기준일 시점보정) × 24.05㎡",㎡단가,같은 건물,10,법정동,,0.3934744282256035,0.23336793035786504,0.7651844668089254,1162010100107150143,11620,24.05,[],봉천동,B,False,24.05,2025-10-15,360000000,379435203.8133266,0.27588427532596843,-0.32280405865959744
B,B0 ㎡단가,"㎡당 508만원(법정동 13153건, 기준일 시점보정) × 41.76㎡",212012495.18185496,109964863.28347257,408760551.06223947,0.45,"㎡당 508만원(법정동 13153건, 기준일 시점보정) × 41.76㎡",㎡단가,법정동,13153,법정동,,0.5122380792777933,,,1150010300108610001,11500,41.76,[],화곡동,B,False,41.76,2025-10-15,90000000,93118878.02842729,1.2767939183838952,0.8227682772254523
B,B0 ㎡단가,"㎡당 604만원(법정동 3717건, 기준일 시점보정) × 70.92㎡",428222767.4923631,258621788.3350792,709045977.0591019,0.45,"㎡당 604만원(법정동 3717건, 기준일 시점보정) × 70.92㎡",㎡단가,법정동,3717,법정동,,0.3934744282256035,,,1162010100106720005,11620,70.92,[],봉천동,B,False,70.92,2025-10-15,395000000,416324737.5174,0.02857872449740222,0.028177970202902598
B,B0 ㎡단가,"㎡당 508만원(법정동 13153건, 기준일 시점보정) × 37.13㎡",188506320.5484258,97772877.72306824,363440595.3290452,0.45,"㎡당 508만원(법정동 13153건, 기준일 시점보정) × 37.13㎡",㎡단가,법정동,13153,법정동,,0.5122380792777933,,,1150010300110670005,11500,37.13,[],화곡동,B,False,37.13,2025-10-15,230000000,237970466.0726475,0.20785833780365554,-0.2330150367528744
B,B0 ㎡단가,"㎡당 529만원(같은 건물 2건+법정동, 기준일 시점보정) × 62.68㎡",331719086.33029574,221598464.00593463,496562793.1106024,0.6,"㎡당 529만원(같은 건물 2건+법정동, 기준일 시점보정) × 62.68㎡",㎡단가,같은 건물,2,법정동,,0.3934744282256035,0.03140226055075491,-0.26368999202906096,1162010100106490020,11620,62.68,[],봉천동,B,False,62.68,2025-10-16,285000000,300386203.0188836,0.10430866330249673,0.09921949510265585
B,B0 ㎡단가,"㎡당 650만원(법정동 5683건, 기준일 시점보정) × 82.55㎡",536347342.303772,271812471.1070068,1058334337.7319524,0.45,"㎡당 650만원(법정동 5683건, 기준일 시점보정) × 82.55㎡",㎡단가,법정동,5683,법정동,,0.5303289589715827,,,1162010200100100264,11620,82.55,[],신림동,B,False,82.55,2025-10-16,620000000,653471739.9007292,0.17923406697702018,-0.1975173100286045
B,B0 ㎡단가,"㎡당 419만원(같은 건물 6건+법정동, 기준일 시점보정) × 47.31㎡",198296848.0865318,117281576.8011568,335275505.6126191,0.6,"㎡당 419만원(같은 건물 6건+법정동, 기준일 시점보정) × 47.31㎡",㎡단가,같은 건물,6,법정동,,0.5122380792777933,0.14446249070823716,-0.2555504237513233,1150010300104100012,11500,47.31,[],화곡동,B,False,47.31,2025-10-17,160000000,165544672.0505374,0.19784494197430777,0.18052406057706763
B,B0 ㎡단가,"㎡당 508만원(법정동 13153건, 기준일 시점보정) × 44.2㎡",224400198.44439593,116390013.34122318,432644069.8503582,0.45,"㎡당 508만원(법정동 13153건, 기준일 시점보정) × 44.2㎡",㎡단가,법정동,13153,법정동,,0.5122380792777933,,,1150010300108820031,11500,44.2,[],화곡동,B,False,44.2,2025-10-18,164000000,169683288.85180083,0.322464928413688,0.27949736524078644
B,B0 ㎡단가,"㎡당 1,058만원(같은 건물 15건+법정동, 기준일 시점보정) × 23.08㎡",244186577.26201633,141768708.8802581,420594114.0742235,0.6,"㎡당 1,058만원(같은 건물 15건+법정동, 기준일 시점보정) × 23.08㎡",㎡단가,같은 건물,15,법정동,,0.5303289589715827,0.12077816906155159,0.5526001241597331,1162010200104120318,11620,23.08,[],신림동,B,False,23.08,2025-10-18,260000000,274036536.0874025,0.10892693088145629,-0.11532884688441224
B,B0 ㎡단가,"㎡당 2,008만원(법정동 215건, 기준일 시점보정) × 36.91㎡",741028375.6166625,421090974.878025,1304048498.3752759,0.45,"㎡당 2,008만원(법정동 215건, 기준일 시점보정) × 36.91㎡",㎡단가,법정동,215,법정동,,0.44100344534797475,,,1168010400101110033,11680,36.91,[],청담동,B,False,36.91,2025-10-18,634000000,672357363.2630692,0.1021346922123687,0.09724892849991104
B,B0 ㎡단가,"㎡당 467만원(같은 건물 1건+법정동, 기준일 시점보정) × 44.22㎡",206628645.35664502,122209372.33021152,349362706.54069465,0.6,"㎡당 467만원(같은 건물 1건+법정동, 기준일 시점보정) × 44.22㎡",㎡단가,같은 건물,1,법정동,,0.5122380792777933,0.0,-0.24888073788643617,1150010300100560433,11500,44.22,[],화곡동,B,False,44.22,2025-10-20,158000000,163475363.64990568,0.2639742205997181,0.23426090042152306
B,B0 ㎡단가,"㎡당 407만원(같은 건물 3건+법정동, 기준일 시점보정) × 39.12㎡",159177676.69731346,94144758.70266561,269133758.56405526,0.6,"㎡당 407만원(같은 건물 3건+법정동, 기준일 시점보정) × 39.12㎡",㎡단가,같은 건물,3,법정동,,0.5122380792777933,0.06688030651137512,-0.36886512039447084,1150010300101640025,11500,39.12,[],화곡동,B,False,39.12,2025-10-20,106000000,109673345.23348103,0.4513797893047194,0.3725146827992024
B,B0 ㎡단가,"㎡당 674만원(같은 건물 2건+법정동, 기준일 시점보정) × 43.15㎡",290881910.5419896,168878868.59526923,501023524.0463251,0.6,"㎡당 674만원(같은 건물 2건+법정동, 기준일 시점보정) × 43.15㎡",㎡단가,같은 건물,2,법정동,,0.5303289589715827,0.02903073516375444,0.0737143081416658,1162010200100980194,11620,43.15,[],신림동,B,False,43.15,2025-10-20,294000000,309872083.11421674,0.06128390909363549,-0.06324219809401839
B,B0 ㎡단가,"㎡당 1,751만원(같은 건물 6건+법정동, 기준일 시점보정) × 43.5㎡",761496978.2625786,535270349.4948528,1083336015.9969296,0.6,"㎡당 1,751만원(같은 건물 6건+법정동, 기준일 시점보정) × 43.5㎡",㎡단가,같은 건물,6,법정동,,0.3438224277939293,0.08864466384834876,0.3057026727343306,1168010300112390012,11680,43.5,[],개포동,B,False,43.5,2025-10-20,760000000,805980435.4573069,0.05519173324534695,-0.056773264396944655
B,B0 ㎡단가,"㎡당 567만원(같은 건물 1건+법정동, 기준일 시점보정) × 66.48㎡",376643407.082188,218669879.92959246,648741638.0534672,0.6,"㎡당 567만원(같은 건물 1건+법정동, 기준일 시점보정) × 66.48㎡",㎡단가,같은 건물,1,법정동,,0.5303289589715827,0.0,-0.41094026411102647,1162010200100920223,11620,66.48,[],신림동,B,False,66.48,2025-10-21,267500000,281941436.1668469,0.3358923477260666,0.2895994938185173
B,B0 ㎡단가,"㎡당 716만원(같은 건물 2건+법정동, 기준일 시점보정) × 51.55㎡",369009697.16227776,246509729.0574192,552384512.856604,0.6,"㎡당 716만원(같은 건물 2건+법정동, 기준일 시점보정) × 51.55㎡",㎡단가,같은 건물,2,법정동,,0.3934744282256035,0.09969514218809075,0.34035929807804166,1162010100115340016,11620,51.55,[],봉천동,B,False,51.55,2025-10-23,395000000,416324737.5174,0.11364936092260135,-0.1206426515011126
B,B0 ㎡단가,"㎡당 947만원(같은 건물 3건+법정동, 기준일 시점보정) × 38.87㎡",368216529.3046284,213777442.36888874,634226936.9056585,0.6,"㎡당 947만원(같은 건물 3건+법정동, 기준일 시점보정) × 38.87㎡",㎡단가,같은 건물,3,법정동,,0.5303289589715827,0.0133980099845979,0.6284510126762921,1162010200107500024,11620,38.87,[],신림동,B,False,38.87,2025-10-26,430000000,453214271.22147346,0.18754427500211926,-0.20769385857330497
B,B0 ㎡단가,"㎡당 421만원(같은 건물 4건+법정동, 기준일 시점보정) × 59.46㎡",250243103.21920508,148004902.81295788,423104975.0285379,0.6,"㎡당 421만원(같은 건물 4건+법정동, 기준일 시점보정) × 59.46㎡",㎡단가,같은 건물,4,법정동,,0.5122380792777933,0.2812139447089635,-0.28136584232373707,1150010300109710010,11500,59.46,[],화곡동,B,False,59.46,2025-10-27,215000000,222450653.06790963,0.12493759747610625,0.11772756520779877
B,B0 ㎡단가,"㎡당 662만원(같은 건물 4건+법정동, 기준일 시점보정) × 35.69㎡",236318886.52875584,139769501.67100808,399562246.86014646,0.6,"㎡당 662만원(같은 건물 4건+법정동, 기준일 시점보정) × 35.69㎡",㎡단가,같은 건물,4,법정동,,0.5122380792777933,0.020432577872311217,0.39840795099353343,1150010300107930006,11500,35.69,[],화곡동,B,False,35.69,2025-10-29,340000000,351782428.10739195,0.3282243010255972,-0.39783077546445134
B,B0 ㎡단가,"㎡당 604만원(법정동 3717건, 기준일 시점보정) × 49.89㎡",301241312.3264807,181932332.4878329,498791649.6824397,0.45,"㎡당 604만원(법정동 3717건, 기준일 시점보정) × 49.89㎡",㎡단가,법정동,3717,법정동,,0.3934744282256035,,,1162010100106350306,11620,49.89,[],봉천동,B,False,49.89,2025-10-29,360000000,379435203.8133266,0.2060796960877555,-0.2307721956791916
B,B0 ㎡단가,"㎡당 754만원(같은 건물 2건+법정동, 기준일 시점보정) × 33.91㎡",255842204.0165066,148535678.52577317,440670107.0454687,0.6,"㎡당 754만원(같은 건물 2건+법정동, 기준일 시점보정) × 33.91㎡",㎡단가,같은 건물,2,법정동,,0.5303289589715827,0.2415195034830711,0.2989462004451031,1162010200115740028,11620,33.91,[],신림동,B,False,33.91,2025-10-30,230000000,242416935.76962534,0.05538090069597956,0.05390174508130069
B,B0 ㎡단가,"㎡당 2,193만원(같은 건물 1건+법정동, 기준일 시점보정) × 42.21㎡",925797290.4841717,683704942.8812648,1253611856.974218,0.6,"㎡당 2,193만원(같은 건물 1건+법정동, 기준일 시점보정) × 42.21㎡",㎡단가,같은 건물,1,법정동,,0.29565469668644057,0.0,-0.5209526368420079,1168011400106380007,11680,42.21,[],일원동,B,False,42.21,2025-11-01,900000000,911127614.6416464,0.01610057208977807,0.015972332534614466
B,B0 ㎡단가,"㎡당 1,814만원(같은 건물 2건+법정동, 기준일 시점보정) × 49.08㎡",890317411.3690672,657502912.509,1205568945.6372814,0.6,"㎡당 1,814만원(같은 건물 2건+법정동, 기준일 시점보정) × 49.08㎡",㎡단가,같은 건물,2,법정동,,0.29565469668644057,0.2905163061711439,-0.72704519956228,1168011400106610001,11680,49.08,[],일원동,B,False,49.08,2025-11-01,572500000,579578399.3137139,0.5361466411158581,0.42927709964503014
B,B0 ㎡단가,"㎡당 642만원(같은 건물 2건+법정동, 기준일 시점보정) × 57.03㎡",366084092.97762036,244555336.2584354,548005065.7722025,0.6,"㎡당 642만원(같은 건물 2건+법정동, 기준일 시점보정) × 57.03㎡",㎡단가,같은 건물,2,법정동,,0.3934744282256035,0.04071402061130909,0.12238912061950558,1162010100109350018,11620,57.03,[],봉천동,B,False,57.03,2025-11-03,387000000,402545554.8013186,0.0905772312942177,-0.09494520084089005
B,B0 ㎡단가,"㎡당 2,000만원(법정동 248건, 기준일 시점보정) × 41.04㎡",820725501.3325783,472418421.73027444,1425834212.9642775,0.45,"㎡당 2,000만원(법정동 248건, 기준일 시점보정) × 41.04㎡",㎡단가,법정동,248,법정동,,0.4309641285959724,,,1168010500100910037,11680,41.04,[],삼성동,B,False,41.04,2025-11-05,1345000000,1361629601.881127,0.3972476066922132,-0.5062487912812293
B,B0 ㎡단가,"㎡당 650만원(법정동 5683건, 기준일 시점보정) × 41.63㎡",270480192.12726885,137075144.42380014,533718455.23659855,0.45,"㎡당 650만원(법정동 5683건, 기준일 시점보정) × 41.63㎡",㎡단가,법정동,5683,법정동,,0.5303289589715827,,,1162010200100100232,11620,41.63,[],신림동,B,False,41.63,2025-11-06,260000000,270444041.985382,0.00013366958140931907,0.00013366064842690743
B,B0 ㎡단가,"㎡당 2,678만원(같은 건물 1건+법정동, 기준일 시점보정) × 17.46㎡",467626806.31454015,345344237.0022762,633208279.0265156,0.6,"㎡당 2,678만원(같은 건물 1건+법정동, 기준일 시점보정) × 17.46㎡",㎡단가,같은 건물,1,법정동,,0.29565469668644057,0.0,0.07832695176090354,1168011400106530014,11680,17.46,[],일원동,B,False,17.46,2025-11-07,540000000,546676568.7849878,0.1446006047892983,-0.15618679021471116
B,B0 ㎡단가,"㎡당 2,000만원(법정동 248건, 기준일 시점보정) × 67.9㎡",1357876743.1891332,781608451.1570568,2359019080.4160423,0.45,"㎡당 2,000만원(법정동 248건, 기준일 시점보정) × 67.9㎡",㎡단가,법정동,248,법정동,,0.4309641285959724,,,1168010500101010010,11680,67.9,[],삼성동,B,False,67.9,2025-11-07,1600000000,1619782426.0295935,0.1616918906093103,-0.17636957377102683
B,B0 ㎡단가,"㎡당 588만원(같은 건물 7건+법정동, 기준일 시점보정) × 38.43㎡",226010403.9148372,133672606.50069195,382132914.25183254,0.6,"㎡당 588만원(같은 건물 7건+법정동, 기준일 시점보정) × 38.43㎡",㎡단가,같은 건물,7,법정동,,0.5122380792777933,0.06679637621733345,0.18904674826227108,1150010300104240066,11500,38.43,[],화곡동,B,False,38.43,2025-11-07,320000000,331266722.09272593,0.3177388827738214,-0.3823428245815203
B,B0 ㎡단가,"㎡당 499만원(같은 건물 4건+법정동, 기준일 시점보정) × 33.6㎡",167622199.7110064,99139225.25085495,283411553.44780356,0.6,"㎡당 499만원(같은 건물 4건+법정동, 기준일 시점보정) × 33.6㎡",㎡단가,같은 건물,4,법정동,,0.5122380792777933,0.13186384983570112,-0.026279550121493855,1150010300110810006,11500,33.6,[],화곡동,B,False,33.6,2025-11-07,210000000,217393786.3733514,0.22894668468981644,-0.25999775695334854
B,B0 ㎡단가,"㎡당 615만원(같은 건물 3건+법정동, 기준일 시점보정) × 48.82㎡",300088643.93051034,174224071.10447523,516881471.3441711,0.6,"㎡당 615만원(같은 건물 3건+법정동, 기준일 시점보정) × 48.82㎡",㎡단가,같은 건물,3,법정동,,0.5303289589715827,0.07186767766681434,-0.09239993616328768,1162010200104120456,11620,48.82,[],신림동,B,False,48.82,2025-11-08,345000000,358858440.3267569,0.1637687449756901,-0.17885008330745053
B,B0 ㎡단가,"㎡당 779만원(같은 건물 1건+법정동, 기준일 시점보정) × 63.33㎡",493392965.54691225,286451796.3292158,849834497.7086391,0.6,"㎡당 779만원(같은 건물 1건+법정동, 기준일 시점보정) × 63.33㎡",㎡단가,같은 건물,1,법정동,,0.5303289589715827,0.0,0.5447069665596249,1162010200116120048,11620,63.33,[],신림동,B,False,63.33,2025-11-09,450000000,468076226.5131611,0.054086786723485276,0.0526747870742532
B,B0 ㎡단가,"㎡당 564만원(같은 건물 1건+법정동, 기준일 시점보정) × 36.12㎡",203748221.48486343,118291196.10273965,350941905.44991463,0.6,"㎡당 564만원(같은 건물 1건+법정동, 기준일 시점보정) × 36.12㎡",㎡단가,같은 건물,1,법정동,,0.5303289589715827,0.0,-0.4240185386602011,1162010200107040043,11620,36.12,[],신림동,B,False,36.12,2025-11-10,140000000,145623714.9152057,0.39914176481147107,0.3358590235098146
B,B0 ㎡단가,"㎡당 861만원(법정동 533건, 기준일 시점보정) × 82.03㎡",706529044.3244971,452368563.3020076,1103488020.5431638,0.45,"㎡당 861만원(법정동 533건, 기준일 시점보정) × 82.03㎡",㎡단가,법정동,533,법정동,,0.3478987658625226,,,1162010300106020145,11620,82.03,[],남현동,B,False,82.03,2025-11-10,545000000,566892318.7770507,0.24631966410954875,0.2201949397162137
B,B0 ㎡단가,"㎡당 530만원(같은 건물 3건+법정동, 기준일 시점보정) × 51.02㎡",270506241.55107594,159989424.18802652,457365398.3034043,0.6,"㎡당 530만원(같은 건물 3건+법정동, 기준일 시점보정) × 51.02㎡",㎡단가,같은 건물,3,법정동,,0.5122380792777933,0.12270276335367154,0.0722853175580429,1150010300110870037,11500,51.02,[],화곡동,B,False,51.02,2025-11-11,300000000,310562551.9619306,0.12897984691909933,-0.13809016453175296
B,B0 ㎡단가,"㎡당 317만원(같은 건물 2건+법정동, 기준일 시점보정) × 59.82㎡",189725343.19145945,112212007.51978205,320783012.8408613,0.6,"㎡당 317만원(같은 건물 2건+법정동, 기준일 시점보정) × 59.82㎡",㎡단가,같은 건물,2,법정동,,0.5122380792777933,0.4156377932228778,-0.9409377158446155,1150010300101640024,11500,59.82,[],화곡동,B,False,59.82,2025-11-12,170000000,175985446.11176065,0.07807405318604127,0.07517616510518836
B,B0 ㎡단가,"㎡당 650만원(같은 건물 3건+법정동, 기준일 시점보정) × 42.75㎡",277836329.28891265,164324764.14062712,469758933.0277466,0.6,"㎡당 650만원(같은 건물 3건+법정동, 기준일 시점보정) × 42.75㎡",㎡단가,같은 건물,3,법정동,,0.5122380792777933,0.2564936927653029,0.41159455411241197,1150010300104240055,11500,42.75,[],화곡동,B,False,42.75,2025-11-13,280000000,289858381.83113515,0.04147560773048913,-0.042360268443079135
B,B0 ㎡단가,"㎡당 457만원(같은 건물 2건+법정동, 기준일 시점보정) × 62.46㎡",285676013.8108588,168961502.29975426,483014081.6461044,0.6,"㎡당 457만원(같은 건물 2건+법정동, 기준일 시점보정) × 62.46㎡",㎡단가,같은 건물,2,법정동,,0.5122380792777933,0.16902640302464547,-0.20874854180059188,1150010300103400111,11500,62.46,[],화곡동,B,False,62.46,2025-11-14,217000000,224640245.91912976,0.2717045097684848,0.24035813429013186
B,B0 ㎡단가,"㎡당 563만원(같은 건물 1건+법정동, 기준일 시점보정) × 41.73㎡",235005388.18578056,156990764.77991384,351788416.04965216,0.6,"㎡당 563만원(같은 건물 1건+법정동, 기준일 시점보정) × 41.73㎡",㎡단가,같은 건물,1,법정동,,0.3934744282256035,0.0,-0.209108748113481,1162010100101000107,11620,41.73,[],봉천동,B,False,41.73,2025-11-15,100000000,104016939.22514692,1.2592992058447932,0.8150546792882345
B,B0 ㎡단가,"㎡당 601만원(같은 건물 1건+법정동, 기준일 시점보정) × 51.16㎡",307473418.7104898,178511489.34698495,529601223.76074374,0.6,"㎡당 601만원(같은 건물 1건+법정동, 기준일 시점보정) × 51.16㎡",㎡단가,같은 건물,1,법정동,,0.5303289589715827,0.0,-0.23384143179179873,1162010200100980108,11620,51.16,[],신림동,B,False,51.16,2025-11-15,360000000,374460981.2105289,0.17889063443536043,-0.197098968213043
B,B0 ㎡단가,"㎡당 1,401만원(같은 건물 3건+법정동, 기준일 시점보정) × 74.28㎡",1040373802.0177405,730272693.4703583,1482155443.5799022,0.6,"㎡당 1,401만원(같은 건물 3건+법정동, 기준일 시점보정) × 74.28㎡",㎡단가,같은 건물,3,법정동,,0.3451909092995672,0.12735594783793183,-0.29589952912088435,1168010600109280025,11680,74.28,[],대치동,B,False,74.28,2025-11-17,750000000,759273012.2013719,0.3702236024448818,0.31497393998558265
B,B0 ㎡단가,"㎡당 1,673만원(법정동 234건, 기준일 시점보정) × 109.44㎡",1830619636.0112505,1176163463.1528704,2849236825.2680535,0.45,"㎡당 1,673만원(법정동 234건, 기준일 시점보정) × 109.44㎡",㎡단가,법정동,234,법정동,,0.3451909092995672,,,1168010600109160006,11680,109.44,[],대치동,B,False,109.44,2025-11-17,1400000000,1417309622.7758944,0.2916158943631958,0.2558940657748531
B,B0 ㎡단가,"㎡당 449만원(같은 건물 1건+법정동, 기준일 시점보정) × 41.92㎡",188179631.13994113,111297804.65457305,318169560.3598709,0.6,"㎡당 449만원(같은 건물 1건+법정동, 기준일 시점보정) × 41.92㎡",㎡단가,같은 건물,1,법정동,,0.5122380792777933,0.0,-0.3692169524362683,1150010300103940011,11500,41.92,[],화곡동,B,False,41.92,2025-11-17,167500000,173397424.8454112,0.08525043729864314,0.08181077814486376
B,B0 ㎡단가,"㎡당 508만원(법정동 13153건, 기준일 시점보정) × 28.85㎡",146469360.296851,75969499.65824172,282393244.687394,0.45,"㎡당 508만원(법정동 13153건, 기준일 시점보정) × 28.85㎡",㎡단가,법정동,13153,법정동,,0.5122380792777933,,,1150010300101570006,11500,28.85,[],화곡동,B,False,28.85,2025-11-18,200000000,207041701.3079537,0.29256106682106237,-0.3461039667179747
B,B0 ㎡단가,"㎡당 1,426만원(법정동 186건, 기준일 시점보정) × 116.55㎡",1661511576.2963822,1218056818.5194895,2266413747.038778,0.45,"㎡당 1,426만원(법정동 186건, 기준일 시점보정) × 116.55㎡",㎡단가,법정동,186,법정동,,0.2422526208914518,,,1168011800109480003,11680,116.55,[],도곡동,B,False,116.55,2025-11-18,1360000000,1376815062.1251545,0.20677905261421986,0.18795487035813657
B,B0 ㎡단가,"㎡당 508만원(법정동 13153건, 기준일 시점보정) × 57㎡",289384871.29707164,150095718.56221083,557934660.2142626,0.45,"㎡당 508만원(법정동 13153건, 기준일 시점보정) × 57㎡",㎡단가,법정동,13153,법정동,,0.5122380792777933,,,1150010300100290036,11500,57.0,[],화곡동,B,False,57.0,2025-11-19,255000000,263978169.16764095,0.0962454668487984,0.09189112955207858
B,B0 ㎡단가,"㎡당 422만원(같은 건물 1건+법정동, 기준일 시점보정) × 61.92㎡",261384851.0568074,154594628.10271466,441943172.2853613,0.6,"㎡당 422만원(같은 건물 1건+법정동, 기준일 시점보정) × 61.92㎡",㎡단가,같은 건물,1,법정동,,0.5122380792777933,0.0,-0.5536669553382616,1150010300104080111,11500,61.92,[],화곡동,B,False,61.92,2025-11-20,210000000,217393786.3733514,0.20235658717451055,0.1842834536605353
B,B0 ㎡단가,"㎡당 499만원(같은 건물 1건+법정동, 기준일 시점보정) × 52.72㎡",262920950.8240899,155503145.83544317,444540372.54909086,0.6,"㎡당 499만원(같은 건물 1건+법정동, 기준일 시점보정) × 52.72㎡",㎡단가,같은 건물,1,법정동,,0.5122380792777933,0.0,-0.053543217907378704,1150010300101550010,11500,52.72,[],화곡동,B,False,52.72,2025-11-25,175000000,181161488.6444595,0.4513070785153923,0.37246458384423187
B,B0 ㎡단가,"㎡당 364만원(같은 건물 4건+법정동, 기준일 시점보정) × 52.32㎡",190564703.57567436,112708442.58829202,322202183.03909886,0.6,"㎡당 364만원(같은 건물 4건+법정동, 기준일 시점보정) × 52.32㎡",㎡단가,같은 건물,4,법정동,,0.5122380792777933,0.04488075147027073,-0.4981397817488631,1150010300105040064,11500,52.32,[],화곡동,B,False,52.32,2025-11-25,150000000,155281275.9809653,0.22722267943647106,0.20475363209606695
B,B0 ㎡단가,"㎡당 508만원(법정동 13153건, 기준일 시점보정) × 29.99㎡",152257057.72279277,78971414.0294861,293551937.89167994,0.45,"㎡당 508만원(법정동 13153건, 기준일 시점보정) × 29.99㎡",㎡단가,법정동,13153,법정동,,0.5122380792777933,,,1150010300108650012,11500,29.99,[],화곡동,B,False,29.99,2025-11-26,210000000,217393786.3733514,0.2996255308727776,-0.35614013108059545
B,B0 ㎡단가,"㎡당 508만원(법정동 13153건, 기준일 시점보정) × 29.98㎡",152206288.44712663,78945081.44728222,293454054.6179582,0.45,"㎡당 508만원(법정동 13153건, 기준일 시점보정) × 29.98㎡",㎡단가,법정동,13153,법정동,,0.5122380792777933,,,1150010300100460309,11500,29.98,[],화곡동,B,False,29.98,2025-11-27,120000000,124225020.78477222,0.22524663296964742,0.20314215676836134
B,B0 ㎡단가,"㎡당 596만원(같은 건물 3건+법정동, 기준일 시점보정) × 27.39㎡",163323463.1994669,109105053.25911433,244485042.94405177,0.6,"㎡당 596만원(같은 건물 3건+법정동, 기준일 시점보정) × 27.39㎡",㎡단가,같은 건물,3,법정동,,0.3934744282256035,0.09513709880610402,-0.020893959701957954,1162010100115340004,11620,27.39,[],봉천동,B,False,27.39,2025-11-28,185000000,192431337.5665218,0.15126369090997221,-0.1640067309138206
B,B0 ㎡단가,"㎡당 543만원(같은 건물 3건+법정동, 기준일 시점보정) × 39.18㎡",212934768.0925187,123624678.66447006,366765082.4450301,0.6,"㎡당 543만원(같은 건물 3건+법정동, 기준일 시점보정) × 39.18㎡",㎡단가,같은 건물,3,법정동,,0.5303289589715827,0.15672249746313036,-0.29759725718495034,1162010200106110079,11620,39.18,[],신림동,B,False,39.18,2025-11-28,195000000,202833031.4890365,0.04980321266868313,0.04860273009874795
B,B0 ㎡단가,"㎡당 508만원(법정동 13153건, 기준일 시점보정) × 53.5㎡",271615624.81391793,140879314.79084694,523675514.4116322,0.45,"㎡당 508만원(법정동 13153건, 기준일 시점보정) × 53.5㎡",㎡단가,법정동,13153,법정동,,0.5122380792777933,,,1150010300101110141,11500,53.5,[],화곡동,B,False,53.5,2025-11-29,197000000,203936075.7883344,0.33186648690753595,0.2865813320399261
B,B0 ㎡단가,"㎡당 571만원(같은 건물 1건+법정동, 기준일 시점보정) × 62.94㎡",359475120.0555996,240140340.83451107,538111845.306488,0.6,"㎡당 571만원(같은 건물 1건+법정동, 기준일 시점보정) × 62.94㎡",㎡단가,같은 건물,1,법정동,,0.3934744282256035,0.0,-0.16688396314047793,1162010100106730058,11620,62.94,[],봉천동,B,False,62.94,2025-12-03,305000000,324683550.999581,0.10715531768981883,0.10179394893418706
B,B0 ㎡단가,"㎡당 1,468만원(같은 건물 1건+법정동, 기준일 시점보정) × 47.26㎡",693543939.7065918,526362364.7912154,913825205.7487682,0.6,"㎡당 1,468만원(같은 건물 1건+법정동, 기준일 시점보정) × 47.26㎡",㎡단가,같은 건물,1,법정동,,0.26902379359414275,0.0,-0.2532136653596204,1168010100107470006,11680,47.26,[],역삼동,B,False,47.26,2025-12-03,530000000,523064318.1381003,0.32592477761689187,0.2821101613588243
B,B0 ㎡단가,"㎡당 381만원(같은 건물 4건+법정동, 기준일 시점보정) × 57.31㎡",218615700.01255476,129299049.67411596,369630128.0824252,0.6,"㎡당 381만원(같은 건물 4건+법정동, 기준일 시점보정) × 57.31㎡",㎡단가,같은 건물,4,법정동,,0.5122380792777933,0.02715199872800941,-0.4287990053453097,1150010300103680017,11500,57.31,[],화곡동,B,False,57.31,2025-12-05,201000000,206853841.95830286,0.05686071838405998,0.055302927518788014
B,B0 ㎡단가,"㎡당 508만원(법정동 13153건, 기준일 시점보정) × 55.44㎡",281464864.2931517,145987835.73840293,542664869.5136616,0.45,"㎡당 508만원(법정동 13153건, 기준일 시점보정) × 55.44㎡",㎡단가,법정동,13153,법정동,,0.5122380792777933,,,1150010300104100283,11500,55.44,[],화곡동,B,False,55.44,2025-12-09,217000000,223319819.4276205,0.26036670195489026,0.23140271191894357
B,B0 ㎡단가,"㎡당 373만원(같은 건물 1건+법정동, 기준일 시점보정) × 43.71㎡",162952423.4634086,96377311.85227251,275516008.9264507,0.6,"㎡당 373만원(같은 건물 1건+법정동, 기준일 시점보정) × 43.71㎡",㎡단가,같은 건물,1,법정동,,0.5122380792777933,0.0,-0.9264747004928697,1150010300103940023,11500,43.71,[],화곡동,B,False,43.71,2025-12-09,170000000,174951010.6114999,0.06858255408844505,-0.07104771776157265
B,B0 ㎡단가,"㎡당 627만원(같은 건물 1건+법정동, 기준일 시점보정) × 79.29㎡",497264340.12156725,332187741.1242589,744373718.0657809,0.6,"㎡당 627만원(같은 건물 1건+법정동, 기준일 시점보정) × 79.29㎡",㎡단가,같은 건물,1,법정동,,0.3934744282256035,0.0,0.11375602537496476,1162010100109180002,11620,79.29,[],봉천동,B,False,79.29,2025-12-11,435000000,463073261.2616975,0.0738351395343194,0.07123648293943931
B,B0 ㎡단가,"㎡당 2,914만원(같은 건물 8건+법정동, 기준일 시점보정) × 16.76㎡",488346720.4514265,360645975.14417106,661264885.2668561,0.6,"㎡당 2,914만원(같은 건물 8건+법정동, 기준일 시점보정) × 16.76㎡",㎡단가,같은 건물,8,법정동,,0.29565469668644057,0.06416321137286057,0.13797691272047885,1168011400106420005,11680,16.76,[],일원동,B,False,16.76,2025-12-13,578000000,570436180.9128716,0.14390647579555169,-0.15537565156034613
B,B0 ㎡단가,"㎡당 569만원(같은 건물 2건+법정동, 기준일 시점보정) × 51.3㎡",291735438.3414103,194888168.02113047,436709764.62268806,0.6,"㎡당 569만원(같은 건물 2건+법정동, 기준일 시점보정) × 51.3㎡",㎡단가,같은 건물,2,법정동,,0.3934744282256035,0.11580017804495059,-0.11986891489532425,1162010100101800097,11620,51.3,[],봉천동,B,False,51.3,2025-12-13,250000000,266134058.19637787,0.09619730867419225,0.09184719848564298
B,B0 ㎡단가,"㎡당 437만원(같은 건물 2건+법정동, 기준일 시점보정) × 61.71㎡",269510572.74113435,159400541.36347085,455681945.606616,0.6,"㎡당 437만원(같은 건물 2건+법정동, 기준일 시점보정) × 61.71㎡",㎡단가,같은 건물,2,법정동,,0.5122380792777933,0.032858938656401084,-0.3010892814016941,1150010300100550075,11500,61.71,[],화곡동,B,False,61.71,2025-12-14,223000000,229494560.9786146,0.17436583939890685,0.16072829074976816
B,B0 ㎡단가,"㎡당 2,457만원(같은 건물 3건+법정동, 기준일 시점보정) × 39.6㎡",973013342.9445883,625492221.0921504,1513615891.0099742,0.6,"㎡당 2,457만원(같은 건물 3건+법정동, 기준일 시점보정) × 39.6㎡",㎡단가,같은 건물,3,법정동,,0.4309641285959724,0.0025077307717554778,0.34321195180254804,1168010500100270005,11680,39.6,[],삼성동,B,False,39.6,2025-12-14,760000000,750054493.9338796,0.2972568670861979,0.2602519328236401
B,B0 ㎡단가,"㎡당 1,849만원(같은 건물 7건+법정동, 기준일 시점보정) × 27.74㎡",512911487.89409,389272096.8922744,675820837.1830269,0.6,"㎡당 1,849만원(같은 건물 7건+법정동, 기준일 시점보정) × 27.74㎡",㎡단가,같은 건물,7,법정동,,0.26902379359414275,0.05098425717760573,0.18857956721711489,1168010100107810018,11680,27.74,[],역삼동,B,False,27.74,2025-12-15,530000000,523064318.1381003,0.01941029026822235,-0.01960114366895586
B,B0 ㎡단가,"㎡당 508만원(법정동 13153건, 기준일 시점보정) × 35.95㎡",182515546.01981953,94665633.02300832,351890369.0298723,0.45,"㎡당 508만원(법정동 13153건, 기준일 시점보정) × 35.95㎡",㎡단가,법정동,13153,법정동,,0.5122380792777933,,,1150010300104100226,11500,35.95,[],화곡동,B,False,35.95,2025-12-16,55000000,56601797.55077939,2.224553881987205,1.1707946095123394
B,B0 ㎡단가,"㎡당 733만원(같은 건물 3건+법정동, 기준일 시점보정) × 29.91㎡",219110606.89933613,129591759.6219117,370466904.6540043,0.6,"㎡당 733만원(같은 건물 3건+법정동, 기준일 시점보정) × 29.91㎡",㎡단가,같은 건물,3,법정동,,0.5122380792777933,0.38732140189511566,0.6111291918578061,1150010300110440011,11500,29.91,[],화곡동,B,False,29.91,2025-12-16,220000000,226407190.20311755,0.03222770132536607,-0.03275844801806353
B,B0 ㎡단가,"㎡당 645만원(같은 건물 2건+법정동, 기준일 시점보정) × 48.26㎡",311406556.23530763,180794972.06333265,536375775.05398613,0.6,"㎡당 645만원(같은 건물 2건+법정동, 기준일 시점보정) × 48.26㎡",㎡단가,같은 건물,2,법정동,,0.5303289589715827,0.0204247069153662,-0.013763108935028967,1162010200100920006,11620,48.26,[],신림동,B,False,48.26,2025-12-17,199000000,211842710.32431677,0.46998948303939936,0.3852552463700857
B,B0 ㎡단가,"㎡당 2,000만원(법정동 248건, 기준일 시점보정) × 122.08㎡",2441378391.8781962,1405283648.2658846,4241370387.8820424,0.45,"㎡당 2,000만원(법정동 248건, 기준일 시점보정) × 122.08㎡",㎡단가,법정동,248,법정동,,0.4309641285959724,,,1168010500100950006,11680,122.08,[],삼성동,B,False,122.08,2025-12-17,1700000000,1677753473.2731519,0.4551472732851974,0.3751071142538965
B,B0 ㎡단가,"㎡당 604만원(법정동 3717건, 기준일 시점보정) × 40.07㎡",241947071.2552035,146122039.74318454,400612976.60403675,0.45,"㎡당 604만원(법정동 3717건, 기준일 시점보정) × 40.07㎡",㎡단가,법정동,3717,법정동,,0.3934744282256035,,,1162010100100410305,11620,40.07,[],봉천동,B,False,40.07,2025-12-17,415450000,442261577.91074073,0.4529321936620179,-0.6031825238441063
B,B0 ㎡단가,"㎡당 466만원(같은 건물 1건+법정동, 기준일 시점보정) × 63㎡",293306025.59998447,173474230.67781493,495914720.6886022,0.6,"㎡당 466만원(같은 건물 1건+법정동, 기준일 시점보정) × 63㎡",㎡단가,같은 건물,1,법정동,,0.5122380792777933,0.0,-0.25987342609283637,1150010300101050090,11500,63.0,[],화곡동,B,False,63.0,2025-12-17,295000000,303591459.590544,0.033879194113139936,-0.03446639473480812
B,B0 ㎡단가,"㎡당 721만원(같은 건물 7건+법정동, 기준일 시점보정) × 36.5㎡",262989792.20531875,155543861.69057447,444656767.88830715,0.6,"㎡당 721만원(같은 건물 7건+법정동, 기준일 시점보정) × 36.5㎡",㎡단가,같은 건물,7,법정동,,0.5122380792777933,0.11246055588405175,0.4501243144680842,1150010300103540024,11500,36.5,[],화곡동,B,False,36.5,2025-12-18,273000000,280950740.5702322,0.06392917252490238,-0.06606413498802594
B,B0 ㎡단가,"㎡당 565만원(같은 건물 2건+법정동, 기준일 시점보정) × 64.5㎡",364223355.7131277,215417894.32378542,615820023.9741365,0.6,"㎡당 565만원(같은 건물 2건+법정동, 기준일 시점보정) × 64.5㎡",㎡단가,같은 건물,2,법정동,,0.5122380792777933,0.1662923834347788,0.21279160269849484,1150010300107890012,11500,64.5,[],화곡동,B,False,64.5,2025-12-18,250000000,257280897.95808813,0.4156641966185177,0.347598817866483
B,B0 ㎡단가,"㎡당 1,392만원(법정동 1045건, 기준일 시점보정) × 34.45㎡",479506408.40673476,308621138.4702406,745011818.8365681,0.45,"㎡당 1,392만원(법정동 1045건, 기준일 시점보정) × 34.45㎡",㎡단가,법정동,1045,법정동,,0.3438224277939293,,,1168010300106600025,11680,34.45,[],개포동,B,False,34.45,2025-12-18,416000000,410556144.04801834,0.16794356961481025,0.15524456955294139
B,B0 ㎡단가,"㎡당 604만원(법정동 3717건, 기준일 시점보정) × 53.66㎡",324004987.36097354,195680275.83277458,536483462.0557174,0.45,"㎡당 604만원(법정동 3717건, 기준일 시점보정) × 53.66㎡",㎡단가,법정동,3717,법정동,,0.3934744282256035,,,1162010100116880022,11620,53.66,[],봉천동,B,False,53.66,2025-12-19,243000000,258682304.56687927,0.25252087847085747,0.22515822327575963
B,B0 ㎡단가,"㎡당 1,405만원(법정동 1091건, 기준일 시점보정) × 61.68㎡",866822576.6000091,583296448.9540942,1288163815.5877285,0.45,"㎡당 1,405만원(법정동 1091건, 기준일 시점보정) × 61.68㎡",㎡단가,법정동,1091,법정동,,0.3090970422543099,,,1168010800101240026,11680,61.68,[],논현동,B,False,61.68,2025-12-19,555000000,547737163.3332937,0.5825520607820334,0.45903877230362505
B,B0 ㎡단가,"㎡당 415만원(같은 건물 2건+법정동, 기준일 시점보정) × 40.28㎡",167116150.0873338,98839924.99279913,282555937.0066997,0.6,"㎡당 415만원(같은 건물 2건+법정동, 기준일 시점보정) × 40.28㎡",㎡단가,같은 건물,2,법정동,,0.5122380792777933,0.021383266171024855,-0.40374451316214355,1150010300101660019,11500,40.28,[],화곡동,B,False,40.28,2025-12-20,160000000,164659774.6931764,0.014917883853142449,0.014807706613216808
B,B0 ㎡단가,"㎡당 662만원(같은 건물 2건+법정동, 기준일 시점보정) × 29.99㎡",198662562.92004544,132712649.38529944,297385472.2120614,0.6,"㎡당 662만원(같은 건물 2건+법정동, 기준일 시점보정) × 29.99㎡",㎡단가,같은 건물,2,법정동,,0.3934744282256035,0.01785444466358537,0.18530533042889452,1162010100100410037,11620,29.99,[],봉천동,B,False,29.99,2025-12-23,220000000,234197971.2128125,0.15173234895564716,-0.1645590667581664
B,B0 ㎡단가,"㎡당 701만원(같은 건물 5건+법정동, 기준일 시점보정) × 28.78㎡",201788319.31363326,117153325.20310877,347566112.5352362,0.6,"㎡당 701만원(같은 건물 5건+법정동, 기준일 시점보정) × 28.78㎡",㎡단가,같은 건물,5,법정동,,0.5303289589715827,0.19906164747987215,0.10662500069679126,1162010200106460467,11620,28.78,[],신림동,B,False,28.78,2025-12-23,170000000,180971159.57353696,0.11503026111537581,0.10888154455758846
B,B0 ㎡단가,"㎡당 1,543만원(같은 건물 1건+법정동, 기준일 시점보정) × 29.79㎡",459518380.6559136,348749614.3494565,605469177.5201448,0.6,"㎡당 1,543만원(같은 건물 1건+법정동, 기준일 시점보정) × 29.79㎡",㎡단가,같은 건물,1,법정동,,0.26902379359414275,0.0,-0.10364611427135628,1168010100107920033,11680,29.79,[],역삼동,B,False,29.79,2025-12-23,365000000,360223539.8498238,0.27564784035903256,0.2434541596516863
B,B0 ㎡단가,"㎡당 1,436만원(같은 건물 8건+법정동, 기준일 시점보정) × 14.04㎡",201579966.27928275,146829954.06972045,276745185.0176427,0.6,"㎡당 1,436만원(같은 건물 8건+법정동, 기준일 시점보정) × 14.04㎡",㎡단가,같은 건물,8,법정동,,0.3090970422543099,0.06663493835765502,0.026751466328786222,1168010800102440017,11680,14.04,[],논현동,B,False,14.04,2025-12-23,179500000,177151028.5014887,0.13789893281702723,0.1291835205273474
B,B0 ㎡단가,"㎡당 556만원(같은 건물 1건+법정동, 기준일 시점보정) × 33.82㎡",187906834.9404878,125527495.14559917,281284817.9308995,0.6,"㎡당 556만원(같은 건물 1건+법정동, 기준일 시점보정) × 33.82㎡",㎡단가,같은 건물,1,법정동,,0.3934744282256035,0.0,-0.24959137819000965,1162010100116280021,11620,33.82,[],봉천동,B,False,33.82,2025-12-24,160000000,170325797.24568182,0.10322005227104084,0.09823322379209956
B,B0 ㎡단가,"㎡당 915만원(같은 건물 3건+법정동, 기준일 시점보정) × 27.42㎡",251024797.16998482,167692218.4238802,375768472.6607361,0.6,"㎡당 915만원(같은 건물 3건+법정동, 기준일 시점보정) × 27.42㎡",㎡단가,같은 건물,3,법정동,,0.3934744282256035,0.27270713856788065,0.6936466497632843,1162010100115860014,11620,27.42,[],봉천동,B,False,27.42,2025-12-25,260000000,276779420.524233,0.09305107766129332,-0.09766914540455866
B,B0 ㎡단가,"㎡당 448만원(같은 건물 4건+법정동, 기준일 시점보정) × 47.92㎡",214666522.07456663,126963330.17022614,362952953.72141176,0.6,"㎡당 448만원(같은 건물 4건+법정동, 기준일 시점보정) × 47.92㎡",㎡단가,같은 건물,4,법정동,,0.5122380792777933,0.03496876520587827,-0.1877301882520097,1150010300104080027,11500,47.92,[],화곡동,B,False,47.92,2025-12-25,228000000,234640178.93777636,0.08512462338560732,-0.0889674234041642
B,B0 ㎡단가,"㎡당 420만원(같은 건물 2건+법정동, 기준일 시점보정) × 69.07㎡",290373899.0600652,171740040.61226135,490957152.1862394,0.6,"㎡당 420만원(같은 건물 2건+법정동, 기준일 시점보정) × 69.07㎡",㎡단가,같은 건물,2,법정동,,0.5122380792777933,0.03769068913079375,-0.37731470471437234,1150010300100290016,11500,69.07,[],화곡동,B,False,69.07,2025-12-26,233000000,239785796.89693812,0.21097205429923888,0.19142338775575182
B,B0 ㎡단가,"㎡당 604만원(법정동 3717건, 기준일 시점보정) × 70.31㎡",424539520.33824134,256397320.04849735,702947301.8475113,0.45,"㎡당 604만원(법정동 3717건, 기준일 시점보정) × 70.31㎡",㎡단가,법정동,3717,법정동,,0.3934744282256035,,,1162010100109100026,11620,70.31,[],봉천동,B,False,70.31,2025-12-26,500000000,532268116.39275575,0.20239535816010154,-0.2261422405922927
B,B0 ㎡단가,"㎡당 1,008만원(같은 건물 5건+법정동, 기준일 시점보정) × 26.68㎡",269059531.0392054,189126934.61091578,382774835.28175807,0.6,"㎡당 1,008만원(같은 건물 5건+법정동, 기준일 시점보정) × 26.68㎡",㎡단가,같은 건물,5,법정동,,0.3438224277939293,0.2798029958914658,-0.45112175149296796,1168010300112550002,11680,26.68,[],개포동,B,False,26.68,2025-12-26,349500000,344926375.8288039,0.2199508361959923,-0.2483983307668807
B,B0 ㎡단가,"㎡당 1,407만원(같은 건물 3건+법정동, 기준일 시점보정) × 36.84㎡",518374448.3290826,364375014.0143465,737460194.4300736,0.6,"㎡당 1,407만원(같은 건물 3건+법정동, 기준일 시점보정) × 36.84㎡",㎡단가,같은 건물,3,법정동,,0.3438224277939293,0.01829605083952675,0.018108969006707554,1168010300101600007,11680,36.84,[],개포동,B,False,36.84,2025-12-27,880000000,868484150.870808,0.40312733651003174,-0.5160514823265853
B,B0 ㎡단가,"㎡당 1,595만원(같은 건물 1건+법정동, 기준일 시점보정) × 56.36㎡",898664770.6636089,630802449.395246,1280271455.5184846,0.6,"㎡당 1,595만원(같은 건물 1건+법정동, 기준일 시점보정) × 56.36㎡",㎡단가,같은 건물,1,법정동,,0.3451909092995672,0.0,-0.1436488410813297,1168010600109160044,11680,56.36,[],대치동,B,False,56.36,2025-12-27,840000000,829007598.5584986,0.08402476916524301,0.08068075253983657
B,B0 ㎡단가,"㎡당 1,561만원(같은 건물 1건+법정동, 기준일 시점보정) × 69.9㎡",1091276962.0712094,766003300.8023617,1554673989.9161751,0.6,"㎡당 1,561만원(같은 건물 1건+법정동, 기준일 시점보정) × 69.9㎡",㎡단가,같은 건물,1,법정동,,0.3451909092995672,0.0,-0.2069855053294134,1168010600109170025,11680,69.9,[],대치동,B,False,69.9,2025-12-29,950000000,937568117.4173496,0.1639441890123892,0.15181440057586584
B,B0 ㎡단가,"㎡당 419만원(같은 건물 3건+법정동, 기준일 시점보정) × 52.31㎡",219049650.4866975,146331845.4957886,327903671.3831731,0.6,"㎡당 419만원(같은 건물 3건+법정동, 기준일 시점보정) × 52.31㎡",㎡단가,같은 건물,3,법정동,,0.3934744282256035,0.1414232395049262,-0.6099670041275846,1162010100106490090,11620,52.31,[],봉천동,B,False,52.31,2025-12-29,162000000,172454869.71125287,0.27018535836917723,0.23916284129241325
B,B0 ㎡단가,"㎡당 652만원(같은 건물 4건+법정동, 기준일 시점보정) × 29.72㎡",193644487.28370774,114529963.67130515,327409406.7032784,0.6,"㎡당 652만원(같은 건물 4건+법정동, 기준일 시점보정) × 29.72㎡",㎡단가,같은 건물,4,법정동,,0.5122380792777933,0.13036684840099824,0.3742461740791061,1150010300103660064,11500,29.72,[],화곡동,B,False,29.72,2025-12-30,220000000,226407190.20311755,0.1447069896058393,-0.15631116653897564
B,B0 ㎡단가,"㎡당 546만원(같은 건물 2건+법정동, 기준일 시점보정) × 49.73㎡",271572954.84755147,160620325.8821917,459168971.296473,0.6,"㎡당 546만원(같은 건물 2건+법정동, 기준일 시점보정) × 49.73㎡",㎡단가,같은 건물,2,법정동,,0.5122380792777933,0.0,0.14583234391487565,1150010300101610030,11500,49.73,[],화곡동,B,False,49.73,2025-12-30,255000000,262426515.9172499,0.034853333697368045,0.034259710103416094
B,B0 ㎡단가,"㎡당 550만원(같은 건물 3건+법정동, 기준일 시점보정) × 54.15㎡",297693481.09982723,172833498.5927864,512755972.71877474,0.6,"㎡당 550만원(같은 건물 3건+법정동, 기준일 시점보정) × 54.15㎡",㎡단가,같은 건물,3,법정동,,0.5303289589715827,0.02337572301853948,-0.2784523512094186,1162010200100980381,11620,54.15,[],신림동,B,False,54.15,2026-01-01,220000000,229446755.3260027,0.29744036117162864,0.26039337058658074
B,B0 ㎡단가,"㎡당 687만원(같은 건물 2건+법정동, 기준일 시점보정) × 23.41㎡",160748939.66914606,95074073.5187306,271790411.9219628,0.6,"㎡당 687만원(같은 건물 2건+법정동, 기준일 시점보정) × 23.41㎡",㎡단가,같은 건물,2,법정동,,0.5122380792777933,0.1110947101871948,0.6039484330939011,1150010300103600002,11500,23.41,[],화곡동,B,False,23.41,2026-01-02,185000000,186863757.08696425,0.13975325030880467,-0.15053601264217598
B,B0 ㎡단가,"㎡당 974만원(같은 건물 30건+법정동, 기준일 시점보정) × 27.5㎡",267898125.8508991,158446868.54607746,452955659.47744256,0.6,"㎡당 974만원(같은 건물 30건+법정동, 기준일 시점보정) × 27.5㎡",㎡단가,같은 건물,30,법정동,,0.5122380792777933,0.037982559179558825,0.6951621410685398,1150010300103620023,11500,27.5,[],화곡동,B,False,27.5,2026-01-02,260000000,262619334.2843822,0.020100544314078067,0.019901195295134146
B,B0 ㎡단가,"㎡당 422만원(같은 건물 4건+법정동, 기준일 시점보정) × 42.69㎡",180348765.2653002,106666282.23574227,304929322.0966831,0.6,"㎡당 422만원(같은 건물 4건+법정동, 기준일 시점보정) × 42.69㎡",㎡단가,같은 건물,4,법정동,,0.5122380792777933,0.05644533684759455,-0.27566761299973663,1150010300104670008,11500,42.69,[],화곡동,B,False,42.69,2026-01-03,180000000,181813385.27380306,0.008055622562096772,-0.008088244400454863
B,B0 ㎡단가,"㎡당 743만원(같은 건물 2건+법정동, 기준일 시점보정) × 38.87㎡",288818425.13344353,192939514.25652072,432343177.69483733,0.6,"㎡당 743만원(같은 건물 2건+법정동, 기준일 시점보정) × 38.87㎡",㎡단가,같은 건물,2,법정동,,0.3934744282256035,0.2606954445934816,0.4149687905843784,1162010100106350398,11620,38.87,[],봉천동,B,False,38.87,2026-01-03,280000000,292023143.1421852,0.010974191888556275,-0.01103485254171394
B,B0 ㎡단가,"㎡당 476만원(같은 건물 3건+법정동, 기준일 시점보정) × 52.52㎡",249970726.5906118,145126843.4324522,430556902.32332206,0.6,"㎡당 476만원(같은 건물 3건+법정동, 기준일 시점보정) × 52.52㎡",㎡단가,같은 건물,3,법정동,,0.5303289589715827,0.18778652598695184,-0.5187133992967965,1162010200105980039,11620,52.52,[],신림동,B,False,52.52,2026-01-05,240000000,250305551.26473022,0.001337663797013872,-0.0013385592678791392
B,B0 ㎡단가,"㎡당 508만원(법정동 13153건, 기준일 시점보정) × 43.44㎡",220541733.49376813,114388737.09372693,425204941.04750097,0.45,"㎡당 508만원(법정동 13153건, 기준일 시점보정) × 43.44㎡",㎡단가,법정동,13153,법정동,,0.5122380792777933,,,1150010300104090155,11500,43.44,[],화곡동,B,False,43.44,2026-01-05,140000000,141410410.7685135,0.5595862588560845,0.4444205674027541
B,B0 ㎡단가,"㎡당 604만원(법정동 3717건, 기준일 시점보정) × 59.49㎡",359207169.1782384,216940357.9815828,594770800.5533835,0.45,"㎡당 604만원(법정동 3717건, 기준일 시점보정) × 59.49㎡",㎡단가,법정동,3717,법정동,,0.3934744282256035,,,1162010100117180005,11620,59.49,[],봉천동,B,False,59.49,2026-01-05,580170000,605082381.9885771,0.4063499783323396,-0.5214653223712874
B,B0 ㎡단가,"㎡당 615만원(같은 건물 2건+법정동, 기준일 시점보정) × 84.21㎡",517520584.76775736,300459697.43355626,891392615.8685192,0.6,"㎡당 615만원(같은 건물 2건+법정동, 기준일 시점보정) × 84.21㎡",㎡단가,같은 건물,2,법정동,,0.5303289589715827,0.05428219231813596,-0.11128436975330658,1162010200104630006,11620,84.21,[],신림동,B,False,84.21,2026-01-06,450000000,469322908.6213691,0.10269619330530524,0.09775826561847521
B,B0 ㎡단가,"㎡당 576만원(같은 건물 2건+법정동, 기준일 시점보정) × 47.62㎡",274499369.67519635,159367569.10901108,472805755.7340228,0.6,"㎡당 576만원(같은 건물 2건+법정동, 기준일 시점보정) × 47.62㎡",㎡단가,같은 건물,2,법정동,,0.5303289589715827,0.0722206372185411,-0.23936336777834377,1162010200107530001,11620,47.62,[],신림동,B,False,47.62,2026-01-06,200000000,208587959.38727516,0.31598856655741414,0.2745881448391032
B,B0 ㎡단가,"㎡당 1,438만원(같은 건물 2건+법정동, 기준일 시점보정) × 57.41㎡",825840394.5592974,626768223.5162218,1088141248.54593,0.6,"㎡당 1,438만원(같은 건물 2건+법정동, 기준일 시점보정) × 57.41㎡",㎡단가,같은 건물,2,법정동,,0.26902379359414275,0.293257127377317,-0.20874371342034337,1168010100107810001,11680,57.41,[],역삼동,B,False,57.41,2026-01-06,830000000,796850567.7607646,0.03638050592094997,0.035734360112621655
B,B0 ㎡단가,"㎡당 474만원(같은 건물 5건+법정동, 기준일 시점보정) × 38.86㎡",184296835.5079555,109001346.5993386,311604623.59326947,0.6,"㎡당 474만원(같은 건물 5건+법정동, 기준일 시점보정) × 38.86㎡",㎡단가,같은 건물,5,법정동,,0.5122380792777933,0.08925023659743847,-0.09537362610995181,1150010300100240294,11500,38.86,[],화곡동,B,False,38.86,2026-01-09,150000000,151511154.3948359,0.21639120396166073,0.19588844558945262
B,B0 ㎡단가,"㎡당 545만원(같은 건물 4건+법정동, 기준일 시점보정) × 68.32㎡",372559707.60377496,216298984.653525,641707754.4406693,0.6,"㎡당 545만원(같은 건물 4건+법정동, 기준일 시점보정) × 68.32㎡",㎡단가,같은 건물,4,법정동,,0.5303289589715827,0.09167585861360829,-0.26277456472286076,1162010200103060044,11620,68.32,[],신림동,B,False,68.32,2026-01-09,250000000,260734949.23409396,0.42888288930258484,0.3568929426870879
B,B0 ㎡단가,"㎡당 1,392만원(법정동 1045건, 기준일 시점보정) × 46.46㎡",646672503.1807517,416213007.06320405,1004738725.7807534,0.45,"㎡당 1,392만원(법정동 1045건, 기준일 시점보정) × 46.46㎡",㎡단가,법정동,1045,법정동,,0.3438224277939293,,,1168010300112090006,11680,46.46,[],개포동,B,False,46.46,2026-01-10,600000000,576036555.0077816,0.12262407230738306,0.1156688666484376
B,B0 ㎡단가,"㎡당 1,381만원(같은 건물 2건+법정동, 기준일 시점보정) × 63.71㎡",879642311.6800433,617449957.8855444,1253171348.7317834,0.6,"㎡당 1,381만원(같은 건물 2건+법정동, 기준일 시점보정) × 63.71㎡",㎡단가,같은 건물,2,법정동,,0.3451909092995672,0.056391577932028654,-0.3837190176955616,1168010600109170022,11680,63.71,[],대치동,B,False,63.71,2026-01-12,880000000,844853614.011413,0.04117718986068089,0.0403519863499715
B,B0 ㎡단가,"㎡당 395만원(같은 건물 6건+법정동, 기준일 시점보정) × 45.81㎡",181077627.11965847,107097363.55838662,306161664.058241,0.6,"㎡당 395만원(같은 건물 6건+법정동, 기준일 시점보정) × 45.81㎡",㎡단가,같은 건물,6,법정동,,0.5122380792777933,0.09000333355736977,-0.33371047781181673,1150010300104100020,11500,45.81,[],화곡동,B,False,45.81,2026-01-13,140000000,141410410.7685135,0.28051128722113355,0.2472594413168627
B,B0 ㎡단가,"㎡당 508만원(법정동 13153건, 기준일 시점보정) × 57.54㎡",292126412.18304366,151517678.00122115,563220356.9952395,0.45,"㎡당 508만원(법정동 13153건, 기준일 시점보정) × 57.54㎡",㎡단가,법정동,13153,법정동,,0.5122380792777933,,,1150010300104100039,11500,57.54,[],화곡동,B,False,57.54,2026-01-13,240000000,242417847.03173742,0.2050532407574694,0.18652374916778888
B,B0 ㎡단가,"㎡당 524만원(같은 건물 1건+법정동, 기준일 시점보정) × 29.97㎡",157088907.09255296,92909367.44362886,265602117.53142142,0.6,"㎡당 524만원(같은 건물 1건+법정동, 기준일 시점보정) × 29.97㎡",㎡단가,같은 건물,1,법정동,,0.5122380792777933,0.0,0.09572634616662157,1150010300104780013,11500,29.97,[],화곡동,B,False,29.97,2026-01-13,179000000,180803310.91117084,0.13116133603476338,-0.14059782807026505
B,B0 ㎡단가,"㎡당 558만원(같은 건물 2건+법정동, 기준일 시점보정) × 41.16㎡",229681662.78146186,153434353.88587284,343819130.9965451,0.6,"㎡당 558만원(같은 건물 2건+법정동, 기준일 시점보정) × 41.16㎡",㎡단가,같은 건물,2,법정동,,0.3934744282256035,0.39949777625402505,-0.15772739877601083,1162010100108980009,11620,41.16,[],봉천동,B,False,41.16,2026-01-13,225000000,234661454.31068456,0.021221173898588415,-0.02144958015535935
B,B0 ㎡단가,"㎡당 534만원(같은 건물 2건+법정동, 기준일 시점보정) × 27.36㎡",146219804.35971847,84891614.88413115,251853274.50981224,0.6,"㎡당 534만원(같은 건물 2건+법정동, 기준일 시점보정) × 27.36㎡",㎡단가,같은 건물,2,법정동,,0.5303289589715827,0.2019363656012657,-0.3906978027760797,1162010200106460142,11620,27.36,[],신림동,B,False,27.36,2026-01-14,130000000,135582173.60172886,0.0784589188637552,0.07553309512832085
B,B0 ㎡단가,"㎡당 398만원(같은 건물 1건+법정동, 기준일 시점보정) × 63.96㎡",254320624.87350544,150416530.49979094,429999149.8350653,0.6,"㎡당 398만원(같은 건물 1건+법정동, 기준일 시점보정) × 63.96㎡",㎡단가,같은 건물,1,법정동,,0.5122380792777933,0.0,-0.7331051496828191,1150010300101050427,11500,63.96,[],화곡동,B,False,63.96,2026-01-15,240000000,242417847.03173742,0.04910025391080101,0.0479328957825359
B,B0 ㎡단가,"㎡당 1,743만원(같은 건물 10건+법정동, 기준일 시점보정) × 40.59㎡",707640051.6619134,537060551.8827266,932398480.8800871,0.6,"㎡당 1,743만원(같은 건물 10건+법정동, 기준일 시점보정) × 40.59㎡",㎡단가,같은 건물,10,법정동,,0.26902379359414275,0.09654706639257563,0.1054307418005358,1168010100107780023,11680,40.59,[],역삼동,B,False,40.59,2026-01-16,690000000,662442038.2589488,0.06822938580672724,0.06600249819383631
B,B0 ㎡단가,"㎡당 1,359만원(같은 건물 1건+법정동, 기준일 시점보정) × 243.21㎡",3305055195.3378806,2508358257.9057817,4354796532.673052,0.6,"㎡당 1,359만원(같은 건물 1건+법정동, 기준일 시점보정) × 243.21㎡",㎡단가,같은 건물,1,법정동,,0.26902379359414275,0.0,-0.48381508626113856,1168010100107930032,11680,243.21,[],역삼동,B,False,243.21,2026-01-16,2950000000,2832179728.7882595,0.16696520412987337,0.15440653634736426
B,B0 ㎡단가,"㎡당 1,326만원(같은 건물 1건+법정동, 기준일 시점보정) × 54.55㎡",723345109.3438562,508452693.2296896,1029059643.4608934,0.6,"㎡당 1,326만원(같은 건물 1건+법정동, 기준일 시점보정) × 54.55㎡",㎡단가,같은 건물,1,법정동,,0.3438224277939293,0.0,-0.14543860766952932,1168010300112020006,11680,54.55,[],개포동,B,False,54.55,2026-01-16,700000000,672042647.5090785,0.07633810447139022,0.07356463586815443
B,B0 ㎡단가,"㎡당 676만원(같은 건물 3건+법정동, 기준일 시점보정) × 42.84㎡",289585410.6416313,171273693.48725298,489623995.07501405,0.6,"㎡당 676만원(같은 건물 3건+법정동, 기준일 시점보정) × 42.84㎡",㎡단가,같은 건물,3,법정동,,0.5122380792777933,0.008793031341561945,0.4771196119108776,1150010300103660087,11500,42.84,[],화곡동,B,False,42.84,2026-01-19,270000000,272720077.9107046,0.06184118477866094,0.060004368114081365
B,B0 ㎡단가,"㎡당 572만원(같은 건물 1건+법정동, 기준일 시점보정) × 52.02㎡",297537989.35148746,198764449.01953188,445395821.7579767,0.6,"㎡당 572만원(같은 건물 1건+법정동, 기준일 시점보정) × 52.02㎡",㎡단가,같은 건물,1,법정동,,0.3934744282256035,0.0,-0.16253223496156544,1162010100101800322,11620,52.02,[],봉천동,B,False,52.02,2026-01-20,220000000,229446755.3260027,0.2967626799896967,0.25987091248550354
B,B0 ㎡단가,"㎡당 879만원(같은 건물 6건+법정동, 기준일 시점보정) × 29.66㎡",260691550.81232062,151351089.76525947,449022764.0272467,0.6,"㎡당 879만원(같은 건물 6건+법정동, 기준일 시점보정) × 29.66㎡",㎡단가,같은 건물,6,법정동,,0.5303289589715827,0.05826955072311788,0.4028810220976826,1162010200104090269,11620,29.66,[],신림동,B,False,29.66,2026-01-20,210000000,219017357.35663894,0.1902780398716122,0.1741869267831747
B,B0 ㎡단가,"㎡당 591만원(같은 건물 3건+법정동, 기준일 시점보정) × 56.24㎡",332320467.45350796,192937073.50185347,572398508.4051621,0.6,"㎡당 591만원(같은 건물 3건+법정동, 기준일 시점보정) × 56.24㎡",㎡단가,같은 건물,3,법정동,,0.5303289589715827,0.02877233014662406,-0.15817714708513186,1162010200107120016,11620,56.24,[],신림동,B,False,56.24,2026-01-20,310000000,323311337.0502765,0.027865185568269998,0.027484015989734035
B,B0 ㎡단가,"㎡당 1,890만원(같은 건물 3건+법정동, 기준일 시점보정) × 28.799㎡",544404878.038769,413173877.82176906,717317059.8172596,0.6,"㎡당 1,890만원(같은 건물 3건+법정동, 기준일 시점보정) × 28.799㎡",㎡단가,같은 건물,3,법정동,,0.26902379359414275,0.10146417635654624,0.2813294772662367,1168010100107510008,11680,28.799,[],역삼동,B,False,28.799,2026-01-20,520000000,499231681.0067441,0.09048543742442235,0.0866229525350047
B,B0 ㎡단가,"㎡당 467만원(같은 건물 1건+법정동, 기준일 시점보정) × 52.38㎡",244536347.8618438,144629673.8408982,413456131.3564898,0.6,"㎡당 467만원(같은 건물 1건+법정동, 기준일 시점보정) × 52.38㎡",㎡단가,같은 건물,1,법정동,,0.5122380792777933,0.0,-0.2516014442997747,1150010300110810029,11500,52.38,[],화곡동,B,False,52.38,2026-01-21,186750000,188631387.22157067,0.29637146534158654,0.2595691813530956
B,B0 ㎡단가,"㎡당 3,034만원(같은 건물 8건+법정동, 기준일 시점보정) × 17㎡",515814558.0049518,391475370.19800663,679645971.3807012,0.6,"㎡당 3,034만원(같은 건물 8건+법정동, 기준일 시점보정) × 17㎡",㎡단가,같은 건물,8,법정동,,0.26902379359414275,0.035189817016724634,0.8024738658314092,1168010100107430012,11680,17.0,[],역삼동,B,False,17.0,2026-01-21,790000000,758448130.7602458,0.3199079316235975,-0.3855270953058357
B,B0 ㎡단가,"㎡당 604만원(법정동 3717건, 기준일 시점보정) × 65.9㎡",397911454.84696436,240315508.33730552,658856879.4161702,0.45,"㎡당 604만원(법정동 3717건, 기준일 시점보정) × 65.9㎡",㎡단가,법정동,3717,법정동,,0.3934744282256035,,,1162010100117140000,11620,65.9,[],봉천동,B,False,65.9,2026-01-22,460000000,479752306.5907329,0.17058980357041892,-0.18704043750346414
B,B0 ㎡단가,"㎡당 650만원(법정동 5683건, 기준일 시점보정) × 72.96㎡",474038789.75751966,240235468.10378242,935385503.1002221,0.45,"㎡당 650만원(법정동 5683건, 기준일 시점보정) × 72.96㎡",㎡단가,법정동,5683,법정동,,0.5303289589715827,,,1162010200114590015,11620,72.96,[],신림동,B,False,72.96,2026-01-22,438000000,456807631.0581326,0.03772082059897608,0.037026789607224955
B,B0 ㎡단가,"㎡당 596만원(같은 건물 1건+법정동, 기준일 시점보정) × 72.39㎡",431795059.6439118,288452265.5629385,646370286.4979154,0.6,"㎡당 596만원(같은 건물 1건+법정동, 기준일 시점보정) × 72.39㎡",㎡단가,같은 건물,1,법정동,,0.3934744282256035,0.0,-0.036624466085882545,1162010100101800180,11620,72.39,[],봉천동,B,False,72.39,2026-01-22,380000000,396317122.8358228,0.08951906128665035,0.08573637069387247
B,B0 ㎡단가,"㎡당 962만원(같은 건물 8건+법정동, 기준일 시점보정) × 25.59㎡",246217541.74104178,145624006.6856379,416298653.22872335,0.6,"㎡당 962만원(같은 건물 8건+법정동, 기준일 시점보정) × 25.59㎡",㎡단가,같은 건물,8,법정동,,0.5122380792777933,0.015745326157369517,0.7991344276328718,1150010300107910001,11500,25.59,[],화곡동,B,False,25.59,2026-01-22,290000000,292921565.1633494,0.15944207930291115,-0.17368941631614435
B,B0 ㎡단가,"㎡당 1,719만원(같은 건물 9건+법정동, 기준일 시점보정) × 28.69㎡",493168076.9512568,374287915.10083526,649806585.5486606,0.6,"㎡당 1,719만원(같은 건물 9건+법정동, 기준일 시점보정) × 28.69㎡",㎡단가,같은 건물,9,법정동,,0.26902379359414275,0.07180438821924595,0.09013465067540594,1168010100107780038,11680,28.69,[],역삼동,B,False,28.69,2026-01-23,580000000,556835336.5075222,0.11433767827233669,-0.12141952774251583
B,B0 ㎡단가,"㎡당 444만원(같은 건물 1건+법정동, 기준일 시점보정) × 45.75㎡",202928135.81784958,120020726.37912579,343105974.68329996,0.6,"㎡당 444만원(같은 건물 1건+법정동, 기준일 시점보정) × 45.75㎡",㎡단가,같은 건물,1,법정동,,0.5122380792777933,0.0,-0.4051384650109888,1150010300100560663,11500,45.75,[],화곡동,B,False,45.75,2026-01-24,170000000,171712641.64748067,0.18178914418225012,0.16702951405398442
B,B0 ㎡단가,"㎡당 666만원(같은 건물 1건+법정동, 기준일 시점보정) × 47.71㎡",317645360.89324194,212196786.29666036,475495303.47710973,0.6,"㎡당 666만원(같은 건물 1건+법정동, 기준일 시점보정) × 47.71㎡",㎡단가,같은 건물,1,법정동,,0.3934744282256035,0.0,0.29311037955586094,1162010100100410387,11620,47.71,[],봉천동,B,False,47.71,2026-01-24,440000000,458893510.6520054,0.30780158463795915,-0.36788263706111995
B,B0 ㎡단가,"㎡당 756만원(같은 건물 1건+법정동, 기준일 시점보정) × 94.92㎡",717695572.5563675,502377504.87337667,1025298565.0638138,0.6,"㎡당 756만원(같은 건물 1건+법정동, 기준일 시점보정) × 94.92㎡",㎡단가,같은 건물,1,법정동,,0.3478987658625226,0.0,-0.3908046705121837,1162010300106020195,11620,94.92,[],남현동,B,False,94.92,2026-01-24,650000000,677910868.0086443,0.058687220437386264,0.05702966929914624
B,B0 ㎡단가,"㎡당 2,103만원(같은 건물 1건+법정동, 기준일 시점보정) × 79.35㎡",1668413548.9890852,1072523520.8998059,2595377832.007841,0.6,"㎡당 2,103만원(같은 건물 1건+법정동, 기준일 시점보정) × 79.35㎡",㎡단가,같은 건물,1,법정동,,0.4309641285959724,0.0,0.1503555909420875,1168010500100270015,11680,79.35,[],삼성동,B,False,79.35,2026-01-24,1650000000,1584100526.2713995,0.05322454056381052,0.05185644932165963
B,B0 ㎡단가,"㎡당 689만원(같은 건물 16건+법정동, 기준일 시점보정) × 57.02㎡",393109304.7180154,262609001.71784052,588460123.015589,0.6,"㎡당 689만원(같은 건물 16건+법정동, 기준일 시점보정) × 57.02㎡",㎡단가,같은 건물,16,법정동,,0.3934744282256035,0.08140188063788473,0.14916887437690107,1162010100106350562,11620,57.02,[],봉천동,B,False,57.02,2026-01-25,380000000,396317122.8358228,0.008094068948760282,-0.00812700376299729
B,B0 ㎡단가,"㎡당 444만원(같은 건물 8건+법정동, 기준일 시점보정) × 44.91㎡",199536635.72195876,118014842.35824727,337371708.5040471,0.6,"㎡당 444만원(같은 건물 8건+법정동, 기준일 시점보정) × 44.91㎡",㎡단가,같은 건물,8,법정동,,0.5122380792777933,0.1669046559389454,-0.16671112352853257,1150010300110450037,11500,44.91,[],화곡동,B,False,44.91,2026-01-26,300000000,303022308.7896718,0.34151173054239575,-0.4178085719930019
B,B0 ㎡단가,"㎡당 1,309만원(같은 건물 4건+법정동, 기준일 시점보정) × 52.62㎡",688961458.6583306,484283787.44973254,980144088.6886678,0.6,"㎡당 1,309만원(같은 건물 4건+법정동, 기준일 시점보정) × 52.62㎡",㎡단가,같은 건물,4,법정동,,0.3438224277939293,0.11263129014856865,-0.09173880868980078,1168010300111780002,11680,52.62,[],개포동,B,False,52.62,2026-01-26,570000000,547234727.2573925,0.25898709336528764,0.23030750351267157
B,B0 ㎡단가,"㎡당 460만원(같은 건물 1건+법정동, 기준일 시점보정) × 43.15㎡",198400012.76568124,117342592.98148234,335449933.952237,0.6,"㎡당 460만원(같은 건물 1건+법정동, 기준일 시점보정) × 43.15㎡",㎡단가,같은 건물,1,법정동,,0.5122380792777933,0.0,-0.29731028169998197,1150010300104100180,11500,43.15,[],화곡동,B,False,43.15,2026-01-27,172000000,173732790.37274516,0.1419836885139089,0.13276682786903496
B,B0 ㎡단가,"㎡당 1,684만원(같은 건물 6건+법정동, 기준일 시점보정) × 26.8㎡",451322105.5543186,342529084.5488788,594669627.0486099,0.6,"㎡당 1,684만원(같은 건물 6건+법정동, 기준일 시점보정) × 26.8㎡",㎡단가,같은 건물,6,법정동,,0.26902379359414275,0.058240413518939355,0.07096602614948111,1168010100107450039,11680,26.8,[],역삼동,B,False,26.8,2026-01-28,700000000,672042647.5090785,0.3284323439484965,-0.3981405144805923
B,B0 ㎡단가,"㎡당 619만원(같은 건물 5건+법정동, 기준일 시점보정) × 27.19㎡",168171617.00357926,99464175.07742329,284340494.892598,0.6,"㎡당 619만원(같은 건물 5건+법정동, 기준일 시점보정) × 27.19㎡",㎡단가,같은 건물,5,법정동,,0.5122380792777933,0.21411028204667476,0.27640124433290225,1150010300110500008,11500,27.19,[],화곡동,B,False,27.19,2026-01-29,210000000,212115616.15277025,0.20717003276902335,-0.2321464974489247
B,B0 ㎡단가,"㎡당 724만원(같은 건물 2건+법정동, 기준일 시점보정) × 51.19㎡",370825283.40729636,215292020.70922264,638720331.3950362,0.6,"㎡당 724만원(같은 건물 2건+법정동, 기준일 시점보정) × 51.19㎡",㎡단가,같은 건물,2,법정동,,0.5303289589715827,0.021827337371006984,0.21761801897855726,1162010200115760017,11620,51.19,[],신림동,B,False,51.19,2026-01-29,375000000,391102423.8511409,0.05184611295470345,-0.05323846179404383
B,B0 ㎡단가,"㎡당 583만원(같은 건물 3건+법정동, 기준일 시점보정) × 34.51㎡",201060503.298723,118916125.42937848,339948226.876459,0.6,"㎡당 583만원(같은 건물 3건+법정동, 기준일 시점보정) × 34.51㎡",㎡단가,같은 건물,3,법정동,,0.5122380792777933,0.3590144426229095,0.2294174469882151,1150010300103460012,11500,34.51,[],화곡동,B,False,34.51,2026-01-30,240000000,242417847.03173742,0.17060354358975843,-0.18705700365276948
B,B0 ㎡단가,"㎡당 932만원(같은 건물 6건+법정동, 기준일 시점보정) × 29.17㎡",271915176.8611282,160822731.20408988,459747591.98429984,0.6,"㎡당 932만원(같은 건물 6건+법정동, 기준일 시점보정) × 29.17㎡",㎡단가,같은 건물,6,법정동,,0.5122380792777933,0.03860309745070839,0.8101908201440473,1150010300111710000,11500,29.17,[],화곡동,B,False,29.17,2026-01-30,294000000,296961862.61387837,0.08434310565096656,-0.0881135539646348
B,B0 ㎡단가,"㎡당 925만원(같은 건물 5건+법정동, 기준일 시점보정) × 29.9㎡",276656802.763414,160620121.59097648,476521781.68675023,0.6,"㎡당 925만원(같은 건물 5건+법정동, 기준일 시점보정) × 29.9㎡",㎡단가,같은 건물,5,법정동,,0.5303289589715827,0.015264839527721664,0.49495805928209613,1162010200104120158,11620,29.9,[],신림동,B,False,29.9,2026-01-31,300000000,312881939.08091277,0.11577893062127421,-0.12304816912618362
B,B0 ㎡단가,"㎡당 458만원(같은 건물 3건+법정동, 기준일 시점보정) × 54.34㎡",249121243.87941417,147341385.2957134,421208162.4417312,0.6,"㎡당 458만원(같은 건물 3건+법정동, 기준일 시점보정) × 54.34㎡",㎡단가,같은 건물,3,법정동,,0.5122380792777933,0.05157067183515994,-0.17004528621574622,1150010300110400021,11500,54.34,[],화곡동,B,False,54.34,2026-01-31,268000000,270699929.1854401,0.07971441060571428,-0.08307123385572243
B,B0 ㎡단가,"㎡당 450만원(같은 건물 1건+법정동, 기준일 시점보정) × 48.75㎡",219577873.71861893,129868122.0042751,371256948.06923133,0.6,"㎡당 450만원(같은 건물 1건+법정동, 기준일 시점보정) × 48.75㎡",㎡단가,같은 건물,1,법정동,,0.5122380792777933,0.0,-0.35911355695149005,1150010300111140015,11500,48.75,[],화곡동,B,False,48.75,2026-02-04,233000000,234705289.41586718,0.06445281116116834,-0.06662369216835272
B,B0 ㎡단가,"㎡당 1,392만원(법정동 1045건, 기준일 시점보정) × 36.36㎡",506091524.2284148,325731918.5712034,786317263.6545032,0.45,"㎡당 1,392만원(법정동 1045건, 기준일 시점보정) × 36.36㎡",㎡단가,법정동,1045,법정동,,0.3438224277939293,,,1168010300112350005,11680,36.36,[],개포동,B,False,36.36,2026-02-04,495000000,472894249.9231983,0.07020020715119286,0.06784574045811416
B,B0 ㎡단가,"㎡당 2,000만원(법정동 248건, 기준일 시점보정) × 56.37㎡",1127297673.2484734,648884659.671918,1958437489.8829474,0.45,"㎡당 2,000만원(법정동 248건, 기준일 시점보정) × 56.37㎡",㎡단가,법정동,248,법정동,,0.4309641285959724,,,1168010500100900016,11680,56.37,[],삼성동,B,False,56.37,2026-02-05,1000000000,955341919.0367643,0.17999393807097436,0.1655093012363899
B,B0 ㎡단가,"㎡당 1,529만원(같은 건물 2건+법정동, 기준일 시점보정) × 42.8697㎡",655493137.8422434,497483862.78888583,863688826.7079476,0.6,"㎡당 1,529만원(같은 건물 2건+법정동, 기준일 시점보정) × 42.8697㎡",㎡단가,같은 건물,2,법정동,,0.26902379359414275,0.03083173951765035,-0.0866646571526779,1168010100107960014,11680,42.8697,[],역삼동,B,False,42.8697,2026-02-05,575000000,549321603.4461395,0.1932775513106395,0.17670376594017656
B,B0 ㎡단가,"㎡당 716만원(같은 건물 1건+법정동, 기준일 시점보정) × 27.94㎡",199993593.48632365,116111351.6180549,344474824.19413525,0.6,"㎡당 716만원(같은 건물 1건+법정동, 기준일 시점보정) × 27.94㎡",㎡단가,같은 건물,1,법정동,,0.5303289589715827,0.0,0.29054451637681744,1162010200114900001,11620,27.94,[],신림동,B,False,27.94,2026-02-05,260000000,268357260.62626255,0.25474871438320434,-0.2940338213442021
B,B0 ㎡단가,"㎡당 480만원(같은 건물 2건+법정동, 기준일 시점보정) × 61.79㎡",296633985.1753704,175442534.0083926,501541554.09550023,0.6,"㎡당 480만원(같은 건물 2건+법정동, 기준일 시점보정) × 61.79㎡",㎡단가,같은 건물,2,법정동,,0.5122380792777933,0.09075249897748962,-0.11189760462230325,1150010300101050237,11500,61.79,[],화곡동,B,False,61.79,2026-02-05,270000000,271976086.4475714,0.09066201021519692,0.08678486070068267
B,B0 ㎡단가,"㎡당 514만원(같은 건물 6건+법정동, 기준일 시점보정) × 34.56㎡",177675376.07349798,103153944.61148492,306033272.71446073,0.6,"㎡당 514만원(같은 건물 6건+법정동, 기준일 시점보정) × 34.56㎡",㎡단가,같은 건물,6,법정동,,0.5303289589715827,0.23273625288659994,-0.3121554614669435,1162010200100940288,11620,34.56,[],신림동,B,False,34.56,2026-02-05,195000000,201267945.4696969,0.11721970600505309,-0.12467892701119668
B,B0 ㎡단가,"㎡당 650만원(법정동 5683건, 기준일 시점보정) × 32.34㎡",210120812.236269,106485951.73350225,414615778.1011676,0.45,"㎡당 650만원(법정동 5683건, 기준일 시점보정) × 32.34㎡",㎡단가,법정동,5683,법정동,,0.5303289589715827,,,1162010200104090273,11620,32.34,[],신림동,B,False,32.34,2026-02-06,180000000,185785795.81818175,0.13098426772035132,0.123088286975656
B,B0 ㎡단가,"㎡당 631만원(같은 건물 2건+법정동, 기준일 시점보정) × 68.13㎡",429686883.7290477,249465615.2360276,740105276.128315,0.6,"㎡당 631만원(같은 건물 2건+법정동, 기준일 시점보정) × 68.13㎡",㎡단가,같은 건물,2,법정동,,0.5303289589715827,0.244242197694101,-0.05947737246875384,1162010200100940176,11620,68.13,[],신림동,B,False,68.13,2026-02-07,330000000,340607292.33333325,0.26153166241824694,0.23232658780758073
B,B0 ㎡단가,"㎡당 588만원(같은 건물 1건+법정동, 기준일 시점보정) × 42.87㎡",251861276.70151505,146224450.2350104,433813241.2176384,0.6,"㎡당 588만원(같은 건물 1건+법정동, 기준일 시점보정) × 42.87㎡",㎡단가,같은 건물,1,법정동,,0.5303289589715827,0.0,-0.30201492439559097,1162010200103060034,11620,42.87,[],신림동,B,False,42.87,2026-02-07,280000000,289000126.8282827,0.1285080755304814,-0.137548680307657
B,B0 ㎡단가,"㎡당 694만원(같은 건물 9건+법정동, 기준일 시점보정) × 29.9㎡",207382804.74550635,122655415.74007176,350637820.96058017,0.6,"㎡당 694만원(같은 건물 9건+법정동, 기준일 시점보정) × 29.9㎡",㎡단가,같은 건물,9,법정동,,0.5122380792777933,0.04599298892332843,0.3813353309474241,1150010300110780022,11500,29.9,[],화곡동,B,False,29.9,2026-02-08,253000000,254851666.18976137,0.18626074592312036,-0.20611529098202877
B,B0 ㎡단가,"㎡당 1,287만원(같은 건물 2건+법정동, 기준일 시점보정) × 71.4㎡",918663865.7373747,599396311.0934433,1407988809.0602045,0.6,"㎡당 1,287만원(같은 건물 2건+법정동, 기준일 시점보정) × 71.4㎡",㎡단가,같은 건물,2,법정동,,0.4164689587449554,0.16249641965317813,-0.27547064231325535,1168010700106260065,11680,71.4,[],신사동,B,False,71.4,2026-02-09,880000000,840700888.7523525,0.09273568997973065,0.08868435925548225
B,B0 ㎡단가,"㎡당 600만원(같은 건물 2건+법정동, 기준일 시점보정) × 27.9㎡",167478939.4531533,99054494.76171163,283169332.4753102,0.6,"㎡당 600만원(같은 건물 2건+법정동, 기준일 시점보정) × 27.9㎡",㎡단가,같은 건물,2,법정동,,0.5122380792777933,0.09919280201627333,0.3350493020533811,1150010300111280015,11500,27.9,[],화곡동,B,False,27.9,2026-02-09,215000000,216573550.31936243,0.22668793485544983,-0.2570726053363312
B,B0 ㎡단가,"㎡당 875만원(같은 건물 6건+법정동, 기준일 시점보정) × 29.97㎡",262384207.94034177,152333804.7789477,451938246.25061065,0.6,"㎡당 875만원(같은 건물 6건+법정동, 기준일 시점보정) × 29.97㎡",㎡단가,같은 건물,6,법정동,,0.5303289589715827,0.02278111229042305,0.39764691101855654,1162010200104700007,11620,29.97,[],신림동,B,False,29.97,2026-02-09,270000000,278678693.7272726,0.058470511573724286,-0.06024961068898043
B,B0 ㎡단가,"㎡당 350만원(같은 건물 2건+법정동, 기준일 시점보정) × 67.52㎡",236122008.47160107,139653059.23027605,399229370.2118611,0.6,"㎡당 350만원(같은 건물 2건+법정동, 기준일 시점보정) × 67.52㎡",㎡단가,같은 건물,2,법정동,,0.5122380792777933,0.5230479436687748,-0.7455629254029557,1150010300104560020,11500,67.52,[],화곡동,B,False,67.52,2026-02-10,120000000,120878260.64336507,0.9533868804436809,0.6695647277415004
B,B0 ㎡단가,"㎡당 1,717만원(같은 건물 4건+법정동, 기준일 시점보정) × 26.83㎡",460573198.50137293,349550164.082174,606859023.3243805,0.6,"㎡당 1,717만원(같은 건물 4건+법정동, 기준일 시점보정) × 26.83㎡",㎡단가,같은 건물,4,법정동,,0.26902379359414275,0.47719449139559944,0.108594378856818,1168010100107450022,11680,26.83,[],역삼동,B,False,26.83,2026-02-10,835000000,797710502.3956982,0.4226311461135695,-0.5492739552130212
B,B0 ㎡단가,"㎡당 1,073만원(같은 건물 2건+법정동, 기준일 시점보정) × 55.53㎡",595851973.2327142,452219442.403272,785104621.151402,0.6,"㎡당 1,073만원(같은 건물 2건+법정동, 기준일 시점보정) × 55.53㎡",㎡단가,같은 건물,2,법정동,,0.26902379359414275,0.10815026452580578,-0.7949720531013185,1168010100106990017,11680,55.53,[],역삼동,B,False,55.53,2026-02-11,320000000,305709414.09176457,0.9490795695740587,0.6673572455381767
B,B0 ㎡단가,"㎡당 2,289만원(같은 건물 36건+법정동, 기준일 시점보정) × 59.6㎡",1364085316.6711667,1217108490.3548048,1528810920.2290158,0.6,"㎡당 2,289만원(같은 건물 36건+법정동, 기준일 시점보정) × 59.6㎡",㎡단가,같은 건물,36,법정동,,0.1111951375049094,0.1111951375049094,0.0,1168011200106460000,11680,59.6,[],자곡동,B,False,59.6,2026-02-11,1440000000,1375692363.4129405,0.008437240076682584,-0.008473035069574511
B,B0 ㎡단가,"㎡당 463만원(같은 건물 2건+법정동, 기준일 시점보정) × 47.86㎡",221646789.9367034,131091771.08729306,374755021.4767609,0.6,"㎡당 463만원(같은 건물 2건+법정동, 기준일 시점보정) × 47.86㎡",㎡단가,같은 건물,2,법정동,,0.5122380792777933,0.011281739317690633,-0.1838025457386454,1150010300100980009,11500,47.86,[],화곡동,B,False,47.86,2026-02-12,200000000,201463767.7389418,0.1001818958529304,0.0954755260001895
B,B0 ㎡단가,"㎡당 431만원(같은 건물 2건+법정동, 기준일 시점보정) × 70.59㎡",304073243.2344965,179842442.14522937,514119671.3536617,0.6,"㎡당 431만원(같은 건물 2건+법정동, 기준일 시점보정) × 70.59㎡",㎡단가,같은 건물,2,법정동,,0.5122380792777933,0.024387718220813034,-0.3286523124518581,1150010300103520007,11500,70.59,[],화곡동,B,False,70.59,2026-02-12,157000000,158149057.6750693,0.922700316427056,0.653730612770466
B,B0 ㎡단가,"㎡당 487만원(같은 건물 1건+법정동, 기준일 시점보정) × 81.86㎡",398315110.7745171,235581274.77133444,673461537.3200324,0.6,"㎡당 487만원(같은 건물 1건+법정동, 기준일 시점보정) × 81.86㎡",㎡단가,같은 건물,1,법정동,,0.5122380792777933,0.0,-0.12741993696172926,1150010300109910021,11500,81.86,[],화곡동,B,False,81.86,2026-02-12,385000000,387817752.89746296,0.027067760046120434,0.026707907393219113
B,B0 ㎡단가,"㎡당 423만원(같은 건물 2건+법정동, 기준일 시점보정) × 41.71㎡",176319494.1226951,104283192.04785429,298116728.08612293,0.6,"㎡당 423만원(같은 건물 2건+법정동, 기준일 시점보정) × 41.71㎡",㎡단가,같은 건물,2,법정동,,0.5122380792777933,0.2329651433537861,-0.3662990404651616,1150010300108310003,11500,41.71,[],화곡동,B,False,41.71,2026-02-13,148000000,149083188.12681693,0.18269200127857288,0.1677931971494794
B,B0 ㎡단가,"㎡당 861만원(법정동 533건, 기준일 시점보정) × 24.11㎡",207660797.98444042,132958747.54615894,324333733.69859457,0.45,"㎡당 861만원(법정동 533건, 기준일 시점보정) × 24.11㎡",㎡단가,법정동,533,법정동,,0.3478987658625226,,,1162010300110720100,11620,24.11,[],남현동,B,False,24.11,2026-02-13,360000000,371571591.6363635,0.4411284321550973,-0.5818355856324406
B,B0 ㎡단가,"㎡당 1,428만원(같은 건물 2건+법정동, 기준일 시점보정) × 34.29㎡",489497589.3131895,381840419.00048214,627507927.4494547,0.6,"㎡당 1,428만원(같은 건물 2건+법정동, 기준일 시점보정) × 34.29㎡",㎡단가,같은 건물,2,법정동,,0.2422526208914518,0.17794401634675044,0.0027261620480025783,1168011800109510020,11680,34.29,[],도곡동,B,False,34.29,2026-02-14,580000000,554098313.0413233,0.11658711497162785,-0.12396259420231873
B,B0 ㎡단가,"㎡당 432만원(같은 건물 1건+법정동, 기준일 시점보정) × 39.27㎡",169701379.3650808,100368944.58646597,286926980.0242011,0.6,"㎡당 432만원(같은 건물 1건+법정동, 기준일 시점보정) × 39.27㎡",㎡단가,같은 건물,1,법정동,,0.5122380792777933,0.0,-0.4833805110730882,1150010300100560317,11500,39.27,[],화곡동,B,False,39.27,2026-02-14,140000000,141024637.41725925,0.2033456172836929,0.18510569189357273
B,B0 ㎡단가,"㎡당 382만원(같은 건물 1건+법정동, 기준일 시점보정) × 58.5㎡",223526637.01779416,132203596.27232659,377933421.3689875,0.6,"㎡당 382만원(같은 건물 1건+법정동, 기준일 시점보정) × 58.5㎡",㎡단가,같은 건물,1,법정동,,0.5122380792777933,0.0,-0.8526073046875808,1150010300103410042,11500,58.5,[],화곡동,B,False,58.5,2026-02-14,249000000,250822390.8349825,0.10882502844471482,-0.11521449418543103
B,B0 ㎡단가,"㎡당 590만원(같은 건물 1건+법정동, 기준일 시점보정) × 53.85㎡",317679631.41433233,212219680.04967988,475546604.31078273,0.6,"㎡당 590만원(같은 건물 1건+법정동, 기준일 시점보정) × 53.85㎡",㎡단가,같은 건물,1,법정동,,0.3934744282256035,0.0,-0.06975012236352462,1162010100101800361,11620,53.85,[],봉천동,B,False,53.85,2026-02-15,185000000,190946512.36868683,0.6637100488169396,0.5090500777067566
B,B0 ㎡단가,"㎡당 400만원(같은 건물 5건+법정동, 기준일 시점보정) × 49.77㎡",199238551.2771348,117838541.95788188,336867714.54792535,0.6,"㎡당 400만원(같은 건물 5건+법정동, 기준일 시점보정) × 49.77㎡",㎡단가,같은 건물,5,법정동,,0.5122380792777933,0.05805183889095219,-0.3326621267685592,1150010300100460149,11500,49.77,[],화곡동,B,False,49.77,2026-02-20,175000000,176280796.77157408,0.1302340069140347,0.12242469704958446
B,B0 ㎡단가,"㎡당 433만원(같은 건물 4건+법정동, 기준일 시점보정) × 58.15㎡",251775116.81494898,148911003.80207318,425695266.4924461,0.6,"㎡당 433만원(같은 건물 4건+법정동, 기준일 시점보정) × 58.15㎡",㎡단가,같은 건물,4,법정동,,0.5122380792777933,0.19058243663458035,-0.23879377854411743,1150010300100980140,11500,58.15,[],화곡동,B,False,58.15,2026-02-20,239000000,240749202.44803545,0.04579834223664113,0.04478055760773858
B,B0 ㎡단가,"㎡당 650만원(법정동 5683건, 기준일 시점보정) × 72.61㎡",471764754.99305785,239083022.73870122,930898319.3545386,0.45,"㎡당 650만원(법정동 5683건, 기준일 시점보정) × 72.61㎡",㎡단가,법정동,5683,법정동,,0.5303289589715827,,,1162010200104090222,11620,72.61,[],신림동,B,False,72.61,2026-02-21,540000000,557357387.4545453,0.153568669561176,-0.16672620244925904
B,B0 ㎡단가,"㎡당 553만원(같은 건물 5건+법정동, 기준일 시점보정) × 37.59㎡",207728348.070508,120601959.50977722,357797392.07806045,0.6,"㎡당 553만원(같은 건물 5건+법정동, 기준일 시점보정) × 37.59㎡",㎡단가,같은 건물,5,법정동,,0.5303289589715827,0.16926084933205135,-0.22663852101056747,1162010200100920162,11620,37.59,[],신림동,B,False,37.59,2026-02-21,250000000,258035827.52525246,0.19496315661754823,-0.21686723443394607
B,B0 ㎡단가,"㎡당 627만원(같은 건물 3건+법정동, 기준일 시점보정) × 79.17㎡",496721036.64054155,331824797.8332464,743560426.6238282,0.6,"㎡당 627만원(같은 건물 3건+법정동, 기준일 시점보정) × 79.17㎡",㎡단가,같은 건물,3,법정동,,0.3934744282256035,0.06203194573878871,0.06390011846155552,1162010100109350008,11620,79.17,[],봉천동,B,False,79.17,2026-02-21,390000000,402535890.9393938,0.23397949803022244,0.21024431110710884
B,B0 ㎡단가,"㎡당 508만원(법정동 13153건, 기준일 시점보정) × 51.92㎡",263594079.25866643,136718766.80263162,508209957.16358894,0.45,"㎡당 508만원(법정동 13153건, 기준일 시점보정) × 51.92㎡",㎡단가,법정동,13153,법정동,,0.5122380792777933,,,1150010300110430008,11500,51.92,[],화곡동,B,False,51.92,2026-02-21,250000000,251829709.67367724,0.04671557458503822,0.04565723747091167
B,B0 ㎡단가,"㎡당 514만원(같은 건물 3건+법정동, 기준일 시점보정) × 68.45㎡",352103346.5410745,235215771.3564925,527076759.9062272,0.6,"㎡당 514만원(같은 건물 3건+법정동, 기준일 시점보정) × 68.45㎡",㎡단가,같은 건물,3,법정동,,0.3934744282256035,0.29074868473206156,-0.2671164747760102,1162010100101800502,11620,68.45,[],봉천동,B,False,68.45,2026-02-21,395000000,407696607.48989886,0.13635939060445024,-0.14659855806174407
B,B0 ㎡단가,"㎡당 551만원(같은 건물 2건+법정동, 기준일 시점보정) × 74.13㎡",408336746.4267776,272781397.0741985,611254653.9859984,0.6,"㎡당 551만원(같은 건물 2건+법정동, 기준일 시점보정) × 74.13㎡",㎡단가,같은 건물,2,법정동,,0.3934744282256035,0.28670191875100054,-0.1836383591249131,1162010100116440029,11620,74.13,[],봉천동,B,False,74.13,2026-02-23,399000000,411825180.73030293,0.008470667814287547,-0.008506747813164312
B,B0 ㎡단가,"㎡당 433만원(같은 건물 2건+법정동, 기준일 시점보정) × 40.89㎡",177207403.012169,102882250.98508152,305227222.20444816,0.6,"㎡당 433만원(같은 건물 2건+법정동, 기준일 시점보정) × 40.89㎡",㎡단가,같은 건물,2,법정동,,0.5303289589715827,0.4471082084193077,-0.809885053738741,1162010200107040075,11620,40.89,[],신림동,B,False,40.89,2026-02-24,80000000,82571464.80808078,1.146109475277551,0.7636566565502028
B,B0 ㎡단가,"㎡당 604만원(법정동 3717건, 기준일 시점보정) × 46.54㎡",281013643.5292523,169715990.25824282,465298925.15976584,0.45,"㎡당 604만원(법정동 3717건, 기준일 시점보정) × 46.54㎡",㎡단가,법정동,3717,법정동,,0.3934744282256035,,,1162010100101480055,11620,46.54,[],봉천동,B,False,46.54,2026-02-25,410000000,423178757.141414,0.33594577046468865,-0.409391461853682
B,B0 ㎡단가,"㎡당 454만원(같은 건물 3건+법정동, 기준일 시점보정) × 36.81㎡",167153714.22221798,98862142.09313582,282619449.5357072,0.6,"㎡당 454만원(같은 건물 3건+법정동, 기준일 시점보정) × 36.81㎡",㎡단가,같은 건물,3,법정동,,0.5122380792777933,0.26452858348698216,-0.18593663796132986,1150010300103540032,11500,36.81,[],화곡동,B,False,36.81,2026-02-25,185000000,186353985.15852115,0.10303117971944924,-0.10873417752686966
B,B0 ㎡단가,"㎡당 2,008만원(법정동 215건, 기준일 시점보정) × 90.12㎡",1809305803.5918083,1028141930.5339372,3183984033.4212923,0.45,"㎡당 2,008만원(법정동 215건, 기준일 시점보정) × 90.12㎡",㎡단가,법정동,215,법정동,,0.44100344534797475,,,1168010400101210037,11680,90.12,[],청담동,B,False,90.12,2026-02-26,2000000000,1910683838.0735285,0.05305850840499908,-0.054517970603326936
B,B0 ㎡단가,"㎡당 578만원(같은 건물 10건+법정동, 기준일 시점보정) × 29.95㎡",173052486.98994434,102350938.70319983,292592951.592232,0.6,"㎡당 578만원(같은 건물 10건+법정동, 기준일 시점보정) × 29.95㎡",㎡단가,같은 건물,10,법정동,,0.5122380792777933,0.15859900493636714,0.1552312176355386,1150010300103720012,11500,29.95,[],화곡동,B,False,29.95,2026-02-28,214000000,215566231.4806677,0.19721894379610225,-0.21967325949345626
B,B0 ㎡단가,"㎡당 360만원(같은 건물 5건+법정동, 기준일 시점보정) × 53.24㎡",191924699.0467724,113512804.40660599,324501630.4262015,0.6,"㎡당 360만원(같은 건물 5건+법정동, 기준일 시점보정) × 53.24㎡",㎡단가,같은 건물,5,법정동,,0.5122380792777933,0.06991485310448488,-0.4793784237049472,1150010300107720014,11500,53.24,[],화곡동,B,False,53.24,2026-02-28,163000000,164192970.70723757,0.16889717154202397,0.1560607158682219
B,B0 ㎡단가,"㎡당 547만원(같은 건물 5건+법정동, 기준일 시점보정) × 29.78㎡",162985623.65579674,96396947.9228957,275572143.007233,0.6,"㎡당 547만원(같은 건물 5건+법정동, 기준일 시점보정) × 29.78㎡",㎡단가,같은 건물,5,법정동,,0.5122380792777933,0.08450808354788016,0.10516618326575333,1150010300109690013,11500,29.78,[],화곡동,B,False,29.78,2026-02-28,230000000,231683332.89978305,0.29651554293593574,-0.35170949639732935
B,B0 ㎡단가,"㎡당 539만원(같은 건물 4건+법정동, 기준일 시점보정) × 15.1㎡",81336279.5673325,48105893.81952143,137521410.55054376,0.6,"㎡당 539만원(같은 건물 4건+법정동, 기준일 시점보정) × 15.1㎡",㎡단가,같은 건물,4,법정동,,0.5122380792777933,0.12845131661535825,0.08878672115825026,1150010300107850007,11500,15.1,[],화곡동,B,False,15.1,2026-03-01,133000000,134910312.94721675,0.39710851016145016,-0.5060180489644894
B,B0 ㎡단가,"㎡당 415만원(같은 건물 5건+법정동, 기준일 시점보정) × 40.5㎡",168208908.43298024,99486230.88760646,284403546.3377827,0.6,"㎡당 415만원(같은 건물 5건+법정동, 기준일 시점보정) × 40.5㎡",㎡단가,같은 건물,5,법정동,,0.5122380792777933,0.27613548787291725,-0.2811221469542815,1150010300103660042,11500,40.5,[],화곡동,B,False,40.5,2026-03-01,220000000,223159916.15329087,0.2462404927709518,-0.28268191778108653
B,B0 ㎡단가,"㎡당 455만원(같은 건물 1건+법정동, 기준일 시점보정) × 59.96㎡",273050306.10361105,161494097.13207173,461666841.0010216,0.6,"㎡당 455만원(같은 건물 1건+법정동, 기준일 시점보정) × 59.96㎡",㎡단가,같은 건물,1,법정동,,0.5122380792777933,0.0,-0.32618367744404964,1150010300100560661,11500,59.96,[],화곡동,B,False,59.96,2026-03-02,187000000,189685928.73029724,0.43948635479358356,0.3642863518960127
B,B0 ㎡단가,"㎡당 570만원(같은 건물 3건+법정동, 기준일 시점보정) × 28.18㎡",160529120.73138455,94944062.8207281,271418747.38865125,0.6,"㎡당 570만원(같은 건물 3건+법정동, 기준일 시점보정) × 28.18㎡",㎡단가,같은 건물,3,법정동,,0.5122380792777933,0.3042078985808145,0.19192764720439293,1150010300110460026,11500,28.18,[],화곡동,B,False,28.18,2026-03-04,249000000,252576450.55531558,0.3644335393167313,-0.4532386136739863
B,B0 ㎡단가,"㎡당 508만원(법정동 13153건, 기준일 시점보정) × 46.55㎡",236330978.22594175,122578170.15913881,455646639.174981,0.45,"㎡당 508만원(법정동 13153건, 기준일 시점보정) × 46.55㎡",㎡단가,법정동,13153,법정동,,0.5122380792777933,,,1150010300101550022,11500,46.55,[],화곡동,B,False,46.55,2026-03-04,391500000,397123214.42733353,0.4048925632143167,-0.5190133237102316
B,B0 ㎡단가,"㎡당 1,578만원(같은 건물 6건+법정동, 기준일 시점보정) × 26.42㎡",417016372.8269882,316492887.6038197,549467814.3398468,0.6,"㎡당 1,578만원(같은 건물 6건+법정동, 기준일 시점보정) × 26.42㎡",㎡단가,같은 건물,6,법정동,,0.26902379359414275,0.02972916816169999,-0.015400926862898956,1168010100106430013,11680,26.42,[],역삼동,B,False,26.42,2026-03-06,320000000,306547085.55121773,0.3603664574958529,0.30775411749280884
B,B0 ㎡단가,"㎡당 592만원(같은 건물 1건+법정동, 기준일 시점보정) × 38.5㎡",227797456.3598371,132253589.1876172,392365012.11621165,0.6,"㎡당 592만원(같은 건물 1건+법정동, 기준일 시점보정) × 38.5㎡",㎡단가,같은 건물,1,법정동,,0.5303289589715827,0.0,-0.28073749189955066,1162010200104090129,11620,38.5,[],신림동,B,False,38.5,2026-03-06,300000000,305162161.8689718,0.25351998109894425,-0.2923864287361268
B,B0 ㎡단가,"㎡당 684만원(같은 건물 2건+법정동, 기준일 시점보정) × 58.77㎡",401969618.52106583,268527961.49518526,601723460.4332567,0.6,"㎡당 684만원(같은 건물 2건+법정동, 기준일 시점보정) × 58.77㎡",㎡단가,같은 건물,2,법정동,,0.3934744282256035,0.08637319288832425,0.24930785110884202,1162010100101800397,11620,58.77,[],봉천동,B,False,58.77,2026-03-06,435000000,442485134.7100091,0.09156356453758807,-0.09603036006323087
B,B0 ㎡단가,"㎡당 554만원(같은 건물 2건+법정동, 기준일 시점보정) × 52.65㎡",291419669.7438539,172358555.9136929,492725315.91725904,0.6,"㎡당 554만원(같은 건물 2건+법정동, 기준일 시점보정) × 52.65㎡",㎡단가,같은 건물,2,법정동,,0.5122380792777933,0.09493820633329551,0.172783769684127,1150010300100950034,11500,52.65,[],화곡동,B,False,52.65,2026-03-06,340000000,344883506.78235865,0.15501998787156696,-0.16844230619060835
B,B0 ㎡단가,"㎡당 508만원(법정동 13153건, 기준일 시점보정) × 21.98㎡",111590867.91420433,57879015.68416493,215147435.64051783,0.45,"㎡당 508만원(법정동 13153건, 기준일 시점보정) × 21.98㎡",㎡단가,법정동,13153,법정동,,0.5122380792777933,,,1150010300109640018,11500,21.98,[],화곡동,B,False,21.98,2026-03-06,180000000,182585385.94360164,0.3888291369131078,-0.4923787139171828
B,B0 ㎡단가,"㎡당 650만원(법정동 5683건, 기준일 시점보정) × 43.06㎡",279771248.45064133,141783706.9154176,552051805.9689633,0.45,"㎡당 650만원(법정동 5683건, 기준일 시점보정) × 43.06㎡",㎡단가,법정동,5683,법정동,,0.5303289589715827,,,1162010200104120201,11620,43.06,[],신림동,B,False,43.06,2026-03-07,340000000,345850450.11816806,0.19106293383440498,-0.2120341570811367
B,B0 ㎡단가,"㎡당 505만원(같은 건물 3건+법정동, 기준일 시점보정) × 57.38㎡",289786928.7795214,193586504.2224261,433792967.2772051,0.6,"㎡당 505만원(같은 건물 3건+법정동, 기준일 시점보정) × 57.38㎡",㎡단가,같은 건물,3,법정동,,0.3934744282256035,0.20656177408483029,-0.29773491621688386,1162010100101800348,11620,57.38,[],봉천동,B,False,57.38,2026-03-07,269000000,273628738.47584474,0.059051510428620675,0.0573737060677221
B,B0 ㎡단가,"㎡당 419만원(같은 건물 1건+법정동, 기준일 시점보정) × 38.16㎡",159781260.23641896,94501744.85691163,270154282.9859298,0.6,"㎡당 419만원(같은 건물 1건+법정동, 기준일 시점보정) × 38.16㎡",㎡단가,같은 건물,1,법정동,,0.5122380792777933,0.0,-0.578065077397266,1150010300101630017,11500,38.16,[],화곡동,B,False,38.16,2026-03-07,90000000,91292692.97180082,0.7502086425008123,0.5597350051149508
B,B0 ㎡단가,"㎡당 570만원(같은 건물 2건+법정동, 기준일 시점보정) × 44.36㎡",252887928.34797475,168936846.85889596,378557463.8879486,0.6,"㎡당 570만원(같은 건물 2건+법정동, 기준일 시점보정) × 44.36㎡",㎡단가,같은 건물,2,법정동,,0.3934744282256035,0.015736501758160035,-0.1149656132353769,1162010100116440018,11620,44.36,[],봉천동,B,False,44.36,2026-03-07,285000000,289904053.7755232,0.1276840559677394,-0.136603599557697
B,B0 ㎡단가,"㎡당 471만원(같은 건물 1건+법정동, 기준일 시점보정) × 73.74㎡",346955217.21103835,205204749.07468876,586623473.8365855,0.6,"㎡당 471만원(같은 건물 1건+법정동, 기준일 시점보정) × 73.74㎡",㎡단가,같은 건물,1,법정동,,0.5122380792777933,0.0,-0.22816784134270485,1150010300101590001,11500,73.74,[],화곡동,B,False,73.74,2026-03-08,260000000,263734446.36298013,0.3155475971975262,0.2742530026737862
B,B0 ㎡단가,"㎡당 448만원(같은 건물 1건+법정동, 기준일 시점보정) × 58.71㎡",263041302.01442137,155574326.88298967,444743859.42535144,0.6,"㎡당 448만원(같은 건물 1건+법정동, 기준일 시점보정) × 58.71㎡",㎡단가,같은 건물,1,법정동,,0.5122380792777933,0.0,-0.37501583173800057,1150010300103720083,11500,58.71,[],화곡동,B,False,58.71,2026-03-09,210000000,213016283.60086855,0.23484128803638957,0.21094245011017748
B,B0 ㎡단가,"㎡당 845만원(같은 건물 12건+법정동, 기준일 시점보정) × 27.9㎡",235700419.31350693,139403712.64861998,398516557.4793101,0.6,"㎡당 845만원(같은 건물 12건+법정동, 기준일 시점보정) × 27.9㎡",㎡단가,같은 건물,12,법정동,,0.5122380792777933,0.18264511266420577,0.5941000697671406,1150010300110710007,11500,27.9,[],화곡동,B,False,27.9,2026-03-09,208000000,210987557.0903841,0.11712947703610878,0.11076242835252874
B,B0 ㎡단가,"㎡당 581만원(같은 건물 3건+법정동, 기준일 시점보정) × 30.33㎡",176209158.74205008,102302694.96317118,303507817.03022426,0.6,"㎡당 581만원(같은 건물 3건+법정동, 기준일 시점보정) × 30.33㎡",㎡단가,같은 건물,3,법정동,,0.5303289589715827,0.01306833539172503,-0.18640572970280012,1162010200106850175,11620,30.33,[],신림동,B,False,30.33,2026-03-09,150000000,152581080.9344859,0.15485588162604125,0.14397555837540663
B,B0 ㎡단가,"㎡당 460만원(같은 건물 1건+법정동, 기준일 시점보정) × 59.52㎡",273788725.59052545,161930831.26376215,462915342.7761048,0.6,"㎡당 460만원(같은 건물 1건+법정동, 기준일 시점보정) × 59.52㎡",㎡단가,같은 건물,1,법정동,,0.5122380792777933,0.0,-0.29598577485765354,1150010300103520015,11500,59.52,[],화곡동,B,False,59.52,2026-03-10,225000000,228231732.42950204,0.1996084973639474,0.18199525136541786
B,B0 ㎡단가,"㎡당 615만원(같은 건물 1건+법정동, 기준일 시점보정) × 47.04㎡",289109358.51340157,193133866.62508643,432778686.8280598,0.6,"㎡당 615만원(같은 건물 1건+법정동, 기준일 시점보정) × 47.04㎡",㎡단가,같은 건물,1,법정동,,0.3934744282256035,0.0,0.05314695702119465,1162010100117100009,11620,47.04,[],봉천동,B,False,47.04,2026-03-10,210000000,213613513.30828026,0.35342260906578554,0.30263665005977486
B,B0 ㎡단가,"㎡당 977만원(같은 건물 19건+법정동, 기준일 시점보정) × 29.43㎡",287477388.4086209,170026915.36745414,486059802.1650653,0.6,"㎡당 977만원(같은 건물 19건+법정동, 기준일 시점보정) × 29.43㎡",㎡단가,같은 건물,19,법정동,,0.5122380792777933,0.054095359612555516,0.7233100482495871,1150010300110980003,11500,29.43,[],화곡동,B,False,29.43,2026-03-11,210000000,213016283.60086855,0.3495559285377033,0.29977559651318575
B,B0 ㎡단가,"㎡당 515만원(같은 건물 2건+법정동, 기준일 시점보정) × 45.64㎡",234874561.31442848,138915263.49130657,397120216.7866712,0.6,"㎡당 515만원(같은 건물 2건+법정동, 기준일 시점보정) × 45.64㎡",㎡단가,같은 건물,2,법정동,,0.5122380792777933,0.08108762976678867,0.027121592199208067,1150010300101050022,11500,45.64,[],화곡동,B,False,45.64,2026-03-11,225000000,228231732.42950204,0.029105632307191664,0.028690106886610715
B,B0 ㎡단가,"㎡당 426만원(같은 건물 1건+법정동, 기준일 시점보정) × 58.9㎡",250656847.88480857,148249609.81280828,423804524.48327357,0.6,"㎡당 426만원(같은 건물 1건+법정동, 기준일 시점보정) × 58.9㎡",㎡단가,같은 건물,1,법정동,,0.5122380792777933,0.0,-0.5293874871393527,1150010300101580010,11500,58.9,[],화곡동,B,False,58.9,2026-03-12,220000000,223159916.15329087,0.12321626663737306,0.11619623658960922
B,B0 ㎡단가,"㎡당 604만원(법정동 3717건, 기준일 시점보정) × 72.94㎡",440419749.87158775,265988060.36605608,729241590.054864,0.45,"㎡당 604만원(법정동 3717건, 기준일 시점보정) × 72.94㎡",㎡단가,법정동,3717,법정동,,0.3934744282256035,,,1162010100100410215,11620,72.94,[],봉천동,B,False,72.94,2026-03-12,255000000,259387837.58862603,0.6979198175439042,0.5294038650685833
B,B0 ㎡단가,"㎡당 616만원(같은 건물 1건+법정동, 기준일 시점보정) × 46.01㎡",283405659.92493844,189323622.05839986,424240605.6055397,0.6,"㎡당 616만원(같은 건물 1건+법정동, 기준일 시점보정) × 46.01㎡",㎡단가,같은 건물,1,법정동,,0.3934744282256035,0.0,0.05978841189138251,1162010100107150091,11620,46.01,[],봉천동,B,False,46.01,2026-03-12,293500000,298550315.02847743,0.05072731241999998,-0.05205917962383951
B,B0 ㎡단가,"㎡당 807만원(같은 건물 3건+법정동, 기준일 시점보정) × 33.6㎡",271313053.7720836,157517672.6211127,467317551.8799988,0.6,"㎡당 807만원(같은 건물 3건+법정동, 기준일 시점보정) × 33.6㎡",㎡단가,같은 건물,3,법정동,,0.5303289589715827,0.3697822213172454,0.3622824327702734,1162010200104570042,11620,33.6,[],신림동,B,False,33.6,2026-03-12,305000000,310248197.90012133,0.12549676159786172,-0.13409928138323768
B,B0 ㎡단가,"㎡당 2,112만원(같은 건물 11건+법정동, 기준일 시점보정) × 42.56㎡",899053977.0804534,631075646.2191123,1280825933.5419445,0.6,"㎡당 2,112만원(같은 건물 11건+법정동, 기준일 시점보정) × 42.56㎡",㎡단가,같은 건물,11,법정동,,0.3451909092995672,0.05831984407158297,0.27583033083196895,1168010600109200027,11680,42.56,[],대치동,B,False,42.56,2026-03-14,975000000,934010651.2888666,0.037426419238555345,-0.038144768197804324
B,B0 ㎡단가,"㎡당 462만원(같은 건물 3건+법정동, 기준일 시점보정) × 59.76㎡",275833117.33532953,163139975.48235944,466371950.7984893,0.6,"㎡당 462만원(같은 건물 3건+법정동, 기준일 시점보정) × 59.76㎡",㎡단가,같은 건물,3,법정동,,0.5122380792777933,0.0006090933605900549,-0.15874462368984688,1150010300103460078,11500,59.76,[],화곡동,B,False,59.76,2026-03-14,260000000,263734446.36298013,0.045874443551821416,0.044853323592677595
B,B0 ㎡단가,"㎡당 495만원(같은 건물 5건+법정동, 기준일 시점보정) × 49.65㎡",245989670.74082175,145489233.63971734,415913374.46332467,0.6,"㎡당 495만원(같은 건물 5건+법정동, 기준일 시점보정) × 49.65㎡",㎡단가,같은 건물,5,법정동,,0.5122380792777933,0.08531200045087861,-0.03418115847529357,1150010300109950027,11500,49.65,[],화곡동,B,False,49.65,2026-03-14,255000000,258662630.08676895,0.048994164103628085,-0.05023507986633065
B,B0 ㎡단가,"㎡당 877만원(같은 건물 6건+법정동, 기준일 시점보정) × 27.66㎡",242508128.86188257,140794243.10381305,417703105.3800148,0.6,"㎡당 877만원(같은 건물 6건+법정동, 기준일 시점보정) × 27.66㎡",㎡단가,같은 건물,6,법정동,,0.5303289589715827,0.1580668566320228,0.3995601295291369,1162010200116800007,11620,27.66,[],신림동,B,False,27.66,2026-03-15,229000000,232940450.22664848,0.041073495933938664,0.040252388422079934
B,B0 ㎡단가,"㎡당 409만원(같은 건물 1건+법정동, 기준일 시점보정) × 56.2㎡",230081680.2227227,136080540.41184336,389016529.57797897,0.6,"㎡당 409만원(같은 건물 1건+법정동, 기준일 시점보정) × 56.2㎡",㎡단가,같은 건물,1,법정동,,0.5122380792777933,0.0,-0.645565945546057,1150010300101580037,11500,56.2,[],화곡동,B,False,56.2,2026-03-16,150000000,152154488.2863347,0.5121583517782223,0.4135380022855883
B,B0 ㎡단가,"㎡당 581만원(같은 건물 3건+법정동, 기준일 시점보정) × 42.24㎡",245561738.03695202,145236135.2029095,415189836.2172932,0.6,"㎡당 581만원(같은 건물 3건+법정동, 기준일 시점보정) × 42.24㎡",㎡단가,같은 건물,3,법정동,,0.5122380792777933,0.3071993142865804,0.22579081014809788,1150010300108130008,11500,42.24,[],화곡동,B,False,42.24,2026-03-18,190000000,192729018.49602395,0.274129552224218,0.2422632413239309
B,B0 ㎡단가,"㎡당 1,477만원(법정동 76건, 기준일 시점보정) × 40.83㎡",602914172.055113,353551172.4156461,1028155263.5824769,0.45,"㎡당 1,477만원(법정동 76건, 기준일 시점보정) × 40.83㎡",㎡단가,법정동,76,법정동,,0.4164689587449554,,,1168010700105450023,11680,40.83,[],신사동,B,False,40.83,2026-03-18,800000000,766367713.8780444,0.2132834393502941,-0.23988724708713205
B,B0 ㎡단가,"㎡당 510만원(같은 건물 4건+법정동, 기준일 시점보정) × 59.4㎡",302890190.2997192,179142732.01383403,512119394.1192962,0.6,"㎡당 510만원(같은 건물 4건+법정동, 기준일 시점보정) × 59.4㎡",㎡단가,같은 건물,4,법정동,,0.5122380792777933,0.04101116970266447,0.006554754458193202,1150010300109550007,11500,59.4,[],화곡동,B,False,59.4,2026-03-19,260000000,263734446.36298013,0.1484665521577287,0.13842761965608624
B,B0 ㎡단가,"㎡당 537만원(같은 건물 5건+법정동, 기준일 시점보정) × 65.08㎡",349708327.02293277,206833060.68408367,591278365.1931399,0.6,"㎡당 537만원(같은 건물 5건+법정동, 기준일 시점보정) × 65.08㎡",㎡단가,같은 건물,5,법정동,,0.5122380792777933,0.09645882379009285,0.07948626621806731,1150010300103410025,11500,65.08,[],화곡동,B,False,65.08,2026-03-20,280000000,284021711.46782476,0.23127321927482042,0.20804877162061652
B,B0 ㎡단가,"㎡당 604만원(법정동 3717건, 기준일 시점보정) × 80.34㎡",485101764.5281513,292973413.3508218,803225518.851217,0.45,"㎡당 604만원(법정동 3717건, 기준일 시점보정) × 80.34㎡",㎡단가,법정동,3717,법정동,,0.3934744282256035,,,1162010100115130014,11620,80.34,[],봉천동,B,False,80.34,2026-03-20,330000000,335678378.055869,0.44513854999446184,0.36820519931708534
B,B0 ㎡단가,"㎡당 603만원(같은 건물 1건+법정동, 기준일 시점보정) × 62.4㎡",376004118.0520013,251182215.47633588,562854724.9014244,0.6,"㎡당 603만원(같은 건물 1건+법정동, 기준일 시점보정) × 62.4㎡",㎡단가,같은 건물,1,법정동,,0.3934744282256035,0.0,-0.006168730635918607,1162010100115150005,11620,62.4,[],봉천동,B,False,62.4,2026-03-20,390000000,396710810.42966336,0.0521959367712601,-0.05360748244713999
B,B0 ㎡단가,"㎡당 1,292만원(같은 건물 3건+법정동, 기준일 시점보정) × 71.99㎡",929883596.3954167,653632426.4447383,1322889544.431712,0.6,"㎡당 1,292만원(같은 건물 3건+법정동, 기준일 시점보정) × 71.99㎡",㎡단가,같은 건물,3,법정동,,0.3438224277939293,0.01493276376180492,-0.12452678146243557,1168010300101620004,11680,71.99,[],개포동,B,False,71.99,2026-03-21,900000000,862163678.1127999,0.07854647557277032,0.07561427870745234
B,B0 ㎡단가,"㎡당 2,000만원(법정동 248건, 기준일 시점보정) × 59.58㎡",1191491846.2328227,685835515.7575479,2069961072.3297198,0.45,"㎡당 2,000만원(법정동 248건, 기준일 시점보정) × 59.58㎡",㎡단가,법정동,248,법정동,,0.4309641285959724,,,1168010500101000007,11680,59.58,[],삼성동,B,False,59.58,2026-03-21,1400000000,1341143499.2865777,0.11158511608441778,-0.11831643348268427
B,B0 ㎡단가,"㎡당 1,633만원(같은 건물 6건+법정동, 기준일 시점보정) × 43.28㎡",706575658.0282228,536252734.6443045,930996017.8555865,0.6,"㎡당 1,633만원(같은 건물 6건+법정동, 기준일 시점보정) × 43.28㎡",㎡단가,같은 건물,6,법정동,,0.26902379359414275,0.06716352073508768,0.02957969320255671,1168010100107820029,11680,43.28,[],역삼동,B,False,43.28,2026-03-21,800000000,766367713.8780444,0.07802006108432766,-0.0812318138882088
B,B0 ㎡단가,"㎡당 701만원(같은 건물 5건+법정동, 기준일 시점보정) × 34.88㎡",244473705.0393788,141935408.19164845,421088671.36930484,0.6,"㎡당 701만원(같은 건물 5건+법정동, 기준일 시점보정) × 34.88㎡",㎡단가,같은 건물,5,법정동,,0.5303289589715827,0.23247680008984123,0.10614289101820162,1162010200105690014,11620,34.88,[],신림동,B,False,34.88,2026-03-21,282000000,286852432.15683347,0.14773703258783794,-0.15986015257719566
B,B0 ㎡단가,"㎡당 1,056만원(같은 건물 9건+법정동, 기준일 시점보정) × 29.99㎡",316597462.2829269,221614078.77216348,452290547.96215194,0.6,"㎡당 1,056만원(같은 건물 9건+법정동, 기준일 시점보정) × 29.99㎡",㎡단가,같은 건물,9,법정동,,0.3478987658625226,0.06233540216735085,0.24870738652599655,1162010300110700039,11620,29.99,[],남현동,B,False,29.99,2026-03-21,340000000,345850450.11816806,0.08458276641029716,-0.08837532464561636
B,B0 ㎡단가,"㎡당 470만원(같은 건물 1건+법정동, 기준일 시점보정) × 42.46㎡",199596823.50852916,118050440.09255955,337473472.555109,0.6,"㎡당 470만원(같은 건물 1건+법정동, 기준일 시점보정) × 42.46㎡",㎡단가,같은 건물,1,법정동,,0.5122380792777933,0.0,-0.23090782712434788,1150010300103940026,11500,42.46,[],화곡동,B,False,42.46,2026-03-22,170000000,172441753.39117932,0.15747386919541065,0.14623993151427983
B,B0 ㎡단가,"㎡당 393만원(같은 건물 3건+법정동, 기준일 시점보정) × 57.11㎡",224260512.0983749,132637642.63996238,379174239.5719618,0.6,"㎡당 393만원(같은 건물 3건+법정동, 기준일 시점보정) × 57.11㎡",㎡단가,같은 건물,3,법정동,,0.5122380792777933,0.07746396024016865,-0.4281285417358145,1150010300100730079,11500,57.11,[],화곡동,B,False,57.11,2026-03-23,210000000,213016283.60086855,0.05278576974225506,0.05143976491536141
B,B0 ㎡단가,"㎡당 484만원(같은 건물 16건+법정동, 기준일 시점보정) × 51.3㎡",248393560.9640139,146911001.25001153,419977813.80159533,0.6,"㎡당 484만원(같은 건물 16건+법정동, 기준일 시점보정) × 51.3㎡",㎡단가,같은 건물,16,법정동,,0.5122380792777933,0.0971129212317274,-0.05330541757075835,1150010300111340007,11500,51.3,[],화곡동,B,False,51.3,2026-03-23,236000000,239389728.23716658,0.037611608456011546,0.03692154175243671
B,B0 ㎡단가,"㎡당 478만원(같은 건물 1건+법정동, 기준일 시점보정) × 69.72㎡",333159001.2819276,197045053.27685505,563297166.2537489,0.6,"㎡당 478만원(같은 건물 1건+법정동, 기준일 시점보정) × 69.72㎡",㎡단가,같은 건물,1,법정동,,0.5122380792777933,0.0,-0.1817208966000461,1150010300103500030,11500,69.72,[],화곡동,B,False,69.72,2026-03-24,310000000,314452609.1250917,0.05948874842820708,0.05778647897016441
B,B0 ㎡단가,"㎡당 756만원(같은 건물 1건+법정동, 기준일 시점보정) × 34.95㎡",264244917.228209,153414086.735066,455143186.4371486,0.6,"㎡당 756만원(같은 건물 1건+법정동, 기준일 시점보정) × 34.95㎡",㎡단가,같은 건물,1,법정동,,0.5303289589715827,0.0,0.4547403409937747,1162010200104120196,11620,34.95,[],신림동,B,False,34.95,2026-03-24,285000000,289904053.7755232,0.08850906433748053,-0.09267362933138487
B,B0 ㎡단가,"㎡당 609만원(같은 건물 1건+법정동, 기준일 시점보정) × 44.46㎡",270671759.51571715,157145352.98030037,466212967.86624324,0.6,"㎡당 609만원(같은 건물 1건+법정동, 기준일 시점보정) × 44.46㎡",㎡단가,같은 건물,1,법정동,,0.5303289589715827,0.0,-0.19518254636073884,1162010200107130006,11620,44.46,[],신림동,B,False,44.46,2026-03-25,210000000,213613513.30828026,0.2671097222444548,0.23673849762452204
B,B0 ㎡단가,"㎡당 604만원(법정동 3717건, 기준일 시점보정) × 48.36㎡",292003003.8907321,176352928.4247667,483494972.5123835,0.45,"㎡당 604만원(법정동 3717건, 기준일 시점보정) × 48.36㎡",㎡단가,법정동,3717,법정동,,0.3934744282256035,,,1162010100115570014,11620,48.36,[],봉천동,B,False,48.36,2026-03-25,260000000,264473873.61977556,0.10409016926388037,0.09902161957754038
B,B0 ㎡단가,"㎡당 604만원(법정동 3717건, 기준일 시점보정) × 52.24㎡",315430871.0349839,190502005.3951571,522286545.9893894,0.45,"㎡당 604만원(법정동 3717건, 기준일 시점보정) × 52.24㎡",㎡단가,법정동,3717,법정동,,0.3934744282256035,,,1162010100102150023,11620,52.24,[],봉천동,B,False,52.24,2026-03-25,281000000,285835224.9506036,0.10354093373024552,0.09852404048090425
B,B0 ㎡단가,"㎡당 583만원(같은 건물 2건+법정동, 기준일 시점보정) × 44.66㎡",260331596.64632472,173909444.24462974,389700171.297727,0.6,"㎡당 583만원(같은 건물 2건+법정동, 기준일 시점보정) × 44.66㎡",㎡단가,같은 건물,2,법정동,,0.3934744282256035,0.05238244268676325,-0.07042624008265008,1162010100101800068,11620,44.66,[],봉천동,B,False,44.66,2026-03-25,215000000,218699549.3394298,0.19036183399848003,0.1742573230894974
B,B0 ㎡단가,"㎡당 443만원(같은 건물 2건+법정동, 기준일 시점보정) × 57.5㎡",254655217.0757259,150614423.21185595,430564870.2227366,0.6,"㎡당 443만원(같은 건물 2건+법정동, 기준일 시점보정) × 57.5㎡",㎡단가,같은 건물,2,법정동,,0.5122380792777933,0.12928922398712506,-0.27316135268026187,1150010300109540017,11500,57.5,[],화곡동,B,False,57.5,2026-03-25,200000000,202872651.04844624,0.2552466572486103,0.22733209291268927
B,B0 ㎡단가,"㎡당 467만원(같은 건물 1건+법정동, 기준일 시점보정) × 62.01㎡",289422994.6420814,171177633.4403649,489349386.0386419,0.6,"㎡당 467만원(같은 건물 1건+법정동, 기준일 시점보정) × 62.01㎡",㎡단가,같은 건물,1,법정동,,0.5122380792777933,0.0,-0.2523379918715598,1150010300101560015,11500,62.01,[],화곡동,B,False,62.01,2026-03-26,130000000,131867223.18149006,1.1948061668345429,0.7860937359465685
B,B0 ㎡단가,"㎡당 1,673만원(법정동 234건, 기준일 시점보정) × 72.66㎡",1215394944.7421207,780884843.1349388,1891680808.8813698,0.45,"㎡당 1,673만원(법정동 234건, 기준일 시점보정) × 72.66㎡",㎡단가,법정동,234,법정동,,0.3451909092995672,,,1168010600109160069,11680,72.66,[],대치동,B,False,72.66,2026-03-26,550000000,526877803.2911555,1.306787147133786,0.8358557110138368
B,B0 ㎡단가,"㎡당 1,405만원(법정동 1091건, 기준일 시점보정) × 73.17㎡",1028297793.9335704,691955271.88669,1528128183.9583988,0.45,"㎡당 1,405만원(법정동 1091건, 기준일 시점보정) × 73.17㎡",㎡단가,법정동,1091,법정동,,0.3090970422543099,,,1168010800101310019,11680,73.17,[],논현동,B,False,73.17,2026-03-26,560000000,536457399.7146311,0.9168302916141602,0.6506729320352005
B,B0 ㎡단가,"㎡당 635만원(같은 건물 8건+법정동, 기준일 시점보정) × 37.58㎡",238554316.86078694,141091634.6080648,403341858.2965645,0.6,"㎡당 635만원(같은 건물 8건+법정동, 기준일 시점보정) × 37.58㎡",㎡단가,같은 건물,8,법정동,,0.5122380792777933,0.0684486640883292,0.27927345645839097,1150010300103510030,11500,37.58,[],화곡동,B,False,37.58,2026-03-28,240000000,243447181.2581355,0.020098258571170223,-0.020302976192407934
B,B0 ㎡단가,"㎡당 416만원(같은 건물 5건+법정동, 기준일 시점보정) × 60.4㎡",251260572.54011542,148606679.42945302,424825287.50100183,0.6,"㎡당 416만원(같은 건물 5건+법정동, 기준일 시점보정) × 60.4㎡",㎡단가,같은 건물,5,법정동,,0.5122380792777933,0.16458169280906942,-0.27888676982455785,1150010300110780011,11500,60.4,[],화곡동,B,False,60.4,2026-03-28,260000000,263734446.36298013,0.04729709749668727,-0.04845217366617957
B,B0 ㎡단가,"㎡당 547만원(같은 건물 2건+법정동, 기준일 시점보정) × 43.96㎡",240387351.7522978,160586080.54202408,359844880.0010459,0.6,"㎡당 547만원(같은 건물 2건+법정동, 기준일 시점보정) × 43.96㎡",㎡단가,같은 건물,2,법정동,,0.3934744282256035,0.3368319925602607,-0.1982392107349753,1162010100116880001,11620,43.96,[],봉천동,B,False,43.96,2026-03-28,230000000,233957657.43287838,0.027482299104760313,0.027111440091211813
B,B0 ㎡단가,"㎡당 2,645만원(같은 건물 3건+법정동, 기준일 시점보정) × 27.89㎡",737829446.1645526,544889950.025918,999086680.900604,0.6,"㎡당 2,645만원(같은 건물 3건+법정동, 기준일 시점보정) × 27.89㎡",㎡단가,같은 건물,3,법정동,,0.29565469668644057,0.07404173213974295,0.02299245403994732,1168011400106760007,11680,27.89,[],일원동,B,False,27.89,2026-03-28,890000000,852584081.6893244,0.1345962679685446,-0.14455913870763618
B,B0 ㎡단가,"㎡당 467만원(같은 건물 3건+법정동, 기준일 시점보정) × 55.2㎡",257544854.26596656,152323483.185955,435450598.7622654,0.6,"㎡당 467만원(같은 건물 3건+법정동, 기준일 시점보정) × 55.2㎡",㎡단가,같은 건물,3,법정동,,0.5122380792777933,0.11703969048110958,-0.14079220987079744,1150010300103520036,11500,55.2,[],화곡동,B,False,55.2,2026-03-30,222500000,225695824.29139647,0.14111483929560756,0.13200571375182843
B,B0 ㎡단가,"㎡당 508만원(법정동 13153건, 기준일 시점보정) × 73.29㎡",372088021.35723525,192991494.97235876,717386513.1070766,0.45,"㎡당 508만원(법정동 13153건, 기준일 시점보정) × 73.29㎡",㎡단가,법정동,13153,법정동,,0.5122380792777933,,,1150010300108420022,11500,73.29,[],화곡동,B,False,73.29,2026-03-31,510000000,517325260.1735379,0.2807464664833542,-0.32954136378306076
B,B0 ㎡단가,"㎡당 561만원(같은 건물 4건+법정동, 기준일 시점보정) × 41.97㎡",235565187.03254524,157364727.47819474,352626400.02580714,0.6,"㎡당 561만원(같은 건물 4건+법정동, 기준일 시점보정) × 41.97㎡",㎡단가,같은 건물,4,법정동,,0.3934744282256035,0.09389626612737867,-0.10958769490748921,1162010100115260013,11620,41.97,[],봉천동,B,False,41.97,2026-03-31,200000000,203441441.24598122,0.15790168212445552,0.14660947237227961
B,B0 ㎡단가,"㎡당 432만원(같은 건물 1건+법정동, 기준일 시점보정) × 78.97㎡",341216373.248613,201810541.4741961,576920375.5286666,0.6,"㎡당 432만원(같은 건물 1건+법정동, 기준일 시점보정) × 78.97㎡",㎡단가,같은 건물,1,법정동,,0.5122380792777933,0.0,-0.4837725020829442,1150010300101000016,11500,78.97,[],화곡동,B,False,78.97,2026-03-31,200000000,202872651.04844624,0.6819239630635581,0.5199383542646882
B,B0 ㎡단가,"㎡당 1,376만원(같은 건물 3건+법정동, 기준일 시점보정) × 129.13㎡",1776484958.6479418,1293983770.800116,2438901383.0915165,0.6,"㎡당 1,376만원(같은 건물 3건+법정동, 기준일 시점보정) × 129.13㎡",㎡단가,같은 건물,3,법정동,,0.3090970422543099,0.14361667209095139,-0.03550381043894291,1168010800100450000,11680,129.13,[],논현동,B,False,129.13,2026-04-01,1450000000,1456205906.2735565,0.21994077279495605,0.19880231067734652
B,B0 ㎡단가,"㎡당 728만원(같은 건물 3건+법정동, 기준일 시점보정) × 54.23㎡",394644799.20156574,229121044.55717582,679747763.1871524,0.6,"㎡당 728만원(같은 건물 3건+법정동, 기준일 시점보정) × 54.23㎡",㎡단가,같은 건물,3,법정동,,0.5303289589715827,0.03541039915340478,0.1889567490786277,1162010200116150003,11620,54.23,[],신림동,B,False,54.23,2026-04-01,310000000,317333953.4223845,0.2436261387897479,0.21803141762884531
B,B0 ㎡단가,"㎡당 884만원(같은 건물 1건+법정동, 기준일 시점보정) × 56.28㎡",497464374.12155557,348218549.18849295,710676683.0683494,0.6,"㎡당 884만원(같은 건물 1건+법정동, 기준일 시점보정) × 56.28㎡",㎡단가,같은 건물,1,법정동,,0.3478987658625226,0.0,0.07771630368757343,1162010300106020139,11620,56.28,[],남현동,B,False,56.28,2026-04-01,455000000,465764350.9909192,0.06806021771136889,0.06584412257338355
B,B0 ㎡단가,"㎡당 631만원(같은 건물 6건+법정동, 기준일 시점보정) × 39.35㎡",248118794.6282973,146748492.2166322,419513245.53930753,0.6,"㎡당 631만원(같은 건물 6건+법정동, 기준일 시점보정) × 39.35㎡",㎡단가,같은 건물,6,법정동,,0.5122380792777933,0.05026880689188887,0.28894053108370343,1150010300108640045,11500,39.35,[],화곡동,B,False,39.35,2026-04-02,239000000,245008348.40505293,0.012695266277629505,0.012615356987153721
B,B0 ㎡단가,"㎡당 492만원(같은 건물 2건+법정동, 기준일 시점보정) × 46.18㎡",227068935.59190267,131830627.98385006,391110186.60364765,0.6,"㎡당 492만원(같은 건물 2건+법정동, 기준일 시점보정) × 46.18㎡",㎡단가,같은 건물,2,법정동,,0.5303289589715827,0.2446711876408134,-0.5573419180745525,1162010200100980049,11620,46.18,[],신림동,B,False,46.18,2026-04-02,172000000,176069161.25371012,0.2896576207613296,0.25437677288350846
B,B0 ㎡단가,"㎡당 508만원(법정동 13153건, 기준일 시점보정) × 50.78㎡",257806381.83272433,133716852.43138705,497051263.9593024,0.45,"㎡당 508만원(법정동 13153건, 기준일 시점보정) × 50.78㎡",㎡단가,법정동,13153,법정동,,0.5122380792777933,,,1150010300101540013,11500,50.78,[],화곡동,B,False,50.78,2026-04-04,160000000,164022325.29208565,0.5717761675042167,0.45220629678518004
B,B0 ㎡단가,"㎡당 690만원(같은 건물 2건+법정동, 기준일 시점보정) × 29.94㎡",206684169.59130752,122242211.8324766,349456585.571198,0.6,"㎡당 690만원(같은 건물 2건+법정동, 기준일 시점보정) × 29.94㎡",㎡단가,같은 건물,2,법정동,,0.5122380792777933,0.01945967023404274,0.6145804589328954,1150010300103380006,11500,29.94,[],화곡동,B,False,29.94,2026-04-04,260000000,266536278.59963918,0.22455520622854783,-0.25431848681512353
B,B0 ㎡단가,"㎡당 564만원(같은 건물 2건+법정동, 기준일 시점보정) × 63.84㎡",360275431.0395632,240674972.9738171,539309860.9586786,0.6,"㎡당 564만원(같은 건물 2건+법정동, 기준일 시점보정) × 63.84㎡",㎡단가,같은 건물,2,법정동,,0.3934744282256035,0.13016649807660696,-0.1352043835309118,1162010100106350511,11620,63.84,[],봉천동,B,False,63.84,2026-04-04,300000000,307097374.2797269,0.17316350191714033,0.1597039477814073
B,B0 ㎡단가,"㎡당 608만원(같은 건물 1건+법정동, 기준일 시점보정) × 46.74㎡",284202332.8992648,189855823.8963429,425433175.3840942,0.6,"㎡당 608만원(같은 건물 1건+법정동, 기준일 시점보정) × 46.74㎡",㎡단가,같은 건물,1,법정동,,0.3934744282256035,0.0,0.020985094218259448,1162010100116900128,11620,46.74,[],봉천동,B,False,46.74,2026-04-04,155000000,158666976.71119225,0.7911876736428507,0.5828789046590616
B,B0 ㎡단가,"㎡당 424만원(같은 건물 4건+법정동, 기준일 시점보정) × 42.02㎡",178231871.15935624,105414256.89564283,301350128.8389616,0.6,"㎡당 424만원(같은 건물 4건+법정동, 기준일 시점보정) × 42.02㎡",㎡단가,같은 건물,4,법정동,,0.5122380792777933,0.05470100373862792,-0.2696499221525528,1150010300101580001,11500,42.02,[],화곡동,B,False,42.02,2026-04-07,148000000,151720650.8951792,0.17473705858600028,0.16104434262685005
B,B0 ㎡단가,"㎡당 433만원(같은 건물 1건+법정동, 기준일 시점보정) × 59.88㎡",259214170.69855663,153310791.18042603,438273038.5355887,0.6,"㎡당 433만원(같은 건물 1건+법정동, 기준일 시점보정) × 59.88㎡",㎡단가,같은 건물,1,법정동,,0.5122380792777933,0.0,-0.47818258368178235,1150010300104660001,11500,59.88,[],화곡동,B,False,59.88,2026-04-07,213000000,218354720.545089,0.18712418971968311,0.17153373502388286
B,B0 ㎡단가,"㎡당 604만원(법정동 3717건, 기준일 시점보정) × 76.68㎡",463002281.6034186,279626603.6313296,766633467.5816696,0.45,"㎡당 604만원(법정동 3717건, 기준일 시점보정) × 76.68㎡",㎡단가,법정동,3717,법정동,,0.3934744282256035,,,1162010100106350169,11620,76.68,[],봉천동,B,False,76.68,2026-04-08,340000000,348043690.8503572,0.33029930946942043,0.2854039616287492
B,B0 ㎡단가,"㎡당 820만원(같은 건물 5건+법정동, 기준일 시점보정) × 30.85㎡",252844818.38717625,146795470.29872373,435507322.22968304,0.6,"㎡당 820만원(같은 건물 5건+법정동, 기준일 시점보정) × 30.85㎡",㎡단가,같은 건물,5,법정동,,0.5303289589715827,0.0902073965167257,0.32516592726720894,1162010200116330040,11620,30.85,[],신림동,B,False,30.85,2026-04-08,320000000,327570532.5650421,0.2281209899826028,-0.2589274640150505
B,B0 ㎡단가,"㎡당 699만원(같은 건물 2건+법정동, 기준일 시점보정) × 63.99㎡",446974712.28526706,312876446.9028849,638547245.7263933,0.6,"㎡당 699만원(같은 건물 2건+법정동, 기준일 시점보정) × 63.99㎡",㎡단가,같은 건물,2,법정동,,0.3478987658625226,0.07271281146442589,-0.41900815525344726,1162010300110720055,11620,63.99,[],남현동,B,False,63.99,2026-04-08,345000000,353161980.421686,0.26563655507754785,0.2355752012089049
B,B0 ㎡단가,"㎡당 508만원(법정동 13153건, 기준일 시점보정) × 40.05㎡",203330949.0429428,105461991.72660622,392022511.2558116,0.45,"㎡당 508만원(법정동 13153건, 기준일 시점보정) × 40.05㎡",㎡단가,법정동,13153,법정동,,0.5122380792777933,,,1150010300103620130,11500,40.05,[],화곡동,B,False,40.05,2026-04-09,123000000,126092162.56829084,0.6125581868168835,0.4778218538844277
B,B0 ㎡단가,"㎡당 469만원(같은 건물 2건+법정동, 기준일 시점보정) × 60.6㎡",283963228.7368939,167948485.01715767,480118146.14727724,0.6,"㎡당 469만원(같은 건물 2건+법정동, 기준일 시점보정) × 60.6㎡",㎡단가,같은 건물,2,법정동,,0.5122380792777933,0.28664712223263084,-0.16031281694639254,1150010300108970007,11500,60.6,[],화곡동,B,False,60.6,2026-04-10,340000000,348547441.245682,0.18529532817102043,-0.2049295972656582
B,B0 ㎡단가,"㎡당 565만원(같은 건물 2건+법정동, 기준일 시점보정) × 34.73㎡",196290032.27312616,131127726.5731076,293833941.73545295,0.6,"㎡당 565만원(같은 건물 2건+법정동, 기준일 시점보정) × 34.73㎡",㎡단가,같은 건물,2,법정동,,0.3934744282256035,0.11124242408153397,-0.13220321711300187,1162010100100660064,11620,34.73,[],봉천동,B,False,34.73,2026-04-10,160000000,163785266.28252104,0.19845964614751177,0.18103710402716497
B,B0 ㎡단가,"㎡당 604만원(법정동 3717건, 기준일 시점보정) × 64.07㎡",386861713.38459843,233642103.4775597,640560853.7813972,0.45,"㎡당 604만원(법정동 3717건, 기준일 시점보정) × 64.07㎡",㎡단가,법정동,3717,법정동,,0.3934744282256035,,,1162010100101800395,11620,64.07,[],봉천동,B,False,64.07,2026-04-10,360000000,368516849.13567233,0.04978025914405965,0.048580865262286325
B,B0 ㎡단가,"㎡당 644만원(같은 건물 3건+법정동, 기준일 시점보정) × 29.94㎡",192892089.4943168,114084962.14973296,326137270.7530903,0.6,"㎡당 644만원(같은 건물 3건+법정동, 기준일 시점보정) × 29.94㎡",㎡단가,같은 건물,3,법정동,,0.5122380792777933,0.012560167799571784,0.3970487714293469,1150010300108240009,11500,29.94,[],화곡동,B,False,29.94,2026-04-11,230000000,235782092.60737312,0.18190526107713034,-0.2007771313316289
B,B0 ㎡단가,"㎡당 650만원(법정동 5683건, 기준일 시점보정) × 43.51㎡",282695007.43352014,143265422.3848074,557821042.2134124,0.45,"㎡당 650만원(법정동 5683건, 기준일 시점보정) × 43.51㎡",㎡단가,법정동,5683,법정동,,0.5303289589715827,,,1162010200105450023,11620,43.51,[],신림동,B,False,43.51,2026-04-11,420000000,429936323.99161774,0.3424723810053516,-0.419268509736937
B,B0 ㎡단가,"㎡당 2,034만원(같은 건물 1건+법정동, 기준일 시점보정) × 37.2㎡",756630530.7091225,481411807.00909764,1189189279.6687257,0.6,"㎡당 2,034만원(같은 건물 1건+법정동, 기준일 시점보정) × 37.2㎡",㎡단가,같은 건물,1,법정동,,0.44100344534797475,0.0,0.039029704245180596,1168010400100690019,11680,37.2,[],청담동,B,False,37.2,2026-04-13,387200000,388857190.9718076,0.9457799631227053,0.6656629060052482
B,B0 ㎡단가,"㎡당 1,597만원(법정동 1149건, 기준일 시점보정) × 83.7㎡",1336479047.0138113,946729074.4984744,1886681513.4553297,0.45,"㎡당 1,597만원(법정동 1149건, 기준일 시점보정) × 83.7㎡",㎡단가,법정동,1149,법정동,,0.26902379359414275,,,1168010100107250044,11680,83.7,[],역삼동,B,False,83.7,2026-04-13,880000000,883766343.1177446,0.5122538410989834,0.41360114799106956
B,B0 ㎡단가,"㎡당 468만원(같은 건물 1건+법정동, 기준일 시점보정) × 58㎡",271497130.966713,160575480.2661886,459040770.1161168,0.6,"㎡당 468만원(같은 건물 1건+법정동, 기준일 시점보정) × 58㎡",㎡단가,같은 건물,1,법정동,,0.5122380792777933,0.0,-0.2435931224035066,1150010300104080107,11500,58.0,[],화곡동,B,False,58.0,2026-04-13,162000000,166072604.35823673,0.6348098593134848,0.4915265035886768
B,B0 ㎡단가,"㎡당 379만원(같은 건물 3건+법정동, 기준일 시점보정) × 64.05㎡",242703706.30702153,143545768.10394424,410357545.42419297,0.6,"㎡당 379만원(같은 건물 3건+법정동, 기준일 시점보정) × 64.05㎡",㎡단가,같은 건물,3,법정동,,0.5122380792777933,0.36594355795677247,-0.4875481891317772,1150010300100560134,11500,64.05,[],화곡동,B,False,64.05,2026-04-14,210000000,215279301.9458624,0.12738987962742324,0.11990511988868252
B,B0 ㎡단가,"㎡당 501만원(같은 건물 1건+법정동, 기준일 시점보정) × 54.05㎡",270854957.3927433,160195670.24872255,457954998.5984081,0.6,"㎡당 501만원(같은 건물 1건+법정동, 기준일 시점보정) × 54.05㎡",㎡단가,같은 건물,1,법정동,,0.5122380792777933,0.0,-0.039097043860813585,1150010300108910031,11500,54.05,[],화곡동,B,False,54.05,2026-04-14,380000000,389553022.5687034,0.30470323242075725,-0.36341652084634507
B,B0 ㎡단가,"㎡당 440만원(같은 건물 8건+법정동, 기준일 시점보정) × 36㎡",158555212.14469683,105919716.16735704,237347268.36435327,0.6,"㎡당 440만원(같은 건물 8건+법정동, 기준일 시점보정) × 36㎡",㎡단가,같은 건물,8,법정동,,0.3934744282256035,0.3840705295191333,-0.3943839099431372,1162010100106350412,11620,36.0,[],봉천동,B,False,36.0,2026-04-14,150000000,153548687.13986346,0.03260545627637349,0.03208517746685744
B,B0 ㎡단가,"㎡당 771만원(같은 건물 5건+법정동, 기준일 시점보정) × 49.48㎡",381381191.8119153,221420520.9829102,656902137.2644285,0.6,"㎡당 771만원(같은 건물 5건+법정동, 기준일 시점보정) × 49.48㎡",㎡단가,같은 건물,5,법정동,,0.5303289589715827,0.05340130532475486,0.23919423270903373,1162010200106110022,11620,49.48,[],신림동,B,False,49.48,2026-04-14,360000000,368516849.13567233,0.03490842469324066,0.03431294424561862
B,B0 ㎡단가,"㎡당 1,383만원(같은 건물 1건+법정동, 기준일 시점보정) × 59.8㎡",826843486.4068178,581203622.0502353,1176300568.4680502,0.6,"㎡당 1,383만원(같은 건물 1건+법정동, 기준일 시점보정) × 59.8㎡",㎡단가,같은 건물,1,법정동,,0.3438224277939293,0.0,-0.019915500103405037,1168010300111960008,11680,59.8,[],개포동,B,False,59.8,2026-04-15,805000000,808445347.9656641,0.022757430032159753,0.0225023425598776
B,B0 ㎡단가,"㎡당 1,173만원(같은 건물 4건+법정동, 기준일 시점보정) × 64.86㎡",760936699.4988879,577509826.9535788,1002623044.0071868,0.6,"㎡당 1,173만원(같은 건물 4건+법정동, 기준일 시점보정) × 64.86㎡",㎡단가,같은 건물,4,법정동,,0.26902379359414275,0.23011873455034235,-0.4623537114255676,1168010100106950023,11680,64.86,[],역삼동,B,False,64.86,2026-04-15,550000000,552353964.4485904,0.3776251253279654,0.3203610930034985
B,B0 ㎡단가,"㎡당 604만원(법정동 3717건, 기준일 시점보정) × 53.25㎡",321529362.224596,194185141.41064546,532384352.48727024,0.45,"㎡당 604만원(법정동 3717건, 기준일 시점보정) × 53.25㎡",㎡단가,법정동,3717,법정동,,0.3934744282256035,,,1162010100116920006,11620,53.25,[],봉천동,B,False,53.25,2026-04-15,520000000,532302115.41819334,0.39596452294390677,-0.5041223459244266
B,B0 ㎡단가,"㎡당 535만원(같은 건물 6건+법정동, 기준일 시점보정) × 52.3㎡",279792737.4174737,165481870.93480122,473066780.4838075,0.6,"㎡당 535만원(같은 건물 6건+법정동, 기준일 시점보정) × 52.3㎡",㎡단가,같은 건물,6,법정동,,0.5122380792777933,0.03114954019441297,0.0697952874544594,1150010300104530018,11500,52.3,[],화곡동,B,False,52.3,2026-04-16,330000000,338296045.91492665,0.1729352417916382,-0.18987228205633036
B,B0 ㎡단가,"㎡당 722만원(같은 건물 4건+법정동, 기준일 시점보정) × 24.02㎡",173394063.24909887,115832521.15161443,259560103.4244903,0.6,"㎡당 722만원(같은 건물 4건+법정동, 기준일 시점보정) × 24.02㎡",㎡단가,같은 건물,4,법정동,,0.3934744282256035,0.1546754205551565,0.26788341903738555,1162010100101000147,11620,24.02,[],봉천동,B,False,24.02,2026-04-16,202000000,206778898.6816828,0.1614518485465813,-0.17608327366293314
B,B0 ㎡단가,"㎡당 1,067만원(같은 건물 7건+법정동, 기준일 시점보정) × 39.9㎡",425579994.26531416,299148071.19544774,605447097.8037213,0.6,"㎡당 1,067만원(같은 건물 7건+법정동, 기준일 시점보정) × 39.9㎡",㎡단가,같은 건물,7,법정동,,0.3438224277939293,0.23634648574846057,-0.34222069860720694,1168010300112190011,11680,39.9,[],개포동,B,False,39.9,2026-04-17,525000000,527246966.0645635,0.1928260916475332,-0.21421613411175527
B,B0 ㎡단가,"㎡당 508만원(법정동 13153건, 기준일 시점보정) × 47.26㎡",239935596.79823893,124447783.49561566,462596351.6092295,0.45,"㎡당 508만원(법정동 13153건, 기준일 시점보정) × 47.26㎡",㎡단가,법정동,13153,법정동,,0.5122380792777933,,,1150010300101050081,11500,47.26,[],화곡동,B,False,47.26,2026-04-17,210000000,215279301.9458624,0.11453165552616382,0.10843427678376932
B,B0 ㎡단가,"㎡당 474만원(같은 건물 5건+법정동, 기준일 시점보정) × 43.95㎡",208398096.10006776,120990798.71007405,358950985.70431197,0.6,"㎡당 474만원(같은 건물 5건+법정동, 기준일 시점보정) × 43.95㎡",㎡단가,같은 건물,5,법정동,,0.5303289589715827,0.2898839925723493,-0.44097236064294876,1162010200115620000,11620,43.95,[],신림동,B,False,43.95,2026-04-17,210000000,214968161.99580887,0.03056297190590111,-0.03103975938049898
B,B0 ㎡단가,"㎡당 797만원(같은 건물 3건+법정동, 기준일 시점보정) × 49.44㎡",394040669.94478834,263231182.0872749,589854318.6994393,0.6,"㎡당 797만원(같은 건물 3건+법정동, 기준일 시점보정) × 49.44㎡",㎡단가,같은 건물,3,법정동,,0.3934744282256035,0.12696235370690495,0.4626720837761127,1162010100106450039,11620,49.44,[],봉천동,B,False,49.44,2026-04-17,395000000,404344876.1349738,0.025483706603829582,-0.025814040424504955
B,B0 ㎡단가,"㎡당 747만원(같은 건물 3건+법정동, 기준일 시점보정) × 61.02㎡",456090350.42624336,319257274.26159424,651569829.4833106,0.6,"㎡당 747만원(같은 건물 3건+법정동, 기준일 시점보정) × 61.02㎡",㎡단가,같은 건물,3,법정동,,0.3478987658625226,0.01686505273682347,-0.23631671653486386,1162010300110700022,11620,61.02,[],남현동,B,False,61.02,2026-04-17,370000000,378753428.2783299,0.20418804523950557,0.18580551844495874
B,B0 ㎡단가,"㎡당 427만원(같은 건물 2건+법정동, 기준일 시점보정) × 58.18㎡",248263405.17996886,146834021.3296049,419757749.5558688,0.6,"㎡당 427만원(같은 건물 2건+법정동, 기준일 시점보정) × 58.18㎡",㎡단가,같은 건물,2,법정동,,0.5122380792777933,0.017316487693443836,-0.34751524357322694,1150010300101630010,11500,58.18,[],화곡동,B,False,58.18,2026-04-18,212000000,217329581.0120135,0.1423360042563438,0.13307529235090537
B,B0 ㎡단가,"㎡당 744만원(같은 건물 7건+법정동, 기준일 시점보정) × 54.4㎡",404980874.2327729,270539572.1258107,606231122.5141978,0.6,"㎡당 744만원(같은 건물 7건+법정동, 기준일 시점보정) × 54.4㎡",㎡단가,같은 건물,7,법정동,,0.3934744282256035,0.08143994936127405,0.2692088026034636,1162010100100410113,11620,54.4,[],봉천동,B,False,54.4,2026-04-18,455000000,465764350.9909192,0.1305026385742677,-0.13983997978040566
B,B0 ㎡단가,"㎡당 508만원(법정동 13153건, 기준일 시점보정) × 63.3㎡",321369514.96674854,166685245.35066605,619601122.6589981,0.45,"㎡당 508만원(법정동 13153건, 기준일 시점보정) × 63.3㎡",㎡단가,법정동,13153,법정동,,0.5122380792777933,,,1150010300100580009,11500,63.3,[],화곡동,B,False,63.3,2026-04-19,220000000,225530697.27661777,0.4249479953169417,0.354135318540246
B,B0 ㎡단가,"㎡당 392만원(같은 건물 2건+법정동, 기준일 시점보정) × 60.87㎡",238455722.9911647,141033321.8078171,403175158.17093533,0.6,"㎡당 392만원(같은 건물 2건+법정동, 기준일 시점보정) × 60.87㎡",㎡단가,같은 건물,2,법정동,,0.5122380792777933,0.17923896127742378,-0.5185261322914645,1150010300109950030,11500,60.87,[],화곡동,B,False,60.87,2026-04-20,120000000,123016743.96906424,0.9384005404266806,0.6618631693205325
B,B0 ㎡단가,"㎡당 530만원(같은 건물 2건+법정동, 기준일 시점보정) × 28.81㎡",152710995.28475827,90320075.65775788,258200050.3324244,0.6,"㎡당 530만원(같은 건물 2건+법정동, 기준일 시점보정) × 28.81㎡",㎡단가,같은 건물,2,법정동,,0.5122380792777933,0.029078750150420687,0.08623679486427704,1150010300108550027,11500,28.81,[],화곡동,B,False,28.81,2026-04-20,120000000,123016743.96906424,0.2413838178253314,0.2162267394890052
B,B0 ㎡단가,"㎡당 446만원(같은 건물 3건+법정동, 기준일 시점보정) × 44.68㎡",199143098.9121211,117782087.18320324,336706326.00216323,0.6,"㎡당 446만원(같은 건물 3건+법정동, 기준일 시점보정) × 44.68㎡",㎡단가,같은 건물,3,법정동,,0.5122380792777933,0.01004453456270721,-0.2170143113083416,1150010300101050241,11500,44.68,[],화곡동,B,False,44.68,2026-04-21,206000000,211178743.81356028,0.05699269104500826,-0.058681245631111205
B,B0 ㎡단가,"㎡당 508만원(법정동 13153건, 기준일 시점보정) × 61㎡",309692581.56353277,160628751.44376948,597087969.7029828,0.45,"㎡당 508만원(법정동 13153건, 기준일 시점보정) × 61㎡",㎡단가,법정동,13153,법정동,,0.5122380792777933,,,1150010300101570004,11500,61.0,[],화곡동,B,False,61.0,2026-04-21,257000000,263460860.00041258,0.17547851913581314,0.16167531502056667
B,B0 ㎡단가,"㎡당 399만원(같은 건물 4건+법정동, 기준일 시점보정) × 58.97㎡",235208519.06744075,139112780.96188766,397684864.46299523,0.6,"㎡당 399만원(같은 건물 4건+법정동, 기준일 시점보정) × 58.97㎡",㎡단가,같은 건물,4,법정동,,0.5122380792777933,0.09436336984335059,-0.3618940095253027,1150010300104580011,11500,58.97,[],화곡동,B,False,58.97,2026-04-21,180000000,184525115.95359635,0.2746694012461158,0.24268685184780964
B,B0 ㎡단가,"㎡당 357만원(같은 건물 3건+법정동, 기준일 시점보정) × 41.22㎡",146994340.1242857,86938991.50176503,248534468.31316784,0.6,"㎡당 357만원(같은 건물 3건+법정동, 기준일 시점보정) × 41.22㎡",㎡단가,같은 건물,3,법정동,,0.5122380792777933,0.029051822751841,-0.5887262681308538,1150010300104600011,11500,41.22,[],화곡동,B,False,41.22,2026-04-21,115000000,117891046.30368656,0.24686602361327123,0.22063322196302657
B,B0 ㎡단가,"㎡당 577만원(같은 건물 4건+법정동, 기준일 시점보정) × 40.5㎡",233494301.0418718,138098916.1679704,394786506.1643192,0.6,"㎡당 577만원(같은 건물 4건+법정동, 기준일 시점보정) × 40.5㎡",㎡단가,같은 건물,4,법정동,,0.5122380792777933,0.004992821870507344,0.19072414069180965,1150010300109750001,11500,40.5,[],화곡동,B,False,40.5,2026-04-21,195000000,199902208.94972938,0.16804262578504078,0.15532937841909392
B,B0 ㎡단가,"㎡당 1,156만원(같은 건물 2건+법정동, 기준일 시점보정) × 104.98㎡",1213658045.6407218,921100859.4806461,1599136334.080693,0.6,"㎡당 1,156만원(같은 건물 2건+법정동, 기준일 시점보정) × 104.98㎡",㎡단가,같은 건물,2,법정동,,0.26902379359414275,0.33205729552955476,-0.645860960173696,1168010100106740043,11680,104.98,[],역삼동,B,False,104.98,2026-04-21,980000000,984194336.653852,0.2331487801149315,0.20957088204057459
B,B0 ㎡단가,"㎡당 1,129만원(같은 건물 2건+법정동, 기준일 시점보정) × 41.27㎡",466060951.5297524,327602886.8563845,663036924.4457866,0.6,"㎡당 1,129만원(같은 건물 2건+법정동, 기준일 시점보정) × 41.27㎡",㎡단가,같은 건물,2,법정동,,0.3438224277939293,0.5828829858291482,-0.41813536492287184,1168010300101600004,11680,41.27,[],개포동,B,False,41.27,2026-04-21,590000000,592525161.8630333,0.2134326413002425,-0.24007691654038302
B,B0 ㎡단가,"㎡당 1,722만원(같은 건물 2건+법정동, 기준일 시점보정) × 59.97㎡",1032914556.9891458,663999137.457202,1606797993.9339168,0.6,"㎡당 1,722만원(같은 건물 2건+법정동, 기준일 시점보정) × 59.97㎡",㎡단가,같은 건물,2,법정동,,0.4309641285959724,0.5988626831994439,-0.29869238179844615,1168010500100470026,11680,59.97,[],삼성동,B,False,59.97,2026-04-22,950000000,954065938.5930197,0.08264483114490564,0.07940696515045083
B,B0 ㎡단가,"㎡당 604만원(법정동 3717건, 기준일 시점보정) × 68.67㎡",414637019.79273254,250416782.35998166,686550863.5737247,0.45,"㎡당 604만원(법정동 3717건, 기준일 시점보정) × 68.67㎡",㎡단가,법정동,3717,법정동,,0.3934744282256035,,,1162010100106350337,11620,68.67,[],봉천동,B,False,68.67,2026-04-23,180000000,184258424.56783617,1.2503015575284087,0.8110642328038863
B,B0 ㎡단가,"㎡당 704만원(같은 건물 1건+법정동, 기준일 시점보정) × 55.44㎡",390498623.31232643,226713877.01668814,672606268.3741131,0.6,"㎡당 704만원(같은 건물 1건+법정동, 기준일 시점보정) × 55.44㎡",㎡단가,같은 건물,1,법정동,,0.5303289589715827,0.0,0.24223584429332767,1162010200104150020,11620,55.44,[],신림동,B,False,55.44,2026-04-23,410000000,419699744.84896016,0.06957621941643664,-0.07211511857770572
B,B0 ㎡단가,"㎡당 1,838만원(같은 건물 5건+법정동, 기준일 시점보정) × 29.68㎡",545565138.3998457,350711275.07405555,848679074.1882858,0.6,"㎡당 1,838만원(같은 건물 5건+법정동, 기준일 시점보정) × 29.68㎡",㎡단가,같은 건물,5,법정동,,0.4309641285959724,0.04485645683392562,-0.11800980191994626,1168010500100240018,11680,29.68,[],삼성동,B,False,29.68,2026-04-24,510000000,512182767.03414744,0.06517667815924909,0.06314068038754748
B,B0 ㎡단가,"㎡당 613만원(같은 건물 1건+법정동, 기준일 시점보정) × 46.8㎡",286768132.1345598,166490510.2342975,493937831.6050324,0.6,"㎡당 613만원(같은 건물 1건+법정동, 기준일 시점보정) × 46.8㎡",㎡단가,같은 건물,1,법정동,,0.5303289589715827,0.0,-0.175761069525036,1162010200104120451,11620,46.8,[],신림동,B,False,46.8,2026-04-24,370000000,378753428.2783299,0.2428632700749417,-0.2782114210817918
B,B0 ㎡단가,"㎡당 725만원(같은 건물 6건+법정동, 기준일 시점보정) × 29.98㎡",217426451.56600642,128595675.2414641,367619375.6268868,0.6,"㎡당 725만원(같은 건물 6건+법정동, 기준일 시점보정) × 29.98㎡",㎡단가,같은 건물,6,법정동,,0.5122380792777933,0.10262164029004518,0.4754985040668025,1150010300103590028,11500,29.98,[],화곡동,B,False,29.98,2026-04-25,195000000,199902208.94972938,0.08766407689213662,0.08403234790328237
B,B0 ㎡단가,"㎡당 604만원(법정동 3717건, 기준일 시점보정) × 55.26㎡",333665963.50293225,201514946.748399,552479987.2008731,0.45,"㎡당 604만원(법정동 3717건, 기준일 시점보정) × 55.26㎡",㎡단가,법정동,3717,법정동,,0.3934744282256035,,,1162010100101000263,11620,55.26,[],봉천동,B,False,55.26,2026-04-25,400000000,409463165.7063026,0.18511360374167996,-0.20470656655120162
B,B0 ㎡단가,"㎡당 650만원(법정동 5683건, 기준일 시점보정) × 42.3㎡",274833344.39066696,139281254.1226698,542308206.9783355,0.45,"㎡당 650만원(법정동 5683건, 기준일 시점보정) × 42.3㎡",㎡단가,법정동,5683,법정동,,0.5303289589715827,,,1162010200106460472,11620,42.3,[],신림동,B,False,42.3,2026-04-25,205500000,210361701.38161296,0.30647994661393846,0.26733645692383273
B,B0 ㎡단가,"㎡당 469만원(같은 건물 9건+법정동, 기준일 시점보정) × 34.08㎡",159907094.87239507,92838118.43812893,275428664.65535086,0.6,"㎡당 469만원(같은 건물 9건+법정동, 기준일 시점보정) × 34.08㎡",㎡단가,같은 건물,9,법정동,,0.5303289589715827,0.07292961107680086,-0.3978278576966048,1162010200100920175,11620,34.08,[],신림동,B,False,34.08,2026-04-27,155000000,158666976.71119225,0.007815855491216031,0.007785469916168425
B,B0 ㎡단가,"㎡당 667만원(같은 건물 2건+법정동, 기준일 시점보정) × 44.39㎡",296081430.6002154,171897581.80103534,509979329.7135386,0.6,"㎡당 667만원(같은 건물 2건+법정동, 기준일 시점보정) × 44.39㎡",㎡단가,같은 건물,2,법정동,,0.5303289589715827,0.03096435092467957,0.05248498702209048,1162010200106260034,11620,44.39,[],신림동,B,False,44.39,2026-04-27,240000000,245677899.42378154,0.20516103114953116,0.18661319382288857
B,B0 ㎡단가,"㎡당 604만원(법정동 3717건, 기준일 시점보정) × 64.45㎡",389156195.2183136,235027837.82002047,644360028.5033716,0.45,"㎡당 604만원(법정동 3717건, 기준일 시점보정) × 64.45㎡",㎡단가,법정동,3717,법정동,,0.3934744282256035,,,1162010100101960105,11620,64.45,[],봉천동,B,False,64.45,2026-04-28,299000000,306073716.3654612,0.2714459766079667,0.240154817056021
B,B0 ㎡단가,"㎡당 469만원(같은 건물 2건+법정동, 기준일 시점보정) × 116.18㎡",545070357.6668358,316454416.62590486,938845151.7751125,0.6,"㎡당 469만원(같은 건물 2건+법정동, 기준일 시점보정) × 116.18㎡",㎡단가,같은 건물,2,법정동,,0.5303289589715827,0.20497961238783197,-0.6512072742183612,1162010200103060056,11620,116.18,[],신림동,B,False,116.18,2026-04-28,392500000,401785731.34930944,0.35661949924487435,0.3049959430406326
B,B0 ㎡단가,"㎡당 422만원(같은 건물 2건+법정동, 기준일 시점보정) × 64.12㎡",270291633.6750986,159862495.54376692,457002544.5070829,0.6,"㎡당 422만원(같은 건물 2건+법정동, 기준일 시점보정) × 64.12㎡",㎡단가,같은 건물,2,법정동,,0.5122380792777933,0.4404009085888855,-0.37192219166640683,1150010300103920012,11500,64.12,[],화곡동,B,False,64.12,2026-04-28,285000000,292164766.92652756,0.0748657460703656,-0.07781641261802455
B,B0 ㎡단가,"㎡당 520만원(같은 건물 3건+법정동, 기준일 시점보정) × 75.13㎡",390547223.08199304,260897453.06539112,584624846.5247637,0.6,"㎡당 520만원(같은 건물 3건+법정동, 기준일 시점보정) × 75.13㎡",㎡단가,같은 건물,3,법정동,,0.3934744282256035,0.09500232871160565,-0.24960353065185714,1162010100106620123,11620,75.13,[],봉천동,B,False,75.13,2026-04-29,300000000,307097374.2797269,0.27173742204078194,0.24038401439526602
B,B0 ㎡단가,"㎡당 620만원(같은 건물 5건+법정동, 기준일 시점보정) × 31.34㎡",194369635.20161122,129844842.77514166,290959227.0355476,0.6,"㎡당 620만원(같은 건물 5건+법정동, 기준일 시점보정) × 31.34㎡",㎡단가,같은 건물,5,법정동,,0.3934744282256035,0.31038578287696816,0.03748553425397283,1162010100100410109,11620,31.34,[],봉천동,B,False,31.34,2026-04-29,190000000,194495003.71049374,0.0006445847270664797,-0.0006447925611176078
B,B0 ㎡단가,"㎡당 619만원(같은 건물 5건+법정동, 기준일 시점보정) × 42.535㎡",263151343.65362284,155639410.40339792,444929915.16238266,0.6,"㎡당 619만원(같은 건물 5건+법정동, 기준일 시점보정) × 42.535㎡",㎡단가,같은 건물,5,법정동,,0.5122380792777933,0.12975763563289777,0.2767740954972524,1150010300108320021,11500,42.535,[],화곡동,B,False,42.535,2026-04-29,280000000,287039069.2611499,0.0832211645230561,-0.08688901850088704
B,B0 ㎡단가,"㎡당 576만원(같은 건물 1건+법정동, 기준일 시점보정) × 29.74㎡",171217167.9595588,101265449.38809557,289489838.6491334,0.6,"㎡당 576만원(같은 건물 1건+법정동, 기준일 시점보정) × 29.74㎡",㎡단가,같은 건물,1,법정동,,0.5122380792777933,0.0,0.37720058666314316,1150010300111150034,11500,29.74,[],화곡동,B,False,29.74,2026-04-29,210000000,215279301.9458624,0.20467427006700425,-0.22900352505527147
B,B0 ㎡단가,"㎡당 483만원(같은 건물 3건+법정동, 기준일 시점보정) × 40.92㎡",197630758.76368284,116887621.94595887,334149297.9262322,0.6,"㎡당 483만원(같은 건물 3건+법정동, 기준일 시점보정) × 40.92㎡",㎡단가,같은 건물,3,법정동,,0.5122380792777933,0.020869492262250117,-0.08320795836996098,1150010300101050130,11500,40.92,[],화곡동,B,False,40.92,2026-04-30,182000000,186575395.01974744,0.059254135534673735,0.05756501472712854
B,B0 ㎡단가,"㎡당 749만원(같은 건물 1건+법정동, 기준일 시점보정) × 49.005㎡",367122554.0104665,213142307.2736709,632342641.8112013,0.6,"㎡당 749만원(같은 건물 1건+법정동, 기준일 시점보정) × 49.005㎡",㎡단가,같은 건물,1,법정동,,0.5303289589715827,0.0,0.4271867571327288,1162010200105630020,11620,49.005,[],신림동,B,False,49.005,2026-04-30,410000000,419699744.84896016,0.12527334477511992,-0.1338438354584102
B,B0 ㎡단가,"㎡당 442만원(같은 건물 1건+법정동, 기준일 시점보정) × 32.959㎡",145599488.689931,86114014.31628254,246176087.308021,0.6,"㎡당 442만원(같은 건물 1건+법정동, 기준일 시점보정) × 32.959㎡",㎡단가,같은 건물,1,법정동,,0.5122380792777933,0.0,-0.4173330289846682,1150010300109570002,11500,32.959,[],화곡동,B,False,32.959,2026-05-01,152000000,155667732.95956606,0.06467778567990214,-0.06686419481320688
B,B0 ㎡단가,"㎡당 650만원(법정동 5683건, 기준일 시점보정) × 61.39㎡",398865697.6865962,202138917.0352408,787052028.992907,0.45,"㎡당 650만원(법정동 5683건, 기준일 시점보정) × 61.39㎡",㎡단가,법정동,5683,법정동,,0.5303289589715827,,,1162010200104930004,11620,61.39,[],신림동,B,False,61.39,2026-05-01,360000000,369584979.1523601,0.07922594311433112,0.07624406483145188
B,B0 ㎡단가,"㎡당 1,679만원(같은 건물 4건+법정동, 기준일 시점보정) × 23.63㎡",396799266.22187984,301149196.4075519,522829413.30230933,0.6,"㎡당 1,679만원(같은 건물 4건+법정동, 기준일 시점보정) × 23.63㎡",㎡단가,같은 건물,4,법정동,,0.26902379359414275,0.05302768470952906,0.07553783177384688,1168010100107960001,11680,23.63,[],역삼동,B,False,23.63,2026-05-02,385000000,390843418.67106533,0.015238449123859915,0.015123510148318545
B,B0 ㎡단가,"㎡당 1,751만원(같은 건물 1건+법정동, 기준일 시점보정) × 26.17㎡",458321758.6774127,294627711.8281216,712963601.3319058,0.6,"㎡당 1,751만원(같은 건물 1건+법정동, 기준일 시점보정) × 26.17㎡",㎡단가,같은 건물,1,법정동,,0.4309641285959724,0.0,-0.39805126552243664,1168010500100300005,11680,26.17,[],삼성동,B,False,26.17,2026-05-05,350000000,355312198.79187757,0.289912815365713,0.25457463110179324
B,B0 ㎡단가,"㎡당 707만원(같은 건물 4건+법정동, 기준일 시점보정) × 28.33㎡",200359012.9081228,116323505.12873967,345104233.3111327,0.6,"㎡당 707만원(같은 건물 4건+법정동, 기준일 시점보정) × 28.33㎡",㎡단가,같은 건물,4,법정동,,0.5303289589715827,0.032684472270514464,0.1272175507967308,1162010200116780042,11620,28.33,[],신림동,B,False,28.33,2026-05-05,160000000,164259990.73438227,0.21976758924889203,0.19866033998195579
B,B0 ㎡단가,"㎡당 1,348만원(같은 건물 15건+법정동, 기준일 시점보정) × 28.24㎡",380735058.32519156,254342627.8283671,569936647.5670248,0.6,"㎡당 1,348만원(같은 건물 15건+법정동, 기준일 시점보정) × 28.24㎡",㎡단가,같은 건물,15,법정동,,0.3934744282256035,0.05254182287170688,0.9103763747863773,1162010100115150004,11620,28.24,[],봉천동,B,False,28.24,2026-05-05,314000000,322360231.81622523,0.1810856946592758,0.16643409568294484
B,B0 ㎡단가,"㎡당 684만원(같은 건물 7건+법정동, 기준일 시점보정) × 38.88㎡",265811606.68983313,157212808.29954818,449427823.44047475,0.6,"㎡당 684만원(같은 건물 7건+법정동, 기준일 시점보정) × 38.88㎡",㎡단가,같은 건물,7,법정동,,0.5122380792777933,0.12608556706948568,0.3826305820804592,1150010300109320008,11500,38.88,[],화곡동,B,False,38.88,2026-05-05,232000000,237598118.7277587,0.11874457640130394,0.11220714268572797
B,B0 ㎡단가,"㎡당 901만원(같은 건물 4건+법정동, 기준일 시점보정) × 32.09㎡",289286692.25681233,167952724.17239586,498275873.34032744,0.6,"㎡당 901만원(같은 건물 4건+법정동, 기준일 시점보정) × 32.09㎡",㎡단가,같은 건물,4,법정동,,0.5303289589715827,0.00860901007270653,0.4912439227297458,1162010200116690001,11620,32.09,[],신림동,B,False,32.09,2026-05-05,285000000,292588108.4956184,0.011283494246504924,-0.011347635818182149
B,B0 ㎡단가,"㎡당 388만원(같은 건물 4건+법정동, 기준일 시점보정) × 55.26㎡",214533855.8025149,126884865.43553823,362728644.8033977,0.6,"㎡당 388만원(같은 건물 4건+법정동, 기준일 시점보정) × 55.26㎡",㎡단가,같은 건물,4,법정동,,0.5122380792777933,0.10205416636929944,-0.40243203985594533,1150010300101020147,11500,55.26,[],화곡동,B,False,55.26,2026-05-06,183000000,187415757.4447407,0.14469486839050838,0.1351381110026639
B,B0 ㎡단가,"㎡당 677만원(같은 건물 7건+법정동, 기준일 시점보정) × 36.27㎡",245542041.26050535,145224485.65314683,415156533.3849698,0.6,"㎡당 677만원(같은 건물 7건+법정동, 기준일 시점보정) × 36.27㎡",㎡단가,같은 건물,7,법정동,,0.5122380792777933,0.07701104626277575,0.36999123155709235,1150010300103510042,11500,36.27,[],화곡동,B,False,36.27,2026-05-06,235000000,240670508.19406593,0.02024150405047233,0.02003936794783386
B,B0 ㎡단가,"㎡당 692만원(같은 건물 9건+법정동, 기준일 시점보정) × 38.12㎡",263805498.76442155,156026306.83471957,446035944.772225,0.6,"㎡당 692만원(같은 건물 9건+법정동, 기준일 시점보정) × 38.12㎡",㎡단가,같은 건물,9,법정동,,0.5122380792777933,0.1684849432113557,0.3786037894546279,1150010300103570014,11500,38.12,[],화곡동,B,False,38.12,2026-05-06,265000000,271394402.85713816,0.02796264039649852,-0.028361039454263184
B,B0 ㎡단가,"㎡당 508만원(법정동 13153건, 기준일 시점보정) × 59.92㎡",304209499.79158807,157784832.56574857,586516576.141028,0.45,"㎡당 508만원(법정동 13153건, 기준일 시점보정) × 59.92㎡",㎡단가,법정동,13153,법정동,,0.5122380792777933,,,1150010300104090081,11500,59.92,[],화곡동,B,False,59.92,2026-05-06,245000000,250911806.41509002,0.21241604425869967,0.1926150995836787
B,B0 ㎡단가,"㎡당 942만원(같은 건물 1건+법정동, 기준일 시점보정) × 46.85㎡",441366488.26893514,294846271.7237287,660698118.4736973,0.6,"㎡당 942만원(같은 건물 1건+법정동, 기준일 시점보정) × 46.85㎡",㎡단가,같은 건물,1,법정동,,0.3934744282256035,0.0,1.3345004911000338,1162010100100040039,11620,46.85,[],봉천동,B,False,46.85,2026-05-06,810000000,831566203.0928103,0.46923469637489024,-0.63343534485288
B,B0 ㎡단가,"㎡당 650만원(법정동 5683건, 기준일 시점보정) × 75.7㎡",491841233.3421638,249257468.96184686,970513741.5664321,0.45,"㎡당 650만원(법정동 5683건, 기준일 시점보정) × 75.7㎡",㎡단가,법정동,5683,법정동,,0.5303289589715827,,,1162010200103060003,11620,75.7,[],신림동,B,False,75.7,2026-05-06,365000000,374718103.86280954,0.31256330631475165,0.2719819477031175
B,B0 ㎡단가,"㎡당 1,405만원(법정동 1091건, 기준일 시점보정) × 24.67㎡",346700923.5525656,233299665.9484033,515223756.9803712,0.45,"㎡당 1,405만원(법정동 1091건, 기준일 시점보정) × 24.67㎡",㎡단가,법정동,1091,법정동,,0.3090970422543099,,,1168010800101740000,11680,24.67,[],논현동,B,False,24.67,2026-05-07,115000000,116745436.74590263,1.9697171317039388,1.0884667064282896
B,B0 ㎡단가,"㎡당 534만원(같은 건물 2건+법정동, 기준일 시점보정) × 62.98㎡",336427906.4159582,195321751.3373031,579473281.6007092,0.6,"㎡당 534만원(같은 건물 2건+법정동, 기준일 시점보정) × 62.98㎡",㎡단가,같은 건물,2,법정동,,0.5303289589715827,0.1349932566842317,-0.3916222849494684,1162010200100990025,11620,62.98,[],신림동,B,False,62.98,2026-05-07,210000000,215591237.83887672,0.5604897016612032,0.4449996833228795
B,B0 ㎡단가,"㎡당 572만원(같은 건물 3건+법정동, 기준일 시점보정) × 33.41㎡",190963540.58644477,110868725.44633617,328921196.5457464,0.6,"㎡당 572만원(같은 건물 3건+법정동, 기준일 시점보정) × 33.41㎡",㎡단가,같은 건물,3,법정동,,0.5303289589715827,0.08339518739787238,-0.21358423506236512,1162010200100980242,11620,33.41,[],신림동,B,False,33.41,2026-05-07,120000000,123194993.0507867,0.5500917355279261,0.4383141133914042
B,B0 ㎡단가,"㎡당 481만원(같은 건물 1건+법정동, 기준일 시점보정) × 39.38㎡",189396574.77922928,112017559.25617708,320227139.17618346,0.6,"㎡당 481만원(같은 건물 1건+법정동, 기준일 시점보정) × 39.38㎡",㎡단가,같은 건물,1,법정동,,0.5122380792777933,0.0,-0.1623637383219183,1150010300107730006,11500,39.38,[],화곡동,B,False,39.38,2026-05-07,175000000,179222718.86792144,0.05676655267575472,0.05521382409960266
B,B0 ㎡단가,"㎡당 508만원(법정동 13153건, 기준일 시점보정) × 39.25㎡",199269406.98965022,103355385.15029433,384191849.3580669,0.45,"㎡당 508만원(법정동 13153건, 기준일 시점보정) × 39.25㎡",㎡단가,법정동,13153,법정동,,0.5122380792777933,,,1150010300104210025,11500,39.25,[],화곡동,B,False,39.25,2026-05-08,99000000,101388852.38813841,0.9653975984145073,0.67569456501327
B,B0 ㎡단가,"㎡당 702만원(같은 건물 2건+법정동, 기준일 시점보정) × 32.26㎡",226408366.584567,151247692.2213519,338919210.6446905,0.6,"㎡당 702만원(같은 건물 2건+법정동, 기준일 시점보정) × 32.26㎡",㎡단가,같은 건물,2,법정동,,0.3934744282256035,0.007713915537838475,0.30084232812435197,1162010100101800099,11620,32.26,[],봉천동,B,False,32.26,2026-05-08,299000000,306960857.68487686,0.2624194228145019,-0.30437993953562004
B,B0 ㎡단가,"㎡당 563만원(같은 건물 1건+법정동, 기준일 시점보정) × 66.82㎡",376164115.7115701,251289098.79136372,563094231.4236615,0.6,"㎡당 563만원(같은 건물 1건+법정동, 기준일 시점보정) × 66.82㎡",㎡단가,같은 건물,1,법정동,,0.3934744282256035,0.0,-0.21020392373102048,1162010100101800327,11620,66.82,[],봉천동,B,False,66.82,2026-05-08,300000000,307987482.6269668,0.22136170114153172,0.19996638479122641
B,B0 ㎡단가,"㎡당 896만원(같은 건물 8건+법정동, 기준일 시점보정) × 29.99㎡",268580274.870669,179419812.80621997,402047928.3829874,0.6,"㎡당 896만원(같은 건물 8건+법정동, 기준일 시점보정) × 29.99㎡",㎡단가,같은 건물,8,법정동,,0.3934744282256035,0.33737588494068027,0.4927434850596768,1162010100106350467,11620,29.99,[],봉천동,B,False,29.99,2026-05-08,210000000,215591237.83887672,0.24578474321574204,0.2197656471870168
B,B0 ㎡단가,"㎡당 508만원(법정동 13153건, 기준일 시점보정) × 19.69㎡",99964703.78665513,51848854.359472506,192732165.9582252,0.45,"㎡당 508만원(법정동 13153건, 기준일 시점보정) × 19.69㎡",㎡단가,법정동,13153,법정동,,0.5122380792777933,,,1150010300103420076,11500,19.69,[],화곡동,B,False,19.69,2026-05-09,145000000,148498824.20484918,0.32683168151717384,-0.3957598788500976
B,B0 ㎡단가,"㎡당 2,008만원(법정동 215건, 기준일 시점보정) × 50.94㎡",1022703480.1927072,581153461.4003417,1799735315.828681,0.45,"㎡당 2,008만원(법정동 215건, 기준일 시점보정) × 50.94㎡",㎡단가,법정동,215,법정동,,0.44100344534797475,,,1168010400100220005,11680,50.94,[],청담동,B,False,50.94,2026-05-09,380000000,385767530.1168957,1.6510875082794203,0.9749699362978912
B,B0 ㎡단가,"㎡당 1,284만원(같은 건물 5건+법정동, 기준일 시점보정) × 29.9㎡",383811923.0981346,279566903.7955487,526927867.0411555,0.6,"㎡당 1,284만원(같은 건물 5건+법정동, 기준일 시점보정) × 29.9㎡",㎡단가,같은 건물,5,법정동,,0.3090970422543099,0.21298025300260925,-0.12681258432450804,1168010800102190009,11680,29.9,[],논현동,B,False,29.9,2026-05-09,339000000,344145243.9727043,0.11526144795008827,0.10908885989181204
B,B0 ㎡단가,"㎡당 1,340만원(같은 건물 1건+법정동, 기준일 시점보정) × 39.68㎡",531660590.29422337,414730341.877334,681558484.4660488,0.6,"㎡당 1,340만원(같은 건물 1건+법정동, 기준일 시점보정) × 39.68㎡",㎡단가,같은 건물,1,법정동,,0.2422526208914518,0.0,-0.18601402353041863,1168011800104540001,11680,39.68,[],도곡동,B,False,39.68,2026-05-09,535000000,543120075.2961557,0.021099358177256895,-0.02132513105785933
B,B0 ㎡단가,"㎡당 562만원(같은 건물 2건+법정동, 기준일 시점보정) × 55.63㎡",312725727.1136402,208910320.92895475,468130918.3954268,0.6,"㎡당 562만원(같은 건물 2건+법정동, 기준일 시점보정) × 55.63㎡",㎡단가,같은 건물,2,법정동,,0.3934744282256035,0.11629888594988341,-0.14297430533063782,1162010100104570139,11620,55.63,[],봉천동,B,False,55.63,2026-05-10,300000000,307987482.6269668,0.015384535911195969,0.015267393861508634
B,B0 ㎡단가,"㎡당 594만원(같은 건물 1건+법정동, 기준일 시점보정) × 67.05㎡",398450644.6613165,231330624.63760635,686303062.8985273,0.6,"㎡당 594만원(같은 건물 1건+법정동, 기준일 시점보정) × 67.05㎡",㎡단가,같은 건물,1,법정동,,0.5303289589715827,0.0,-0.2676983384240277,1162010200104120172,11620,67.05,[],신림동,B,False,67.05,2026-05-11,500000000,513312471.0449446,0.22376589867338526,-0.25330112732697785
B,B0 ㎡단가,"㎡당 577만원(같은 건물 8건+법정동, 기준일 시점보정) × 44.15㎡",254545717.15638438,150549660.0886702,430379730.4125176,0.6,"㎡당 577만원(같은 건물 8건+법정동, 기준일 시점보정) × 44.15㎡",㎡단가,같은 건물,8,법정동,,0.5122380792777933,0.06200091369036389,0.1589765738780109,1150010300101600006,11500,44.15,[],화곡동,B,False,44.15,2026-05-11,230000000,235549859.08355388,0.08064474394821147,0.07755784814862243
B,B0 ㎡단가,"㎡당 527만원(같은 건물 2건+법정동, 기준일 시점보정) × 45.66㎡",240683617.86407024,142350997.93914697,406942028.8356632,0.6,"㎡당 527만원(같은 건물 2건+법정동, 기준일 시점보정) × 45.66㎡",㎡단가,같은 건물,2,법정동,,0.5122380792777933,0.07606601384001312,0.07510874416623103,1150010300104100239,11500,45.66,[],화곡동,B,False,45.66,2026-05-12,210000000,215067262.64150572,0.11910857518684403,0.11253245338673792
B,B0 ㎡단가,"㎡당 913만원(같은 건물 16건+법정동, 기준일 시점보정) × 29.94㎡",273453672.93155247,161732666.2170912,462348843.85931414,0.6,"㎡당 913만원(같은 건물 16건+법정동, 기준일 시점보정) × 29.94㎡",㎡단가,같은 건물,16,법정동,,0.5122380792777933,0.02885784937892917,0.660634395338974,1150010300110700011,11500,29.94,[],화곡동,B,False,29.94,2026-05-12,310000000,317480244.85174656,0.1386749967411457,-0.1492833739336211
B,B0 ㎡단가,"㎡당 714만원(같은 건물 4건+법정동, 기준일 시점보정) × 29.92㎡",213743568.40582675,142787220.8797676,319960797.28539574,0.6,"㎡당 714만원(같은 건물 4건+법정동, 기준일 시점보정) × 29.92㎡",㎡단가,같은 건물,4,법정동,,0.3934744282256035,0.07384677337052958,0.2522382017439462,1162010100106220106,11620,29.92,[],봉천동,B,False,29.92,2026-05-13,255000000,261789360.23292175,0.1835284359316484,-0.20276319379369134
B,B0 ㎡단가,"㎡당 773만원(같은 건물 3건+법정동, 기준일 시점보정) × 36.42㎡",281706182.00014913,163551666.7359441,485218980.4046821,0.6,"㎡당 773만원(같은 건물 3건+법정동, 기준일 시점보정) × 36.42㎡",㎡단가,같은 건물,3,법정동,,0.5303289589715827,0.02050862691553705,0.2906145636038868,1162010200104090307,11620,36.42,[],신림동,B,False,36.42,2026-05-13,335000000,343919355.60011286,0.18089465622371417,-0.19954257852106827
B,B0 ㎡단가,"㎡당 601만원(같은 건물 3건+법정동, 기준일 시점보정) × 53.76㎡",323045406.0726684,187552201.44422254,556422870.9716909,0.6,"㎡당 601만원(같은 건물 3건+법정동, 기준일 시점보정) × 53.76㎡",㎡단가,같은 건물,3,법정동,,0.5303289589715827,0.6025809811446422,-0.13019102384656023,1162010200104120316,11620,53.76,[],신림동,B,False,53.76,2026-05-13,285000000,292588108.4956184,0.10409615665397447,0.09902704248051164
B,B0 ㎡단가,"㎡당 566만원(같은 건물 3건+법정동, 기준일 시점보정) × 72.72㎡",411737104.9000161,239044416.01283085,709188051.2379231,0.6,"㎡당 566만원(같은 건물 3건+법정동, 기준일 시점보정) × 72.72㎡",㎡단가,같은 건물,3,법정동,,0.5303289589715827,0.012128299284054803,-0.22934867767324896,1162010200105240006,11620,72.72,[],신림동,B,False,72.72,2026-05-13,425000000,436315600.3882029,0.05633191998250478,-0.05798078481693756
B,B0 ㎡단가,"㎡당 1,032만원(같은 건물 5건+법정동, 기준일 시점보정) × 26.41㎡",272424175.57870924,181987655.68230003,407802008.1169576,0.6,"㎡당 1,032만원(같은 건물 5건+법정동, 기준일 시점보정) × 26.41㎡",㎡단가,같은 건물,5,법정동,,0.3934744282256035,0.0338352906575336,0.7497371427719415,1162010100108990004,11620,26.41,[],봉천동,B,False,26.41,2026-05-14,350000000,359318729.7314612,0.2418314075018942,-0.276849500527205
B,B0 ㎡단가,"㎡당 1,259만원(같은 건물 7건+법정동, 기준일 시점보정) × 14.55㎡",183132643.27525675,138987778.0860004,241298663.05388853,0.6,"㎡당 1,259만원(같은 건물 7건+법정동, 기준일 시점보정) × 14.55㎡",㎡단가,같은 건물,7,법정동,,0.26902379359414275,0.14125159364733875,-0.305916630621919,1168010100107410021,11680,14.55,[],역삼동,B,False,14.55,2026-05-14,205000000,208111430.72095686,0.12002602336241947,-0.12786294394989464
B,B0 ㎡단가,"㎡당 2,000만원(법정동 248건, 기준일 시점보정) × 84.99㎡",1699645720.2304056,978334348.5101373,2952769243.660672,0.45,"㎡당 2,000만원(법정동 248건, 기준일 시점보정) × 84.99㎡",㎡단가,법정동,248,법정동,,0.4309641285959724,,,1168010500100950000,11680,84.99,[],삼성동,B,False,84.99,2026-05-14,2150000000,2182632078.292962,0.22128619975213618,-0.2501116943938285
B,B0 ㎡단가,"㎡당 1,369만원(같은 건물 5건+법정동, 기준일 시점보정) × 29.26㎡",400610692.22402954,291803052.7775643,549990567.9415686,0.6,"㎡당 1,369만원(같은 건물 5건+법정동, 기준일 시점보정) × 29.26㎡",㎡단가,같은 건물,5,법정동,,0.3090970422543099,0.02432514593502346,-0.03654821544657594,1168010800101760001,11680,29.26,[],논현동,B,False,29.26,2026-05-15,450000000,456829969.87527114,0.12306389982818164,-0.1313211510982369
B,B0 ㎡단가,"㎡당 586만원(같은 건물 1건+법정동, 기준일 시점보정) × 42.68㎡",250106566.8427133,145205708.93509504,430790877.5529554,0.6,"㎡당 586만원(같은 건물 1건+법정동, 기준일 시점보정) × 42.68㎡",㎡단가,같은 건물,1,법정동,,0.5303289589715827,0.0,-0.30966341861627456,1162010200105460021,11620,42.68,[],신림동,B,False,42.68,2026-05-15,198000000,203271738.53379807,0.2304050166871967,0.20734339704246216
B,B0 ㎡단가,"㎡당 1,106만원(같은 건물 2건+법정동, 기준일 시점보정) × 34.01㎡",376046025.80058193,251210211.13018307,562917458.1885511,0.6,"㎡당 1,106만원(같은 건물 2건+법정동, 기준일 시점보정) × 34.01㎡",㎡단가,같은 건물,2,법정동,,0.3934744282256035,0.058991364581090486,1.209931764315428,1162010100100010618,11620,34.01,[],봉천동,B,False,34.01,2026-05-15,810000000,831566203.0928103,0.5477858234233555,-0.7935993693938411
B,B0 ㎡단가,"㎡당 438만원(같은 건물 5건+법정동, 기준일 시점보정) × 59.94㎡",262528273.24620256,155270898.8483958,443876442.81576765,0.6,"㎡당 438만원(같은 건물 5건+법정동, 기준일 시점보정) × 59.94㎡",㎡단가,같은 건물,5,법정동,,0.5122380792777933,0.15823399947151973,-0.20676816573016943,1150010300103390011,11500,59.94,[],화곡동,B,False,59.94,2026-05-15,278000000,284708090.5444695,0.07790371273205031,-0.08110562783279553
B,B0 ㎡단가,"㎡당 889만원(같은 건물 3건+법정동, 기준일 시점보정) × 29.93㎡",266089575.57046127,157377211.4604471,449897806.4880948,0.6,"㎡당 889만원(같은 건물 3건+법정동, 기준일 시점보정) × 29.93㎡",㎡단가,같은 건물,3,법정동,,0.5122380792777933,0.0671975212942239,0.9337756859942061,1150010300101050102,11500,29.93,[],화곡동,B,False,29.93,2026-05-15,198000000,202777704.77627683,0.3122230368670756,0.27172267368604086
B,B0 ㎡단가,"㎡당 925만원(같은 건물 5건+법정동, 기준일 시점보정) × 29.56㎡",273466379.23608196,182683879.50291312,409362122.02182883,0.6,"㎡당 925만원(같은 건물 5건+법정동, 기준일 시점보정) × 29.56㎡",㎡단가,같은 건물,5,법정동,,0.3934744282256035,0.04128726406649494,0.5973317372696307,1162010100100410775,11620,29.56,[],봉천동,B,False,29.56,2026-05-16,300000000,307987482.6269668,0.11208605978541225,-0.11888045485921048
B,B0 ㎡단가,"㎡당 546만원(같은 건물 1건+법정동, 기준일 시점보정) × 34.32㎡",187487372.22556433,125247281.26233093,280656908.3956587,0.6,"㎡당 546만원(같은 건물 1건+법정동, 기준일 시점보정) × 34.32㎡",㎡단가,같은 건물,1,법정동,,0.3934744282256035,0.0,-0.30032353012022206,1162010100101000318,11620,34.32,[],봉천동,B,False,34.32,2026-05-16,127000000,130381367.64541593,0.4379920659787325,0.3632477418835872
B,B0 ㎡단가,"㎡당 675만원(같은 건물 1건+법정동, 기준일 시점보정) × 79.06㎡",533657175.98233795,309828204.61306804,919186753.2948033,0.6,"㎡당 675만원(같은 건물 1건+법정동, 기준일 시점보정) × 79.06㎡",㎡단가,같은 건물,1,법정동,,0.5303289589715827,0.0,0.11450632461474974,1162010200104080018,11620,79.06,[],신림동,B,False,79.06,2026-05-16,500000000,513312471.0449446,0.03963415285036398,0.03886887516013359
B,B0 ㎡단가,"㎡당 787만원(같은 건물 1건+법정동, 기준일 시점보정) × 29.96㎡",235744831.11234254,136867639.10912988,406053803.2067194,0.6,"㎡당 787만원(같은 건물 1건+법정동, 기준일 시점보정) × 29.96㎡",㎡단가,같은 건물,1,법정동,,0.5303289589715827,0.0,0.5745270894591439,1162010200106290022,11620,29.96,[],신림동,B,False,29.96,2026-05-16,338000000,346999230.42638254,0.32061857652345177,-0.38657256617208147
B,B0 ㎡단가,"㎡당 388만원(같은 건물 4건+법정동, 기준일 시점보정) × 56.87㎡",220638022.28643605,130495141.02589275,373049421.5781611,0.6,"㎡당 388만원(같은 건물 4건+법정동, 기준일 시점보정) × 56.87㎡",㎡단가,같은 건물,4,법정동,,0.5122380792777933,0.14403316467191163,-0.40342616961462774,1150010300100730044,11500,56.87,[],화곡동,B,False,56.87,2026-05-18,200000000,204825964.42048165,0.07719752674272416,0.07436278594703048
B,B0 ㎡단가,"㎡당 911만원(같은 건물 16건+법정동, 기준일 시점보정) × 29.22㎡",266082386.65554327,157372959.61637995,449885651.64495337,0.6,"㎡당 911만원(같은 건물 16건+법정동, 기준일 시점보정) × 29.22㎡",㎡단가,같은 건물,16,법정동,,0.5122380792777933,0.0995706544437066,0.6572770986100842,1150010300101020092,11500,29.22,[],화곡동,B,False,29.22,2026-05-18,360000000,368686735.956867,0.2782968284308647,-0.3261413443325274
B,B0 ㎡단가,"㎡당 737만원(같은 건물 4건+법정동, 기준일 시점보정) × 45.32㎡",333859001.6673613,197459064.64293212,564480709.9430207,0.6,"㎡당 737만원(같은 건물 4건+법정동, 기준일 시점보정) × 45.32㎡",㎡단가,같은 건물,4,법정동,,0.5122380792777933,0.02158850825619024,0.5583960721378052,1150010300104880038,11500,45.32,[],화곡동,B,False,45.32,2026-05-18,250000000,256032455.52560204,0.30397140855440097,0.26541453730886994
B,B0 ㎡단가,"㎡당 1,150만원(같은 건물 5건+법정동, 기준일 시점보정) × 36.66㎡",421474504.86371475,307000161.43944365,578634087.4128611,0.6,"㎡당 1,150만원(같은 건물 5건+법정동, 기준일 시점보정) × 36.66㎡",㎡단가,같은 건물,5,법정동,,0.3090970422543099,0.14713106931699438,-0.28112215525041506,1168010800100270009,11680,36.66,[],논현동,B,False,36.66,2026-05-19,410000000,416222861.4419137,0.012617383397941795,0.012538447498894167
B,B0 ㎡단가,"㎡당 564만원(같은 건물 3건+법정동, 기준일 시점보정) × 60.09㎡",338882054.83803636,226383545.37281656,507285310.43245876,0.6,"㎡당 564만원(같은 건물 3건+법정동, 기준일 시점보정) × 60.09㎡",㎡단가,같은 건물,3,법정동,,0.3934744282256035,0.10045367032653033,-0.11380396016905259,1162010100100410147,11620,60.09,[],봉천동,B,False,60.09,2026-05-20,205000000,210458113.1284273,0.6102114088195842,0.4763654802018198
B,B0 ㎡단가,"㎡당 579만원(같은 건물 5건+법정동, 기준일 시점보정) × 58.1㎡",336352597.3940959,195278028.77516982,579343567.1352905,0.6,"㎡당 579만원(같은 건물 5건+법정동, 기준일 시점보정) × 58.1㎡",㎡단가,같은 건물,5,법정동,,0.5303289589715827,0.04736552877017655,-0.16153685048582744,1162010200105700024,11620,58.1,[],신림동,B,False,58.1,2026-05-21,270000000,277188734.3642701,0.2134425237934637,0.19346138106896013
B,B0 ㎡단가,"㎡당 564만원(같은 건물 3건+법정동, 기준일 시점보정) × 41.58㎡",234445614.26357844,156616818.7320007,350950469.38401353,0.6,"㎡당 564만원(같은 건물 3건+법정동, 기준일 시점보정) × 41.58㎡",㎡단가,같은 건물,3,법정동,,0.3934744282256035,0.2611120193277376,-0.11414451220727173,1162010100116410021,11620,41.58,[],봉천동,B,False,41.58,2026-05-21,220000000,225857487.2597756,0.038024539757342594,0.03731942584896694
B,B0 ㎡단가,"㎡당 530만원(같은 건물 5건+법정동, 기준일 시점보정) × 29.87㎡",158455962.8030614,93717905.00159092,267913502.2002354,0.6,"㎡당 530만원(같은 건물 5건+법정동, 기준일 시점보정) × 29.87㎡",㎡단가,같은 건물,5,법정동,,0.5122380792777933,0.2183891065063285,0.06148214293611076,1150010300100420088,11500,29.87,[],화곡동,B,False,29.87,2026-05-22,155000000,158740122.42587328,0.0017900932572644161,-0.001791697388848545
B,B0 ㎡단가,"㎡당 546만원(같은 건물 1건+법정동, 기준일 시점보정) × 68.58㎡",374609051.3289326,250250268.36880645,560766396.9844322,0.6,"㎡당 546만원(같은 건물 1건+법정동, 기준일 시점보정) × 68.58㎡",㎡단가,같은 건물,1,법정동,,0.3934744282256035,0.0,-0.3006271752955527,1162010100101800188,11620,68.58,[],봉천동,B,False,68.58,2026-05-22,389000000,399357102.4729669,0.06196972832280993,-0.06397305791969905
B,B0 ㎡단가,"㎡당 421만원(같은 건물 2건+법정동, 기준일 시점보정) × 65.64㎡",276029668.70608234,163256224.7062213,466704275.09332246,0.6,"㎡당 421만원(같은 건물 2건+법정동, 기준일 시점보정) × 65.64㎡",㎡단가,같은 건물,2,법정동,,0.5122380792777933,0.2573630062917454,-0.37676635973573624,1150010300104090043,11500,65.64,[],화곡동,B,False,65.64,2026-05-23,270000000,276515051.96765023,0.001755359276516622,-0.0017569017249097771
B,B0 ㎡단가,"㎡당 767만원(같은 건물 2건+법정동, 기준일 시점보정) × 34.35㎡",263547979.14255965,176058085.82177296,394514895.3876522,0.6,"㎡당 767만원(같은 건물 2건+법정동, 기준일 시점보정) × 34.35㎡",㎡단가,같은 건물,2,법정동,,0.3934744282256035,0.20390159248907375,0.4790847060089085,1162010100104800152,11620,34.35,[],봉천동,B,False,34.35,2026-05-23,691000000,709397834.9841135,0.628490578705443,-0.9901810549990303
B,B0 ㎡단가,"㎡당 693만원(같은 건물 3건+법정동, 기준일 시점보정) × 53.56㎡",370984611.9240412,215384522.91945872,638994763.4997753,0.6,"㎡당 693만원(같은 건물 3건+법정동, 기준일 시점보정) × 53.56㎡",㎡단가,같은 건물,3,법정동,,0.5303289589715827,0.02498482438946181,0.10663376019730997,1162010200106080007,11620,53.56,[],신림동,B,False,53.56,2026-05-23,390000000,400383727.41505677,0.07342734851094244,-0.07626282134012947
B,B0 ㎡단가,"㎡당 511만원(같은 건물 2건+법정동, 기준일 시점보정) × 26.42㎡",134956650.40162885,79819366.32698566,228181434.22757098,0.6,"㎡당 511만원(같은 건물 2건+법정동, 기준일 시점보정) × 26.42㎡",㎡단가,같은 건물,2,법정동,,0.5122380792777933,0.029210068143145744,0.012252101488194,1150010300103950009,11500,26.42,[],화곡동,B,False,26.42,2026-05-25,128000000,131088617.22910826,0.029507010252158607,0.02908005683810244
B,B0 ㎡단가,"㎡당 495만원(같은 건물 2건+법정동, 기준일 시점보정) × 56.71㎡",280706758.2272771,166022463.5001255,474612184.7204577,0.6,"㎡당 495만원(같은 건물 2건+법정동, 기준일 시점보정) × 56.71㎡",㎡단가,같은 건물,2,법정동,,0.5122380792777933,0.03807432487204931,-0.05069254302118509,1150010300108940027,11500,56.71,[],화곡동,B,False,56.71,2026-05-25,315000000,322600893.9622586,0.12986366906931981,-0.13910537739084525
B,B0 ㎡단가,"㎡당 1,210만원(같은 건물 2건+법정동, 기준일 시점보정) × 67.53㎡",816882411.1185302,574201797.4821702,1162129544.9106355,0.6,"㎡당 1,210만원(같은 건물 2건+법정동, 기준일 시점보정) × 67.53㎡",㎡단가,같은 건물,2,법정동,,0.3438224277939293,0.18912731047269937,-0.2806500965366787,1168010300112620002,11680,67.53,[],개포동,B,False,67.53,2026-05-25,590000000,598954849.3920223,0.36384639334286784,0.31030893822847205
B,B0 ㎡단가,"㎡당 757만원(같은 건물 3건+법정동, 기준일 시점보정) × 21.69㎡",164275657.4468613,109741148.04941463,245910418.3733064,0.6,"㎡당 757만원(같은 건물 3건+법정동, 기준일 시점보정) × 21.69㎡",㎡단가,같은 건물,3,법정동,,0.3934744282256035,0.008863244928287876,0.37767244380467524,1162010100116140013,11620,21.69,[],봉천동,B,False,21.69,2026-05-26,167000000,171446365.3290115,0.041824787993547524,-0.04272462419934097
B,B0 ㎡단가,"㎡당 494만원(같은 건물 2건+법정동, 기준일 시점보정) × 59.88㎡",296103156.2496372,175128578.16883993,500644041.4109247,0.6,"㎡당 494만원(같은 건물 2건+법정동, 기준일 시점보정) × 59.88㎡",㎡단가,같은 건물,2,법정동,,0.5122380792777933,0.19403376495764774,-0.05268186798825347,1150010300108080016,11500,59.88,[],화곡동,B,False,59.88,2026-05-27,350000000,358445437.7358429,0.1739240479108817,-0.19106855800671443
B,B0 ㎡단가,"㎡당 2,419만원(같은 건물 10건+법정동, 기준일 시점보정) × 19.55㎡",472929392.9042362,344479673.8488514,649275494.759399,0.6,"㎡당 2,419만원(같은 건물 10건+법정동, 기준일 시점보정) × 19.55㎡",㎡단가,같은 건물,10,법정동,,0.3090970422543099,0.04806615254433439,0.6517154758680839,1168010800101580015,11680,19.55,[],논현동,B,False,19.55,2026-05-27,420000000,426374638.5502531,0.10918743786515364,0.10362770929430153
B,B0 ㎡단가,"㎡당 533만원(같은 건물 2건+법정동, 기준일 시점보정) × 35.97㎡",191822253.51057574,111367273.00745872,330400268.8420971,0.6,"㎡당 533만원(같은 건물 2건+법정동, 기준일 시점보정) × 35.97㎡",㎡단가,같은 건물,2,법정동,,0.5303289589715827,0.2599252750726687,-0.3949877698817428,1162010200101200096,11620,35.97,[],신림동,B,False,35.97,2026-05-28,170000000,174526240.15528116,0.09910265264355556,0.09449407655860283
B,B0 ㎡단가,"㎡당 1,992만원(같은 건물 2건+법정동, 기준일 시점보정) × 42.82㎡",853035975.7980785,542750489.023811,1340708835.3150365,0.6,"㎡당 1,992만원(같은 건물 2건+법정동, 기준일 시점보정) × 42.82㎡",㎡단가,같은 건물,2,법정동,,0.44100344534797475,0.003426292906312326,-0.015519924293403875,1168010400100560011,11680,42.82,[],청담동,B,False,42.82,2026-05-30,710000000,720776174.6920946,0.18349635538727885,0.16847307044648288
B,B0 ㎡단가,"㎡당 590만원(같은 건물 1건+법정동, 기준일 시점보정) × 29㎡",170961925.00663948,101114487.35176153,289058280.0493883,0.6,"㎡당 590만원(같은 건물 1건+법정동, 기준일 시점보정) × 29㎡",㎡단가,같은 건물,1,법정동,,0.5122380792777933,0.0,0.44831631613768863,1150010300100460333,11500,29.0,[],화곡동,B,False,29.0,2026-05-30,175000000,179222718.86792144,0.046092336470856525,-0.04718840097170257
B,B0 ㎡단가,"㎡당 534만원(같은 건물 3건+법정동, 기준일 시점보정) × 41.22㎡",220152256.76190752,127814974.71386847,379196696.3641075,0.6,"㎡당 534만원(같은 건물 3건+법정동, 기준일 시점보정) × 41.22㎡",㎡단가,같은 건물,3,법정동,,0.5303289589715827,0.16292831542884312,-0.32663666634322475,1162010200106000002,11620,41.22,[],신림동,B,False,41.22,2026-06-01,235000000,239496966.72535914,0.08077225456318612,-0.08422136857239144
B,B0 ㎡단가,"㎡당 758만원(같은 건물 2건+법정동, 기준일 시점보정) × 74.9㎡",567564981.283194,397288056.45956737,810822280.5630099,0.6,"㎡당 758만원(같은 건물 2건+법정동, 기준일 시점보정) × 74.9㎡",㎡단가,같은 건물,2,법정동,,0.3478987658625226,0.00015959540846755988,-0.25615584135777425,1162010300106020285,11620,74.9,[],남현동,B,False,74.9,2026-06-01,500000000,509568014.3092748,0.11381594869633782,0.10779191124521491
B,B0 ㎡단가,"㎡당 508만원(법정동 13153건, 기준일 시점보정) × 121.26㎡",615628236.7277714,319308891.8044512,1186932577.1505547,0.45,"㎡당 508만원(법정동 13153건, 기준일 시점보정) × 121.26㎡",㎡단가,법정동,13153,법정동,,0.5122380792777933,,,1150010300100240618,11500,121.26,[],화곡동,B,False,121.26,2026-06-02,550000000,556010129.5858569,0.10722485791098972,0.10185675677717634
B,B0 ㎡단가,"㎡당 804만원(같은 건물 2건+법정동, 기준일 시점보정) × 56.6㎡",454962733.0004023,318467956.8260303,649958917.3182296,0.6,"㎡당 804만원(같은 건물 2건+법정동, 기준일 시점보정) × 56.6㎡",㎡단가,같은 건물,2,법정동,,0.3478987658625226,0.14554863814402522,-0.13814550505231615,1162010300110720040,11620,56.6,[],남현동,B,False,56.6,2026-06-02,430000000,438228492.30597633,0.03818610836180386,0.0374750638184896
B,B0 ㎡단가,"㎡당 598만원(같은 건물 4건+법정동, 기준일 시점보정) × 29.46㎡",176066890.00340775,104133790.7351135,297689631.16233855,0.6,"㎡당 598만원(같은 건물 4건+법정동, 기준일 시점보정) × 29.46㎡",㎡단가,같은 건물,4,법정동,,0.5122380792777933,0.11093354149525417,0.24468644961013908,1150010300107720001,11500,29.46,[],화곡동,B,False,29.46,2026-06-04,178000000,179945096.48415005,0.02155216539109142,-0.021787805157401936
B,B0 ㎡단가,"㎡당 751만원(같은 건물 15건+법정동, 기준일 시점보정) × 44.86㎡",336686178.37549555,199131182.70948252,569260831.8129473,0.6,"㎡당 751만원(같은 건물 15건+법정동, 기준일 시점보정) × 44.86㎡",㎡단가,같은 건물,15,법정동,,0.5122380792777933,0.04910989355846403,0.44301827401123717,1150010300110810000,11500,44.86,[],화곡동,B,False,44.86,2026-06-04,344000000,347759062.86824507,0.031840678432425724,-0.032358616852489745
B,B0 ㎡단가,"㎡당 615만원(같은 건물 2건+법정동, 기준일 시점보정) × 29.97㎡",184247382.91410348,106969489.81872672,317353089.82237744,0.6,"㎡당 615만원(같은 건물 2건+법정동, 기준일 시점보정) × 29.97㎡",㎡단가,같은 건물,2,법정동,,0.5303289589715827,0.0,-0.11059072373239154,1162010200102510236,11620,29.97,[],신림동,B,False,29.97,2026-06-05,158000000,161023492.52173084,0.14422672138500828,0.1347290563507974
B,B0 ㎡단가,"㎡당 1,188만원(같은 건물 6건+법정동, 기준일 시점보정) × 51.12㎡",607307302.7468104,442359947.83815217,833760293.5619937,0.6,"㎡당 1,188만원(같은 건물 6건+법정동, 기준일 시점보정) × 51.12㎡",㎡단가,같은 건물,6,법정동,,0.3090970422543099,0.1318827936988035,-0.22402062437437564,1168010800101890019,11680,51.12,[],논현동,B,False,51.12,2026-06-05,700000000,722209183.7379866,0.15909778437941033,-0.1732798973262188
B,B0 ㎡단가,"㎡당 527만원(같은 건물 3건+법정동, 기준일 시점보정) × 62.65㎡",330175736.5849993,220567459.31830835,494252494.7531909,0.6,"㎡당 527만원(같은 건물 3건+법정동, 기준일 시점보정) × 62.65㎡",㎡단가,같은 건물,3,법정동,,0.3934744282256035,0.09860267340415739,-0.22671616214632095,1162010100101800400,11620,62.65,[],봉천동,B,False,62.65,2026-06-05,289000000,294530312.27076083,0.12102463763210136,0.11424312211086064
B,B0 ㎡단가,"㎡당 1,719만원(같은 건물 15건+법정동, 기준일 시점보정) × 41.23㎡",708549598.8836008,498052654.515045,1008010959.3371238,0.6,"㎡당 1,719만원(같은 건물 15건+법정동, 기준일 시점보정) × 41.23㎡",㎡단가,같은 건물,15,법정동,,0.3438224277939293,0.10839466486477464,0.23891307441952492,1168010300112060000,11680,41.23,[],개포동,B,False,41.23,2026-06-06,800000000,825381924.2719846,0.14154941119098763,-0.15262615556129777
B,B0 ㎡단가,"㎡당 1,421만원(같은 건물 5건+법정동, 기준일 시점보정) × 16.57㎡",235485375.59662652,171526503.953469,323293256.9705228,0.6,"㎡당 1,421만원(같은 건물 5건+법정동, 기준일 시점보정) × 16.57㎡",㎡단가,같은 건물,5,법정동,,0.3090970422543099,0.06619720821411947,0.015652552619773275,1168010800101670022,11680,16.57,[],논현동,B,False,16.57,2026-06-06,195000000,201186844.04129624,0.1704809860643276,0.1574147635318204
B,B0 ㎡단가,"㎡당 688만원(같은 건물 1건+법정동, 기준일 시점보정) × 59.93㎡",412547832.4792468,239515104.4652834,710584472.1704963,0.6,"㎡당 688만원(같은 건물 1건+법정동, 기준일 시점보정) × 59.93㎡",㎡단가,같은 건물,1,법정동,,0.5303289589715827,0.0,0.17339140378606288,1162010200117100001,11620,59.93,[],신림동,B,False,59.93,2026-06-07,353000000,359755018.10234797,0.14674656841584238,0.13692886204753849
B,B0 ㎡단가,"㎡당 508만원(법정동 13153건, 기준일 시점보정) × 36.72㎡",186424780.24611348,96693241.85270844,359427381.1064512,0.45,"㎡당 508만원(법정동 13153건, 기준일 시점보정) × 36.72㎡",㎡단가,법정동,13153,법정동,,0.5122380792777933,,,1150010300103920006,11500,36.72,[],화곡동,B,False,36.72,2026-06-08,140000000,141529851.16730905,0.31721173101307115,0.2755171775030915
B,B0 ㎡단가,"㎡당 431만원(같은 건물 6건+법정동, 기준일 시점보정) × 29.7㎡",127887483.19299917,75638346.38189135,216229057.6113819,0.6,"㎡당 431만원(같은 건물 6건+법정동, 기준일 시점보정) × 29.7㎡",㎡단가,같은 건물,6,법정동,,0.5122380792777933,0.11586921045430353,-0.21960329989549265,1150010300101000045,11500,29.7,[],화곡동,B,False,29.7,2026-06-09,120000000,121311301.0005506,0.05420914736062985,0.052790862465097316
B,B0 ㎡단가,"㎡당 572만원(같은 건물 1건+법정동, 기준일 시점보정) × 61.2㎡",350263454.85369164,233986667.60978985,524322556.74772054,0.6,"㎡당 572만원(같은 건물 1건+법정동, 기준일 시점보정) × 61.2㎡",㎡단가,같은 건물,1,법정동,,0.3934744282256035,0.0,-0.1606579614149144,1162010100101800369,11620,61.2,[],봉천동,B,False,61.2,2026-06-09,325000000,331219209.3010286,0.05749740660528739,0.05590517955258189
B,B0 ㎡단가,"㎡당 1,191만원(같은 건물 5건+법정동, 기준일 시점보정) × 51.91㎡",618251937.743998,450331971.4653437,848785968.4499974,0.6,"㎡당 1,191만원(같은 건물 5건+법정동, 기준일 시점보정) × 51.91㎡",㎡단가,같은 건물,5,법정동,,0.3090970422543099,0.10056912957583967,-0.23168599326081463,1168010800101480006,11680,51.91,[],논현동,B,False,51.91,2026-06-09,545000000,562291435.9102895,0.09952223750858748,0.0948757559182837
B,B0 ㎡단가,"㎡당 1,189만원(같은 건물 4건+법정동, 기준일 시점보정) × 40.53㎡",482025934.9451591,338824969.8014038,685749347.50512,0.6,"㎡당 1,189만원(같은 건물 4건+법정동, 기준일 시점보정) × 40.53㎡",㎡단가,같은 건물,4,법정동,,0.3438224277939293,0.31151839866960873,-0.23593917396076236,1168010300112560000,11680,40.53,[],개포동,B,False,40.53,2026-06-10,647000000,667527631.2549676,0.27789365956441525,-0.32558286501295475
B,B0 ㎡단가,"㎡당 477만원(같은 건물 1건+법정동, 기준일 시점보정) × 62.4㎡",297605361.43172926,176017049.13615328,503183933.5313483,0.6,"㎡당 477만원(같은 건물 1건+법정동, 기준일 시점보정) × 62.4㎡",㎡단가,같은 건물,1,법정동,,0.5122380792777933,0.0,-0.18750967773878813,1150010300108110009,11500,62.4,[],화곡동,B,False,62.4,2026-06-10,260000000,262841152.16785964,0.13226319005658582,0.12421845280703067
B,B0 ㎡단가,"㎡당 1,297만원(같은 건물 6건+법정동, 기준일 시점보정) × 28.725㎡",372698633.3852255,271472032.82087463,511670649.3993358,0.6,"㎡당 1,297만원(같은 건물 6건+법정동, 기준일 시점보정) × 28.725㎡",㎡단가,같은 건물,6,법정동,,0.3090970422543099,0.0767898999079878,-0.10649636004805174,1168010800102190010,11680,28.725,[],논현동,B,False,28.725,2026-06-11,310000000,319835495.655394,0.1652822730682423,0.15296335214827517
B,B0 ㎡단가,"㎡당 401만원(같은 건물 4건+법정동, 기준일 시점보정) × 62.22㎡",249396765.28102735,147504340.90865162,421674007.35114014,0.6,"㎡당 401만원(같은 건물 4건+법정동, 기준일 시점보정) × 62.22㎡",㎡단가,같은 건물,4,법정동,,0.5122380792777933,0.10358448363800232,-0.35450654581407015,1150010300104100018,11500,62.22,[],화곡동,B,False,62.22,2026-06-11,220000000,222404051.83434278,0.12136790325560273,0.1145492822678569
B,B0 ㎡단가,"㎡당 508만원(같은 건물 2건+법정동, 기준일 시점보정) × 46.66㎡",236895007.2492023,140110245.09267,400536337.8137117,0.6,"㎡당 508만원(같은 건물 2건+법정동, 기준일 시점보정) × 46.66㎡",㎡단가,같은 건물,2,법정동,,0.5122380792777933,0.000657067339471847,4.700019987424753e-05,1150010300101580019,11500,46.66,[],화곡동,B,False,46.66,2026-06-12,246000000,248688167.05112872,0.04742147542348408,-0.04858273487903312
B,B0 ㎡단가,"㎡당 384만원(같은 건물 1건+법정동, 기준일 시점보정) × 59.875㎡",229726401.86540234,135870412.9874696,388415833.540532,0.6,"㎡당 384만원(같은 건물 1건+법정동, 기준일 시점보정) × 59.875㎡",㎡단가,같은 건물,1,법정동,,0.5122380792777933,0.0,-0.8402288426918858,1150010300104090197,11500,59.875,[],화곡동,B,False,59.875,2026-06-13,230000000,232513326.917722,0.011986087375137157,-0.012058499729301925
B,B0 ㎡단가,"㎡당 650만원(법정동 5683건, 기준일 시점보정) × 30.36㎡",197256272.71159908,99966403.66818559,389231138.62558514,0.45,"㎡당 650만원(법정동 5683건, 기준일 시점보정) × 30.36㎡",㎡단가,법정동,5683,법정동,,0.5303289589715827,,,1162010200104120233,11620,30.36,[],신림동,B,False,30.36,2026-06-13,300000000,305740808.58556485,0.3548251748788229,-0.4382339522133856
B,B0 ㎡단가,"㎡당 475만원(같은 건물 4건+법정동, 기준일 시점보정) × 36.33㎡",172411277.3582059,100097738.62894066,296966234.8764971,0.6,"㎡당 475만원(같은 건물 4건+법정동, 기준일 시점보정) × 36.33㎡",㎡단가,같은 건물,4,법정동,,0.5303289589715827,0.06551125136353486,-0.47120832561658155,1162010200104090328,11620,36.33,[],신림동,B,False,36.33,2026-06-15,299000000,304721672.55694634,0.4342008039287533,-0.5695160409865763
B,B0 ㎡단가,"㎡당 1,586만원(같은 건물 2건+법정동, 기준일 시점보정) × 22.9㎡",363301078.4233314,264626895.43499544,498768930.371168,0.6,"㎡당 1,586만원(같은 건물 2건+법정동, 기준일 시점보정) × 22.9㎡",㎡단가,같은 건물,2,법정동,,0.3090970422543099,0.010568717651037791,0.24244082217706975,1168010800102440015,11680,22.9,[],논현동,B,False,22.9,2026-06-16,427000000,440547602.08017176,0.17534205904673816,-0.1927865956512106
B,B0 ㎡단가,"㎡당 612만원(같은 건물 1건+법정동, 기준일 시점보정) × 69.29㎡",424276812.7457172,246324661.3520869,730786811.3796529,0.6,"㎡당 612만원(같은 건물 1건+법정동, 기준일 시점보정) × 69.29㎡",㎡단가,같은 건물,1,법정동,,0.5303289589715827,0.0,-0.17787690207216578,1162010200116110009,11620,69.29,[],신림동,B,False,69.29,2026-06-16,473000000,482051341.53657395,0.11985140131898851,-0.1276645236279778
B,B0 ㎡단가,"㎡당 992만원(같은 건물 2건+법정동, 기준일 시점보정) × 50.88㎡",504475890.08809763,337005276.38689363,755168958.802913,0.6,"㎡당 992만원(같은 건물 2건+법정동, 기준일 시점보정) × 50.88㎡",㎡단가,같은 건물,2,법정동,,0.3934744282256035,0.03182067163857413,0.9919181322753481,1162010100104690002,11620,50.88,[],봉천동,B,False,50.88,2026-06-16,805000000,820404503.0379324,0.38508883334984256,-0.4862774660800152
B,B0 ㎡단가,"㎡당 508만원(같은 건물 3건+법정동, 기준일 시점보정) × 56.52㎡",287093960.8482567,169800139.25223872,485411512.1372238,0.6,"㎡당 508만원(같은 건물 3건+법정동, 기준일 시점보정) × 56.52㎡",㎡단가,같은 건물,3,법정동,,0.5122380792777933,0.042890772450317666,0.0008478753005753958,1150010300108050013,11500,56.52,[],화곡동,B,False,56.52,2026-06-16,280000000,283059702.3346181,0.014252323733703111,0.014151714187526466
B,B0 ㎡단가,"㎡당 441만원(같은 건물 2건+법정동, 기준일 시점보정) × 67.07㎡",296043338.86944115,175093199.50933424,500542903.63398486,0.6,"㎡당 441만원(같은 건물 2건+법정동, 기준일 시점보정) × 67.07㎡",㎡단가,같은 건물,2,법정동,,0.5122380792777933,0.07373463839234058,-0.2798745206071569,1150010300103790020,11500,67.07,[],화곡동,B,False,67.07,2026-06-16,280000000,283059702.3346181,0.045868897719232735,0.044848020998923085
B,B0 ㎡단가,"㎡당 633만원(같은 건물 7건+법정동, 기준일 시점보정) × 42.04㎡",266018188.30062187,157334989.8535427,449777106.62210774,0.6,"㎡당 633만원(같은 건물 7건+법정동, 기준일 시점보정) × 42.04㎡",㎡단가,같은 건물,7,법정동,,0.5122380792777933,0.08979952838926536,0.2831616882096899,1150010300103770016,11500,42.04,[],화곡동,B,False,42.04,2026-06-16,290000000,293168977.4179973,0.0926113989157322,-0.09718447400412542
B,B0 ㎡단가,"㎡당 506만원(같은 건물 1건+법정동, 기준일 시점보정) × 32.66㎡",165199708.4787412,97706456.17636588,279315663.97413206,0.6,"㎡당 506만원(같은 건물 1건+법정동, 기준일 시점보정) × 32.66㎡",㎡단가,같은 건물,1,법정동,,0.5122380792777933,0.0,-0.011106780034021213,1150010300100560429,11500,32.66,[],화곡동,B,False,32.66,2026-06-16,80000000,80874200.66703373,1.0426750078048137,0.7142602272172024
B,B0 ㎡단가,"㎡당 752만원(같은 건물 8건+법정동, 기준일 시점보정) × 23.59㎡",177367335.27722105,104902931.91778062,299888392.5188934,0.6,"㎡당 752만원(같은 건물 8건+법정동, 기준일 시점보정) × 23.59㎡",㎡단가,같은 건물,8,법정동,,0.5122380792777933,0.07488017027347048,0.49086720032675046,1150010300103790035,11500,23.59,[],화곡동,B,False,23.59,2026-06-16,199000000,201174574.1592464,0.11834119188034145,-0.12595013668340205
B,B0 ㎡단가,"㎡당 631만원(같은 건물 3건+법정동, 기준일 시점보정) × 29.37㎡",185358770.39575452,109629422.13005444,313400117.3687385,0.6,"㎡당 631만원(같은 건물 3건+법정동, 기준일 시점보정) × 29.37㎡",㎡단가,같은 건물,3,법정동,,0.5122380792777933,0.051073355282334025,0.36268872065495117,1150010300103570009,11500,29.37,[],화곡동,B,False,29.37,2026-06-17,197000000,199152719.14257056,0.06926317052664066,-0.07177871677438297
B,B0 ㎡단가,"㎡당 558만원(같은 건물 2건+법정동, 기준일 시점보정) × 99.6㎡",556087311.9325335,371483279.84582454,832428039.8856466,0.6,"㎡당 558만원(같은 건물 2건+법정동, 기준일 시점보정) × 99.6㎡",㎡단가,같은 건물,2,법정동,,0.3934744282256035,0.0,-0.15665582116945842,1162010100116260051,11620,99.6,[],봉천동,B,False,99.6,2026-06-17,600000000,611481617.1711297,0.09059030342541517,-0.09495957504131505
B,B0 ㎡단가,"㎡당 969만원(같은 건물 2건+법정동, 기준일 시점보정) × 38.11㎡",369475293.09542143,214508249.6041057,636395068.53416,0.6,"㎡당 969만원(같은 건물 2건+법정동, 기준일 시점보정) × 38.11㎡",㎡단가,같은 건물,2,법정동,,0.5303289589715827,0.16477570197884042,0.8004586999555077,1162010200116570045,11620,38.11,[],신림동,B,False,38.11,2026-06-17,430000000,438228492.30597633,0.15688892990223602,-0.17065657390869846
B,B0 ㎡단가,"㎡당 1,192만원(같은 건물 13건+법정동, 기준일 시점보정) × 17.61㎡",209842659.0528203,152848462.86711684,288088873.9891375,0.6,"㎡당 1,192만원(같은 건물 13건+법정동, 기준일 시점보정) × 17.61㎡",㎡단가,같은 건물,13,법정동,,0.3090970422543099,0.05486651963930331,-0.19036557831086043,1168010800101490018,11680,17.61,[],논현동,B,False,17.61,2026-06-17,220000000,226980029.17479578,0.07550166498911721,-0.07850402911830695
B,B0 ㎡단가,"㎡당 1,227만원(같은 건물 1건+법정동, 기준일 시점보정) × 53.07㎡",651185801.0326189,474320851.5274972,894000223.9009959,0.6,"㎡당 1,227만원(같은 건물 1건+법정동, 기준일 시점보정) × 53.07㎡",㎡단가,같은 건물,1,법정동,,0.3090970422543099,0.0,-0.4070741180527264,1168010800101960002,11680,53.07,[],논현동,B,False,53.07,2026-06-18,504000000,519990612.2913503,0.25230299478514434,0.2249842520128784
B,B0 ㎡단가,"㎡당 507만원(같은 건물 1건+법정동, 기준일 시점보정) × 57.42㎡",291299291.4601538,172287358.84192297,492521783.2321872,0.6,"㎡당 507만원(같은 건물 1건+법정동, 기준일 시점보정) × 57.42㎡",㎡단가,같은 건물,1,법정동,,0.5122380792777933,0.0,-0.0022431358967054393,1150010300100700061,11500,57.42,[],화곡동,B,False,57.42,2026-06-18,285000000,288114339.87630767,0.011054470892401625,0.010993816818805834
B,B0 ㎡단가,"㎡당 492만원(같은 건물 3건+법정동, 기준일 시점보정) × 59.46㎡",292827899.925021,173191445.8851673,495106317.38332224,0.6,"㎡당 492만원(같은 건물 3건+법정동, 기준일 시점보정) × 59.46㎡",㎡단가,같은 건물,3,법정동,,0.5122380792777933,0.0368282108374113,-0.0507083704848732,1150010300110200014,11500,59.46,[],화곡동,B,False,59.46,2026-06-18,150000000,151639126.25068825,0.9310840623080411,0.658081535542882
B,B0 ㎡단가,"㎡당 1,706만원(같은 건물 9건+법정동, 기준일 시점보정) × 19.85㎡",338662391.07182086,246680184.7626249,464942959.39030856,0.6,"㎡당 1,706만원(같은 건물 9건+법정동, 기준일 시점보정) × 19.85㎡",㎡단가,같은 건물,9,법정동,,0.3090970422543099,0.08897134106393426,0.23701959292676378,1168010800101560022,11680,19.85,[],논현동,B,False,19.85,2026-06-18,445000000,459118695.37629145,0.2623641892991206,-0.30430505761882365
B,B0 ㎡단가,"㎡당 495만원(같은 건물 3건+법정동, 기준일 시점보정) × 41.58㎡",205847554.9323572,121747400.70802625,348042057.7787033,0.6,"㎡당 495만원(같은 건물 3건+법정동, 기준일 시점보정) × 41.58㎡",㎡단가,같은 건물,3,법정동,,0.5122380792777933,0.06575153125056685,-0.0419828018194508,1150010300101050055,11500,41.58,[],화곡동,B,False,41.58,2026-06-19,194000000,196119936.6175568,0.049600354163736544,0.04840947663497117
B,B0 ㎡단가,"㎡당 400만원(같은 건물 4건+법정동, 기준일 시점보정) × 55.58㎡",222365246.5100364,131516698.26388076,375969770.44130224,0.6,"㎡당 400만원(같은 건물 4건+법정동, 기준일 시점보정) × 55.58㎡",㎡단가,같은 건물,4,법정동,,0.5122380792777933,0.042320092825179303,-0.3573126131081725,1150010300104620001,11500,55.58,[],화곡동,B,False,55.58,2026-06-19,173000000,174890458.94246045,0.2714544169799184,0.24016145543790426
B,B0 ㎡단가,"㎡당 671만원(같은 건물 1건+법정동, 기준일 시점보정) × 37.8㎡",253566201.2574779,147214287.41503584,436749853.218261,0.6,"㎡당 671만원(같은 건물 1건+법정동, 기준일 시점보정) × 37.8㎡",㎡단가,같은 건물,1,법정동,,0.5303289589715827,0.0,0.0958140832342611,1162010200100880088,11620,37.8,[],신림동,B,False,37.8,2026-06-20,465000000,473898253.30762553,0.464935353764897,-0.6253677053016756
B,B0 ㎡단가,"㎡당 1,673만원(법정동 234건, 기준일 시점보정) × 29.41㎡",491945572.8718114,316072436.50699943,765680327.404365,0.45,"㎡당 1,673만원(법정동 234건, 기준일 시점보정) × 29.41㎡",㎡단가,법정동,234,법정동,,0.3451909092995672,,,1168010600109270001,11680,29.41,[],대치동,B,False,29.41,2026-06-20,378000000,389992959.2185127,0.2614216776056583,0.2322394004538446
B,B0 ㎡단가,"㎡당 554만원(같은 건물 2건+법정동, 기준일 시점보정) × 47.06㎡",260724436.42714894,154204029.51349705,440826559.2327116,0.6,"㎡당 554만원(같은 건물 2건+법정동, 기준일 시점보정) × 47.06㎡",㎡단가,같은 건물,2,법정동,,0.5122380792777933,0.0014203392031135614,0.17466879649490252,1150010300104510004,11500,47.06,[],화곡동,B,False,47.06,2026-06-20,255000000,257786514.62617004,0.01139672416627121,0.0113322707483472
B,B0 ㎡단가,"㎡당 543만원(같은 건물 2건+법정동, 기준일 시점보정) × 73.59㎡",399778185.42790776,267064017.37069172,598443021.7051395,0.6,"㎡당 543만원(같은 건물 2건+법정동, 기준일 시점보정) × 73.59㎡",㎡단가,같은 건물,2,법정동,,0.3934744282256035,0.03773889852605775,-0.21138070767750072,1162010100101800281,11620,73.59,[],봉천동,B,False,73.59,2026-06-20,400000000,407654411.4474198,0.019320840884676532,-0.01950992783921557
B,B0 ㎡단가,"㎡당 1,499만원(같은 건물 4건+법정동, 기준일 시점보정) × 21.84㎡",327321391.81639767,238419451.16635352,449373123.78036183,0.6,"㎡당 1,499만원(같은 건물 4건+법정동, 기준일 시점보정) × 21.84㎡",㎡단가,같은 건물,4,법정동,,0.3090970422543099,0.1653739148013172,0.09648720142139666,1168010800101880012,11680,21.84,[],논현동,B,False,21.84,2026-06-21,300000000,309518221.6019942,0.05751897294530315,0.055925573096788056
B,B0 ㎡단가,"㎡당 736만원(같은 건물 8건+법정동, 기준일 시점보정) × 52.52㎡",386358547.3053014,224310250.91748497,665475280.1768945,0.6,"㎡당 736만원(같은 건물 8건+법정동, 기준일 시점보정) × 52.52㎡",㎡단가,같은 건물,8,법정동,,0.5303289589715827,0.10413737970237656,0.1552424505077159,1162010200100870092,11620,52.52,[],신림동,B,False,52.52,2026-06-22,380000000,387271690.8750488,0.0023578887671446384,-0.0023606729642761766
B,B0 ㎡단가,"㎡당 450만원(같은 건물 1건+법정동, 기준일 시점보정) × 62.55㎡",281545853.2613813,166518741.62877646,476030906.2711581,0.6,"㎡당 450만원(같은 건물 1건+법정동, 기준일 시점보정) × 62.55㎡",㎡단가,같은 건물,1,법정동,,0.5122380792777933,0.0,-0.3611315474039021,1150010300100460145,11500,62.55,[],화곡동,B,False,62.55,2026-06-22,220000000,222404051.83434278,0.26592052140799216,0.2357995424526975
B,B0 ㎡단가,"㎡당 990만원(같은 건물 20건+법정동, 기준일 시점보정) × 29.08㎡",287983521.7826777,170326265.15921268,486915560.2092894,0.6,"㎡당 990만원(같은 건물 20건+법정동, 기준일 시점보정) × 29.08㎡",㎡단가,같은 건물,20,법정동,,0.5122380792777933,0.054671935246157155,0.7349609749938963,1150010300103700030,11500,29.08,[],화곡동,B,False,29.08,2026-06-25,206000000,208251066.71761185,0.38286697072809217,0.32415885913938974
B,B0 ㎡단가,"㎡당 604만원(법정동 3717건, 기준일 시점보정) × 34.94㎡",210971566.5000448,127414626.11996154,349324117.8573751,0.45,"㎡당 604만원(법정동 3717건, 기준일 시점보정) × 34.94㎡",㎡단가,법정동,3717,법정동,,0.3934744282256035,,,1162010100106350403,11620,34.94,[],봉천동,B,False,34.94,2026-06-25,165000000,168157444.72206068,0.2546073523461867,0.22682265697433915
B,B0 ㎡단가,"㎡당 573만원(같은 건물 2건+법정동, 기준일 시점보정) × 28.9㎡",165460300.25518543,96062172.62690742,284993668.28673685,0.6,"㎡당 573만원(같은 건물 2건+법정동, 기준일 시점보정) × 28.9㎡",㎡단가,같은 건물,2,법정동,,0.5303289589715827,0.06662588385276356,-0.25297622840171563,1162010200100920231,11620,28.9,[],신림동,B,False,28.9,2026-06-25,218000000,222171654.2388438,0.25525917866503034,-0.2947190119561734
B,B0 ㎡단가,"㎡당 650만원(법정동 5683건, 기준일 시점보정) × 99.52㎡",646605542.169248,327689607.8082294,1275898646.7726707,0.45,"㎡당 650만원(법정동 5683건, 기준일 시점보정) × 99.52㎡",㎡단가,법정동,5683,법정동,,0.5303289589715827,,,1162010200105220002,11620,99.52,[],신림동,B,False,99.52,2026-06-25,407000000,414788363.64774966,0.558880621632781,0.44396801346366194
B,B0 ㎡단가,"㎡당 1,597만원(법정동 1149건, 기준일 시점보정) × 70.4㎡",1124111408.7189043,796293032.792026,1586886243.0974333,0.45,"㎡당 1,597만원(법정동 1149건, 기준일 시점보정) × 70.4㎡",㎡단가,법정동,1149,법정동,,0.26902379359414275,,,1168010100107400008,11680,70.4,[],역삼동,B,False,70.4,2026-06-25,928930000,958402538.6424683,0.17290111763597232,0.15948026742744337
B,B0 ㎡단가,"㎡당 1,162만원(같은 건물 10건+법정동, 기준일 시점보정) × 42.84㎡",497839012.0349316,349940274.9727304,708245662.5583618,0.6,"㎡당 1,162만원(같은 건물 10건+법정동, 기준일 시점보정) × 42.84㎡",㎡단가,같은 건물,10,법정동,,0.3438224277939293,0.27071284761386044,-0.2165325016407138,1168010300111640029,11680,42.84,[],개포동,B,False,42.84,2026-06-25,700000000,722209183.7379866,0.3106720002392758,-0.37203806934287914
B,B0 ㎡단가,"㎡당 1,546만원(같은 건물 2건+법정동, 기준일 시점보정) × 23.19㎡",358615040.60446614,261213606.2554562,492335560.8894765,0.6,"㎡당 1,546만원(같은 건물 2건+법정동, 기준일 시점보정) × 23.19㎡",㎡단가,같은 건물,2,법정동,,0.3090970422543099,0.2836325457775617,0.19130753121378774,1168010800102700002,11680,23.19,[],논현동,B,False,23.19,2026-06-26,330000000,340470043.7621936,0.05329395984965468,0.051922358342497234
B,B0 ㎡단가,"㎡당 768만원(같은 건물 2건+법정동, 기준일 시점보정) × 37.44㎡",287594288.8907219,166970156.4866307,495360828.2039469,0.6,"㎡당 768만원(같은 건물 2건+법정동, 기준일 시점보정) × 37.44㎡",㎡단가,같은 건물,2,법정동,,0.5303289589715827,0.11430784122528335,0.3348666174145922,1162010200116270013,11620,37.44,[],신림동,B,False,37.44,2026-06-26,430000000,438228492.30597633,0.3437343898444646,-0.42118967845553446
B,B0 ㎡단가,"㎡당 508만원(법정동 13153건, 기준일 시점보정) × 68.77㎡",349140308.75613415,181089167.81619748,673143273.3848228,0.45,"㎡당 508만원(법정동 13153건, 기준일 시점보정) × 68.77㎡",㎡단가,법정동,13153,법정동,,0.5122380792777933,,,1150010300101050079,11500,68.77,[],화곡동,B,False,68.77,2026-06-26,290000000,293168977.4179973,0.19091832918710736,0.17472471471133286
B,B0 ㎡단가,"㎡당 508만원(법정동 13153건, 기준일 시점보정) × 65.55㎡",332792601.9916325,172610076.34654257,641624859.2464024,0.45,"㎡당 508만원(법정동 13153건, 기준일 시점보정) × 65.55㎡",㎡단가,법정동,13153,법정동,,0.5122380792777933,,,1150010300108570016,11500,65.55,[],화곡동,B,False,65.55,2026-06-26,515000000,520627666.79402965,0.3607857914256952,-0.4475156560939204
B,B0 ㎡단가,"㎡당 405만원(같은 건물 5건+법정동, 기준일 시점보정) × 49.67㎡",201215905.2424088,119008037.05162214,340210976.7171408,0.6,"㎡당 405만원(같은 건물 5건+법정동, 기준일 시점보정) × 49.67㎡",㎡단가,같은 건물,5,법정동,,0.5122380792777933,0.31724695283300863,-0.3160204754213982,1150010300109600003,11500,49.67,[],화곡동,B,False,49.67,2026-06-27,180000000,181966951.5008259,0.10578269066345013,0.10055340157387058
B,B0 ㎡단가,"㎡당 464만원(같은 건물 5건+법정동, 기준일 시점보정) × 50.86㎡",236089093.50432917,157714712.9756059,353410655.35412043,0.6,"㎡당 464만원(같은 건물 5건+법정동, 기준일 시점보정) × 50.86㎡",㎡단가,같은 건물,5,법정동,,0.3934744282256035,0.14332122469913383,-0.36814200517656204,1162010100201330015,11620,50.86,[],봉천동,B,False,50.86,2026-06-27,176000000,179367941.03686473,0.31622792868992566,0.2747700159987161
B,B0 ㎡단가,"㎡당 886만원(같은 건물 6건+법정동, 기준일 시점보정) × 79.39㎡",703453294.2578211,408407646.3281031,1211648561.5566437,0.6,"㎡당 886만원(같은 건물 6건+법정동, 기준일 시점보정) × 79.39㎡",㎡단가,같은 건물,6,법정동,,0.5303289589715827,0.09661707431118217,0.4136683474201934,1162010200102540301,11620,79.39,[],신림동,B,False,79.39,2026-06-27,720000000,733777940.6053557,0.04132673479188715,-0.04220496579254599
B,B0 ㎡단가,"㎡당 741만원(같은 건물 1건+법정동, 기준일 시점보정) × 36.1㎡",267473750.30156487,155288667.6441893,460704623.1107315,0.6,"㎡당 741만원(같은 건물 1건+법정동, 기준일 시점보정) × 36.1㎡",㎡단가,같은 건물,1,법정동,,0.5303289589715827,0.0,0.39405227686870425,1162010200104120114,11620,36.1,[],신림동,B,False,36.1,2026-06-27,360000000,366888970.30267787,0.2709681349076723,-0.31603783723969925
B,B0 ㎡단가,"㎡당 568만원(같은 건물 1건+법정동, 기준일 시점보정) × 79.54㎡",451464386.9228875,262109096.89273456,777615485.5970907,0.6,"㎡당 568만원(같은 건물 1건+법정동, 기준일 시점보정) × 79.54㎡",㎡단가,같은 건물,1,법정동,,0.5303289589715827,0.0,-0.4054240643785878,1162010200105200017,11620,79.54,[],신림동,B,False,79.54,2026-06-28,450000000,458611212.8783473,0.015583626729500755,-0.015706327862295814
B,B0 ㎡단가,"㎡당 594만원(같은 건물 8건+법정동, 기준일 시점보정) × 26.41㎡",156821425.85337946,92751167.14040819,265149866.73383614,0.6,"㎡당 594만원(같은 건물 8건+법정동, 기준일 시점보정) × 26.41㎡",㎡단가,같은 건물,8,법정동,,0.5122380792777933,0.08982072662649591,0.19582343480941233,1150010300101630019,11500,26.41,[],화곡동,B,False,26.41,2026-06-29,250000000,252731877.0844804,0.37949487155132816,-0.4772214093455676
B,B0 ㎡단가,"㎡당 604만원(법정동 3717건, 기준일 시점보정) × 67.69㎡",408719671.9057813,246843046.42416075,676752991.9223143,0.45,"㎡당 604만원(법정동 3717건, 기준일 시점보정) × 67.69㎡",㎡단가,법정동,3717,법정동,,0.3934744282256035,,,1162010100106350482,11620,67.69,[],봉천동,B,False,67.69,2026-06-29,315000000,321027849.0148431,0.2731595503631328,0.2415016458638902
B,B0 ㎡단가,"㎡당 809만원(같은 건물 2건+법정동, 기준일 시점보정) × 43.35㎡",350687308.83320385,245476525.060418,500991239.57537687,0.6,"㎡당 809만원(같은 건물 2건+법정동, 기준일 시점보정) × 43.35㎡",㎡단가,같은 건물,2,법정동,,0.3478987658625226,0.0065375919886834985,-0.1253820245109889,1162010300106020140,11620,43.35,[],남현동,B,False,43.35,2026-06-29,380000000,387271690.8750488,0.09446696699978704,-0.09923152192625696
B,B0 ㎡단가,"㎡당 496만원(같은 건물 3건+법정동, 기준일 시점보정) × 37.56㎡",186150043.5858569,110097416.29290263,314737982.9044202,0.6,"㎡당 496만원(같은 건물 3건+법정동, 기준일 시점보정) × 37.56㎡",㎡단가,같은 건물,3,법정동,,0.5122380792777933,0.020441568704058555,-0.04015481462573334,1150010300110140011,11500,37.56,[],화곡동,B,False,37.56,2026-07-01,160000000,160702443.60524118,0.15835229016882094,0.14699855582810123
B,B0 ㎡단가,"㎡당 605만원(같은 건물 5건+법정동, 기준일 시점보정) × 25.96㎡",157006442.69135624,92860594.32849547,265462688.7201566,0.6,"㎡당 605만원(같은 건물 5건+법정동, 기준일 시점보정) × 25.96㎡",㎡단가,같은 건물,5,법정동,,0.5122380792777933,0.10240475180580064,0.24503315203264364,1150010300103460075,11500,25.96,[],화곡동,B,False,25.96,2026-07-01,193000000,193847322.59882218,0.1900510123821013,-0.21078401154837362
B,B0 ㎡단가,"㎡당 508만원(법정동 13153건, 기준일 시점보정) × 50.77㎡",257755612.5570585,133690519.84918334,496953380.6855813,0.45,"㎡당 508만원(법정동 13153건, 기준일 시점보정) × 50.77㎡",㎡단가,법정동,13153,법정동,,0.5122380792777933,,,1150010300108060001,11500,50.77,[],화곡동,B,False,50.77,2026-07-01,229000000,230005372.41000143,0.12065039984192304,0.11390923090236792
B,B0 ㎡단가,"㎡당 473만원(같은 건물 2건+법정동, 기준일 시점보정) × 59.97㎡",283701876.2755836,167793909.54579186,479676257.7387905,0.6,"㎡당 473만원(같은 건물 2건+법정동, 기준일 시점보정) × 59.97㎡",㎡단가,같은 건물,2,법정동,,0.5122380792777933,0.04743280526564803,-0.14125350138988324,1150010300105040090,11500,59.97,[],화곡동,B,False,59.97,2026-07-02,200000000,200878054.50655147,0.4123089601424377,0.3452259254347451
B,B0 ㎡단가,"㎡당 325만원(같은 건물 4건+법정동, 기준일 시점보정) × 37.44㎡",121599432.45166111,71919313.46197326,205597373.79006395,0.6,"㎡당 325만원(같은 건물 4건+법정동, 기준일 시점보정) × 37.44㎡",㎡단가,같은 건물,4,법정동,,0.5122380792777933,0.3154315838243351,-0.6700704274865146,1150010300105040114,11500,37.44,[],화곡동,B,False,37.44,2026-07-02,150000000,150658540.8799136,0.19288059116021058,-0.21428365531390325
B,B0 ㎡단가,"㎡당 1,470만원(같은 건물 2건+법정동, 기준일 시점보정) × 29.85㎡",438839088.8536913,308035633.7267692,625186584.9934692,0.6,"㎡당 1,470만원(같은 건물 2건+법정동, 기준일 시점보정) × 29.85㎡",㎡단가,같은 건물,2,법정동,,0.3451909092995672,0.13263706974153186,-0.25817073543024804,1168010600109000057,11680,29.85,[],대치동,B,False,29.85,2026-07-02,350000000,355861215.4114935,0.23317481604801435,0.20959199519306138
B,B0 ㎡단가,"㎡당 1,267만원(같은 건물 10건+법정동, 기준일 시점보정) × 18.25㎡",231156785.36222646,168373578.01030737,317350620.2720677,0.6,"㎡당 1,267만원(같은 건물 10건+법정동, 기준일 시점보정) × 18.25㎡",㎡단가,같은 건물,10,법정동,,0.3090970422543099,0.09000465486559496,-0.1247321534498198,1168010800101480008,11680,18.25,[],논현동,B,False,18.25,2026-07-03,395000000,401614800.2501141,0.424431606558651,-0.5523972161066081
B,B0 ㎡단가,"㎡당 2,411만원(같은 건물 2건+법정동, 기준일 시점보정) × 76.25㎡",1838435495.7687595,1181820485.7325752,2859863331.9572725,0.6,"㎡당 2,411만원(같은 건물 2건+법정동, 기준일 시점보정) × 76.25㎡",㎡단가,같은 건물,2,법정동,,0.4309641285959724,0.08613555068648085,0.3740225868754976,1168010500100960007,11680,76.25,[],삼성동,B,False,76.25,2026-07-04,2500000000,2541865824.3678107,0.2767377891687111,-0.32398345198975614
B,B0 ㎡단가,"㎡당 455만원(같은 건물 1건+법정동, 기준일 시점보정) × 53.94㎡",245658813.83797327,145293550.14985833,415353969.62931776,0.6,"㎡당 455만원(같은 건물 1건+법정동, 기준일 시점보정) × 53.94㎡",㎡단가,같은 건물,1,법정동,,0.5122380792777933,0.0,-0.3259048469413752,1150010300108180014,11500,53.94,[],화곡동,B,False,53.94,2026-07-06,240000000,241053665.40786177,0.019104245614019626,0.018924050886438747
B,B0 ㎡단가,"㎡당 902만원(같은 건물 3건+법정동, 기준일 시점보정) × 29.56㎡",266699121.7265214,154838937.38392267,459370380.1604837,0.6,"㎡당 902만원(같은 건물 3건+법정동, 기준일 시점보정) × 29.56㎡",㎡단가,같은 건물,3,법정동,,0.5303289589715827,0.11296275770246873,0.5472020574607672,1162010200105610001,11620,29.56,[],신림동,B,False,29.56,2026-07-06,320000000,321177854.0614807,0.1696216960355269,-0.1858738941222473
B,B0 ㎡단가,"㎡당 1,597만원(법정동 1149건, 기준일 시점보정) × 43.17㎡",689316612.4203838,488295031.6140868,973094873.7857399,0.45,"㎡당 1,597만원(법정동 1149건, 기준일 시점보정) × 43.17㎡",㎡단가,법정동,1149,법정동,,0.26902379359414275,,,1168010100108300063,11680,43.17,[],역삼동,B,False,43.17,2026-07-06,440000000,447368385.0887346,0.5408254928064692,0.4323183071003922
B,B0 ㎡단가,"㎡당 1,181만원(같은 건물 10건+법정동, 기준일 시점보정) × 55.92㎡",660314449.2168941,464147273.1976529,939389708.8757371,0.6,"㎡당 1,181만원(같은 건물 10건+법정동, 기준일 시점보정) × 55.92㎡",㎡단가,같은 건물,10,법정동,,0.3438224277939293,0.0728380611437826,-0.1973450396421974,1168010300112060002,11680,55.92,[],개포동,B,False,55.92,2026-07-07,900000000,915071696.7724118,0.2784014066374064,-0.32628625956684043
B,B0 ㎡단가,"㎡당 709만원(같은 건물 2건+법정동, 기준일 시점보정) × 25.77㎡",182732578.8773487,108076175.64513779,308959816.38732874,0.6,"㎡당 709만원(같은 건물 2건+법정동, 기준일 시점보정) × 25.77㎡",㎡단가,같은 건물,2,법정동,,0.5122380792777933,0.04273416460027021,0.6682129458066122,1150010300110380004,11500,25.77,[],화곡동,B,False,25.77,2026-07-07,227000000,227996591.86493593,0.19852934036137446,-0.22130691441651715
B,B0 ㎡단가,"㎡당 747만원(같은 건물 4건+법정동, 기준일 시점보정) × 47.58㎡",355495412.9247894,237481775.1271918,532154471.82370454,0.6,"㎡당 747만원(같은 건물 4건+법정동, 기준일 시점보정) × 47.58㎡",㎡단가,같은 건물,4,법정동,,0.3934744282256035,0.08401070056345616,0.31951316603142743,1162010100100410047,11620,47.58,[],봉천동,B,False,47.58,2026-07-07,530000000,531950820.78932744,0.3317137618148746,-0.4030386969483838
B,B0 ㎡단가,"㎡당 643만원(같은 건물 1건+법정동, 기준일 시점보정) × 43.62㎡",280630152.99322987,162926950.8128204,483365596.5211046,0.6,"㎡당 643만원(같은 건물 1건+법정동, 기준일 시점보정) × 43.62㎡",㎡단가,같은 건물,1,법정동,,0.5303289589715827,0.0,-0.02956784219501607,1162010200104120055,11620,43.62,[],신림동,B,False,43.62,2026-07-07,320000000,321177854.0614807,0.12624687709784962,-0.13495741130356537
B,B0 ㎡단가,"㎡당 538만원(같은 건물 1건+법정동, 기준일 시점보정) × 57.6㎡",309749549.1917865,206922143.33149672,463675765.5791724,0.6,"㎡당 538만원(같은 건물 1건+법정동, 기준일 시점보정) × 57.6㎡",㎡단가,같은 건물,1,법정동,,0.3934744282256035,0.0,-0.3475486990596153,1162010100101000016,11620,57.6,[],봉천동,B,False,57.6,2026-07-08,320000000,321177854.0614807,0.035582480937513636,-0.03623096707644338
B,B0 ㎡단가,"㎡당 841만원(같은 건물 11건+법정동, 기준일 시점보정) × 24.79㎡",208505482.69936395,123319417.42208971,352536017.6402142,0.6,"㎡당 841만원(같은 건물 11건+법정동, 기준일 시점보정) × 24.79㎡",㎡단가,같은 건물,11,법정동,,0.5122380792777933,0.1735421848383044,0.5966039440263167,1150010300103540006,11500,24.79,[],화곡동,B,False,24.79,2026-07-09,198000000,198869273.96148595,0.04845499028544848,0.04731764271829125
B,B0 ㎡단가,"㎡당 607만원(같은 건물 1건+법정동, 기준일 시점보정) × 45.44㎡",275892918.64056873,184304881.81192327,412994500.24164927,0.6,"㎡당 607만원(같은 건물 1건+법정동, 기준일 시점보정) × 45.44㎡",㎡단가,같은 건물,1,법정동,,0.3934744282256035,0.0,0.016586928949037016,1162010100106490073,11620,45.44,[],봉천동,B,False,45.44,2026-07-09,235000000,235864986.57639992,0.16970696941999575,0.1567532639537693
B,B0 ㎡단가,"㎡당 398만원(같은 건물 4건+법정동, 기준일 시점보정) × 48.02㎡",190982904.63990393,112955785.30052395,322909267.264644,0.6,"㎡당 398만원(같은 건물 4건+법정동, 기준일 시점보정) × 48.02㎡",㎡단가,같은 건물,4,법정동,,0.5122380792777933,0.024214722405731557,-0.366209910229772,1150010300105040067,11500,48.02,[],화곡동,B,False,48.02,2026-07-10,175000000,175768297.69323254,0.0865605865582505,0.08301728221371925
B,B0 ㎡단가,"㎡당 604만원(법정동 3717건, 기준일 시점보정) × 62.61㎡",378046072.65506077,228317966.26705217,625964024.586442,0.45,"㎡당 604만원(법정동 3717건, 기준일 시점보정) × 62.61㎡",㎡단가,법정동,3717,법정동,,0.3934744282256035,,,1162010100106350262,11620,62.61,[],봉천동,B,False,62.61,2026-07-10,325000000,326196258.03119135,0.15895281857865906,0.1475168547961695
B,B0 ㎡단가,"㎡당 454만원(같은 건물 5건+법정동, 기준일 시점보정) × 44.34㎡",201432530.86908725,119136159.08340196,340577242.0774534,0.6,"㎡당 454만원(같은 건물 5건+법정동, 기준일 시점보정) × 44.34㎡",㎡단가,같은 건물,5,법정동,,0.5122380792777933,0.15005174891395145,-0.15559457503153595,1150010300104100191,11500,44.34,[],화곡동,B,False,44.34,2026-07-11,187000000,187820980.96362564,0.07247087005736431,0.06996521066549996
B,B0 ㎡단가,"㎡당 486만원(같은 건물 3건+법정동, 기준일 시점보정) × 29.73㎡",144474468.15250126,85448627.12613484,244273929.84484875,0.6,"㎡당 486만원(같은 건물 3건+법정동, 기준일 시점보정) × 29.73㎡",㎡단가,같은 건물,3,법정동,,0.5122380792777933,0.1568988159403667,-0.07293350825528933,1150010300108130013,11500,29.73,[],화곡동,B,False,29.73,2026-07-11,194000000,194851712.87135494,0.25854145173521653,-0.2991360215091919
B,B0 ㎡단가,"㎡당 561만원(같은 건물 4건+법정동, 기준일 시점보정) × 45.27㎡",253816853.62755904,169557397.26921272,379948007.122962,0.6,"㎡당 561만원(같은 건물 4건+법정동, 기준일 시점보정) × 45.27㎡",㎡단가,같은 건물,4,법정동,,0.3934744282256035,0.08480996027369651,-0.11118400047926968,1162010100116480022,11620,45.27,[],봉천동,B,False,45.27,2026-07-11,262500000,263466208.4098084,0.03662463904001031,-0.037312160201304706
B,B0 ㎡단가,"㎡당 495만원(같은 건물 3건+법정동, 기준일 시점보정) × 57.95㎡",286713844.7539417,169575321.68534875,484768821.0559346,0.6,"㎡당 495만원(같은 건물 3건+법정동, 기준일 시점보정) × 57.95㎡",㎡단가,같은 건물,3,법정동,,0.5122380792777933,0.0010494085741192005,-0.04300362820336012,1150010300110370004,11500,57.95,[],화곡동,B,False,57.95,2026-07-13,417000000,418830743.6461598,0.31544221835786307,-0.3789822234377481
B,B0 ㎡단가,"㎡당 604만원(법정동 3717건, 기준일 시점보정) × 50.19㎡",303052745.3530979,183026333.28451246,501790998.14715636,0.45,"㎡당 604만원(법정동 3717건, 기준일 시점보정) × 50.19㎡",㎡단가,법정동,3717,법정동,,0.3934744282256035,,,1162010100116440046,11620,50.19,[],봉천동,B,False,50.19,2026-07-13,240000000,240883390.54611054,0.25808900591295336,0.22959390769353671
B,B0 ㎡단가,"㎡당 1,268만원(같은 건물 3건+법정동, 기준일 시점보정) × 77.49㎡",982472842.247599,715628864.1406949,1348817710.019455,0.6,"㎡당 1,268만원(같은 건물 3건+법정동, 기준일 시점보정) × 77.49㎡",㎡단가,같은 건물,3,법정동,,0.3090970422543099,0.2620987197914092,-0.17158463312785344,1168010800102690000,11680,77.49,[],논현동,B,False,77.49,2026-07-13,920000000,935406623.3673543,0.05031631988109284,0.04909137583025675
B,B0 ㎡단가,"㎡당 1,365만원(같은 건물 1건+법정동, 기준일 시점보정) × 55.83㎡",762100035.4997298,578392736.1009197,1004155875.1653308,0.6,"㎡당 1,365만원(같은 건물 1건+법정동, 기준일 시점보정) × 55.83㎡",㎡단가,같은 건물,1,법정동,,0.26902379359414275,0.0,-0.470365237571464,1168010100107290009,11680,55.83,[],역삼동,B,False,55.83,2026-07-14,660000000,671052577.6331019,0.1356785755711798,0.12723033622328828
B,B0 ㎡단가,"㎡당 615만원(같은 건물 2건+법정동, 기준일 시점보정) × 39.9㎡",245522693.2294668,142544424.8829297,422895479.3578167,0.6,"㎡당 615만원(같은 건물 2건+법정동, 기준일 시점보정) × 39.9㎡",㎡단가,같은 건물,2,법정동,,0.5303289589715827,0.6282023304886349,-0.10872950333106779,1162010200104090184,11620,39.9,[],신림동,B,False,39.9,2026-07-14,375000000,376380297.7282977,0.34767389602655213,-0.4272106826250619
B,B0 ㎡단가,"㎡당 635만원(같은 건물 3건+법정동, 기준일 시점보정) × 30㎡",190492942.46213055,112665999.87359113,322080851.08723533,0.6,"㎡당 635만원(같은 건물 3건+법정동, 기준일 시점보정) × 30㎡",㎡단가,같은 건물,3,법정동,,0.5122380792777933,0.030387601505850823,0.3728524931293826,1150010300103420083,11500,30.0,[],화곡동,B,False,30.0,2026-07-14,123650000,124192857.19867545,0.5338478134647683,0.4277794890696638
B,B0 ㎡단가,"㎡당 719만원(같은 건물 9건+법정동, 기준일 시점보정) × 33.43㎡",240443025.6221448,142208700.9850026,406535241.30305034,0.6,"㎡당 719만원(같은 건물 9건+법정동, 기준일 시점보정) × 33.43㎡",㎡단가,같은 건물,9,법정동,,0.5122380792777933,0.07533486417533729,0.4257283463287642,1150010300100800055,11500,33.43,[],화곡동,B,False,33.43,2026-07-15,230000000,231009762.6825342,0.04083491030885257,0.04002318945692354
B,B0 ㎡단가,"㎡당 423만원(같은 건물 2건+법정동, 기준일 시점보정) × 62.02㎡",262642905.6582485,155338697.55607572,444070260.52028066,0.6,"㎡당 423만원(같은 건물 2건+법정동, 기준일 시점보정) × 62.02㎡",㎡단가,같은 건물,2,법정동,,0.5122380792777933,0.16419927883098007,-0.3627356923282221,1150010300108180010,11500,62.02,[],화곡동,B,False,62.02,2026-07-15,250000000,251097568.13318935,0.04597948761867413,0.04495375514325164
B,B0 ㎡단가,"㎡당 781만원(같은 건물 2건+법정동, 기준일 시점보정) × 35.39㎡",276508479.1745458,160534008.57065362,476266304.792173,0.6,"㎡당 781만원(같은 건물 2건+법정동, 기준일 시점보정) × 35.39㎡",㎡단가,같은 건물,2,법정동,,0.5303289589715827,0.12861874081275268,0.3688687694300601,1162010200104640001,11620,35.39,[],신림동,B,False,35.39,2026-07-15,280000000,281030622.30379564,0.016091282480815736,-0.016222152981781042
B,B0 ㎡단가,"㎡당 649만원(같은 건물 3건+법정동, 기준일 시점보정) × 45.13㎡",292958175.2629584,195704993.56679302,438540125.569718,0.6,"㎡당 649만원(같은 건물 3건+법정동, 기준일 시점보정) × 45.13㎡",㎡단가,같은 건물,3,법정동,,0.3934744282256035,0.005713301867888439,0.12065262446715153,1162010100106370006,11620,45.13,[],봉천동,B,False,45.13,2026-07-16,300000000,301104238.18263817,0.02705396300246918,-0.027426658768311137
B,B0 ㎡단가,"㎡당 1,486만원(같은 건물 6건+법정동, 기준일 시점보정) × 27.43㎡",407617589.5362306,296906845.726395,559610199.9360403,0.6,"㎡당 1,486만원(같은 건물 6건+법정동, 기준일 시점보정) × 27.43㎡",㎡단가,같은 건물,6,법정동,,0.3090970422543099,0.15076966998476998,0.07442341786687834,1168010800101490011,11680,27.43,[],논현동,B,False,27.43,2026-07-17,500000000,508373164.8735621,0.19819215941972562,-0.22088630009832608
B,B0 ㎡단가,"㎡당 1,060만원(같은 건물 5건+법정동, 기준일 시점보정) × 31.66㎡",335473269.62515,194767512.74319214,577828987.2263227,0.6,"㎡당 1,060만원(같은 건물 5건+법정동, 기준일 시점보정) × 31.66㎡",㎡단가,같은 건물,5,법정동,,0.5303289589715827,0.07311393527537766,0.6847545852338417,1162010200106100368,11620,31.66,[],신림동,B,False,31.66,2026-07-17,415000000,416527529.48598284,0.19459520469357233,-0.21641027663859466
B,B0 ㎡단가,"㎡당 531만원(같은 건물 2건+법정동, 기준일 시점보정) × 51.76㎡",274897852.2338062,159598918.26210073,473492113.7664412,0.6,"㎡당 531만원(같은 건물 2건+법정동, 기준일 시점보정) × 51.76㎡",㎡단가,같은 건물,2,법정동,,0.5303289589715827,0.23811273639120956,-0.40319175092817794,1162010200105970065,11620,51.76,[],신림동,B,False,51.76,2026-07-17,120000000,120441695.27305527,1.282414338411469,0.8252338030615761
B,B0 ㎡단가,"㎡당 659만원(같은 건물 3건+법정동, 기준일 시점보정) × 41.76㎡",275144114.4305212,183804657.7680692,411873587.0191162,0.6,"㎡당 659만원(같은 건물 3건+법정동, 기준일 시점보정) × 41.76㎡",㎡단가,같은 건물,3,법정동,,0.3934744282256035,0.1486037808234984,0.14544167588910817,1162010100106350491,11620,41.76,[],봉천동,B,False,41.76,2026-07-17,351000000,352291958.6736867,0.2189883769519256,-0.24716524698933126
B,B0 ㎡단가,"㎡당 508만원(법정동 13153건, 기준일 시점보정) × 29.84㎡",151495518.58780032,78576425.29642758,292083688.7858526,0.45,"㎡당 508만원(법정동 13153건, 기준일 시점보정) × 29.84㎡",㎡단가,법정동,13153,법정동,,0.5122380792777933,,,1150010300104800014,11500,29.84,[],화곡동,B,False,29.84,2026-07-17,350000000,351536595.3864651,0.5690476594015701,-0.8417577736505952
B,B0 ㎡단가,"㎡당 447만원(같은 건물 1건+법정동, 기준일 시점보정) × 63.38㎡",282993043.4503099,167374674.2818998,478477780.3742649,0.6,"㎡당 447만원(같은 건물 1건+법정동, 기준일 시점보정) × 63.38㎡",㎡단가,같은 건물,1,법정동,,0.5122380792777933,0.0,-0.3852969218014426,1150010300103510010,11500,63.38,[],화곡동,B,False,63.38,2026-07-17,219000000,219961469.68467388,0.28655734050147513,0.25196992267643087
B,B0 ㎡단가,"㎡당 508만원(법정동 13153건, 기준일 시점보정) × 67.96㎡",345027997.4271749,178956228.6576814,665214728.2133554,0.45,"㎡당 508만원(법정동 13153건, 기준일 시점보정) × 67.96㎡",㎡단가,법정동,13153,법정동,,0.5122380792777933,,,1150010300100990015,11500,67.96,[],화곡동,B,False,67.96,2026-07-17,296000000,297299520.66969615,0.16054003938508116,0.14888544797697403
B,B0 ㎡단가,"㎡당 561만원(같은 건물 1건+법정동, 기준일 시점보정) × 52.38㎡",293943147.4638839,170656147.30919233,506296288.19893396,0.6,"㎡당 561만원(같은 건물 1건+법정동, 기준일 시점보정) × 52.38㎡",㎡단가,같은 건물,1,법정동,,0.5303289589715827,0.0,-0.43954882177738064,1162010200106670013,11620,52.38,[],신림동,B,False,52.38,2026-07-18,270000000,270993814.36437434,0.08468581894881261,0.08129037727046275
B,B0 ㎡단가,"㎡당 1,553만원(같은 건물 2건+법정동, 기준일 시점보정) × 28.71㎡",445954133.8849827,338455084.1860478,587596696.9365542,0.6,"㎡당 1,553만원(같은 건물 2건+법정동, 기준일 시점보정) × 28.71㎡",㎡단가,같은 건물,2,법정동,,0.26902379359414275,0.12305445319367342,-0.055168533358347815,1168010100106900040,11680,28.71,[],역삼동,B,False,28.71,2026-07-20,360000000,366028678.7089647,0.2183584506490761,0.19750442044895533
B,B0 ㎡단가,"㎡당 566만원(같은 건물 1건+법정동, 기준일 시점보정) × 62.04㎡",350848865.00798386,203694204.49722198,604312363.1387818,0.6,"㎡당 566만원(같은 건물 1건+법정동, 기준일 시점보정) × 62.04㎡",㎡단가,같은 건물,1,법정동,,0.5303289589715827,0.0,-0.41640479731622726,1162010200105980122,11620,62.04,[],신림동,B,False,62.04,2026-07-20,328000000,329207300.41301775,0.06573841032022978,0.0636679019338488
B,B0 ㎡단가,"㎡당 475만원(같은 건물 1건+법정동, 기준일 시점보정) × 49.56㎡",235548502.2384622,139313862.13270816,398259699.7700812,0.6,"㎡당 475만원(같은 건물 1건+법정동, 기준일 시점보정) × 49.56㎡",㎡단가,같은 건물,1,법정동,,0.5122380792777933,0.0,-0.1979204373135275,1150010300100510026,11500,49.56,[],화곡동,B,False,49.56,2026-07-20,156000000,156684882.51511014,0.5033262843066353,0.40768017590419947
B,B0 ㎡단가,"㎡당 912만원(같은 건물 5건+법정동, 기준일 시점보정) × 39.67㎡",361926821.8981366,241778152.4193584,541781890.1274617,0.6,"㎡당 912만원(같은 건물 5건+법정동, 기준일 시점보정) × 39.67㎡",㎡단가,같은 건물,5,법정동,,0.3934744282256035,0.01864881783184354,0.5778580411045553,1162010100100430006,11620,39.67,[],봉천동,B,False,39.67,2026-07-21,475000000,476748377.12251043,0.2408430961367867,-0.27554679849360186
B,B0 ㎡단가,"㎡당 604만원(법정동 3717건, 기준일 시점보정) × 67.62㎡",408297004.19957197,246587779.57160297,676053143.9472159,0.45,"㎡당 604만원(법정동 3717건, 기준일 시점보정) × 67.62㎡",㎡단가,법정동,3717,법정동,,0.3934744282256035,,,1162010100101800206,11620,67.62,[],봉천동,B,False,67.62,2026-07-21,345000000,346269873.91003394,0.17912944487239335,0.16477640761706772
B,B0 ㎡단가,"㎡당 950만원(같은 건물 5건+법정동, 기준일 시점보정) × 49.77㎡",472636155.705031,330839121.3426214,675207136.245202,0.6,"㎡당 950만원(같은 건물 5건+법정동, 기준일 시점보정) × 49.77㎡",㎡단가,같은 건물,5,법정동,,0.3478987658625226,0.0802935733556543,0.13668787349773837,1162010300110720052,11620,49.77,[],남현동,B,False,49.77,2026-07-21,410000000,411509125.5162722,0.1485435593003433,0.1384946695504331
B,B0 ㎡단가,"㎡당 555만원(같은 건물 1건+법정동, 기준일 시점보정) × 69.36㎡",385154563.19719976,257294991.83653456,576552370.8517114,0.6,"㎡당 555만원(같은 건물 1건+법정동, 기준일 시점보정) × 69.36㎡",㎡단가,같은 건물,1,법정동,,0.3934744282256035,0.0,-0.2512700389952549,1162010100101800202,11620,69.36,[],봉천동,B,False,69.36,2026-07-22,310000000,311141046.12205946,0.23787770208275597,0.21339838269669775
B,B0 ㎡단가,"㎡당 480만원(같은 건물 3건+법정동, 기준일 시점보정) × 33.99㎡",163320348.7210002,96594919.216039,276138088.0364164,0.6,"㎡당 480만원(같은 건물 3건+법정동, 기준일 시점보정) × 33.99㎡",㎡단가,같은 건물,3,법정동,,0.5122380792777933,0.14393155812623976,-0.09176505159317827,1150010300110610016,11500,33.99,[],화곡동,B,False,33.99,2026-07-22,115000000,115504881.3412671,0.4139692351049565,0.34640080988617045
B,B0 ㎡단가,"㎡당 569만원(같은 건물 1건+법정동, 기준일 시점보정) × 29.79㎡",169396337.86335766,100188529.4731795,286411223.2448577,0.6,"㎡당 569만원(같은 건물 1건+법정동, 기준일 시점보정) × 29.79㎡",㎡단가,같은 건물,1,법정동,,0.5122380792777933,0.0,0.34008638424363724,1150010300103720030,11500,29.79,[],화곡동,B,False,29.79,2026-07-23,198000000,198869273.96148595,0.14820256297529485,-0.16040653039082947
B,B0 ㎡단가,"㎡당 710만원(같은 건물 2건+법정동, 기준일 시점보정) × 46.6㎡",330785654.5844346,195641350.46632764,559284369.1685992,0.6,"㎡당 710만원(같은 건물 2건+법정동, 기준일 시점보정) × 46.6㎡",㎡단가,같은 건물,2,법정동,,0.5122380792777933,0.0,0.6703275727056308,1150010300105040009,11500,46.6,[],화곡동,B,False,46.6,2026-07-24,350000000,351536595.3864651,0.05902924780624248,-0.060843221501737835
B,B0 ㎡단가,"㎡당 1,581만원(같은 건물 2건+법정동, 기준일 시점보정) × 40.28㎡",636810592.3301247,447625976.26622903,905952183.3081769,0.6,"㎡당 1,581만원(같은 건물 2건+법정동, 기준일 시점보정) × 40.28㎡",㎡단가,같은 건물,2,법정동,,0.3438224277939293,0.09508883123182034,0.25473787736439135,1168010300112110001,11680,40.28,[],개포동,B,False,40.28,2026-07-24,899000000,914054950.4426646,0.30331257215802415,-0.361418422405314
B,B0 ㎡단가,"㎡당 364만원(같은 건물 3건+법정동, 기준일 시점보정) × 55.68㎡",202632065.9799756,119845617.50692642,342605386.9757912,0.6,"㎡당 364만원(같은 건물 3건+법정동, 기준일 시점보정) × 55.68㎡",㎡단가,같은 건물,3,법정동,,0.5122380792777933,0.08171750606643606,-0.554892388789888,1150010300109620015,11500,55.68,[],화곡동,B,False,55.68,2026-07-25,280000000,281229276.30917203,0.27947734091094356,-0.3277784149197154
B,B0 ㎡단가,"㎡당 537만원(같은 건물 2건+법정동, 기준일 시점보정) × 60.66㎡",325937903.9836306,189231514.44690225,561404994.1086941,0.6,"㎡당 537만원(같은 건물 2건+법정동, 기준일 시점보정) × 60.66㎡",㎡단가,같은 건물,2,법정동,,0.5303289589715827,0.5831455607046195,-0.3799108502541486,1162010200105090033,11620,60.66,[],신림동,B,False,60.66,2026-07-25,380000000,381398701.69800836,0.14541422786040745,-0.15713840447200828
B,B0 ㎡단가,"㎡당 1,279만원(같은 건물 1건+법정동, 기준일 시점보정) × 41.16㎡",526400578.655406,383427848.57480705,722685037.7162533,0.6,"㎡당 1,279만원(같은 건물 1건+법정동, 기준일 시점보정) × 41.16㎡",㎡단가,같은 건물,1,법정동,,0.3090970422543099,0.0,-0.2828370530097679,1168010800100100014,11680,41.16,[],논현동,B,False,41.16,2026-07-25,298000000,302990406.264643,0.7373506479793565,0.552361336764717
B,B0 ㎡단가,"㎡당 612만원(같은 건물 8건+법정동, 기준일 시점보정) × 40.45㎡",247557655.00366786,146416609.28144082,418564484.25952756,0.6,"㎡당 612만원(같은 건물 8건+법정동, 기준일 시점보정) × 40.45㎡",㎡단가,같은 건물,8,법정동,,0.5122380792777933,0.1167973512600474,0.233588239984595,1150010300104710020,11500,40.45,[],화곡동,B,False,40.45,2026-07-26,230000000,231009762.6825342,0.07163287009594768,0.06918353206628582
B,B0 ㎡단가,"㎡당 508만원(법정동 13153건, 기준일 시점보정) × 42.98㎡",218206346.81312567,113177438.31234798,420702310.45629925,0.45,"㎡당 508만원(법정동 13153건, 기준일 시점보정) × 42.98㎡",㎡단가,법정동,13153,법정동,,0.5122380792777933,,,1150010300100460303,11500,42.98,[],화곡동,B,False,42.98,2026-07-27,165000000,165724394.96790496,0.3166821146360778,0.27511502281108985
B,B0 ㎡단가,"㎡당 1,186만원(같은 건물 2건+법정동, 기준일 시점보정) × 28.06㎡",332684234.65147805,222243212.5125037,498007559.9807701,0.6,"㎡당 1,186만원(같은 건물 2건+법정동, 기준일 시점보정) × 28.06㎡",㎡단가,같은 건물,2,법정동,,0.3934744282256035,0.011548180624137956,1.3495153147648864,1162010100100090031,11620,28.06,[],봉천동,B,False,28.06,2026-07-27,820000000,823018251.0325444,0.5957753862273428,-0.9057845808328555
B,B0 ㎡단가,"㎡당 439만원(같은 건물 4건+법정동, 기준일 시점보정) × 55.72㎡",244557056.4110182,163371570.39113936,366086667.93880373,0.6,"㎡당 439만원(같은 건물 4건+법정동, 기준일 시점보정) × 55.72㎡",㎡단가,같은 건물,4,법정동,,0.3934744282256035,0.25308439457589016,-0.47847235714847614,1162010100101800437,11620,55.72,[],봉천동,B,False,55.72,2026-07-27,245000000,245901794.5158212,0.005468598175343841,-0.005483605696755114
B,B0 ㎡단가,"㎡당 1,914만원(같은 건물 3건+법정동, 기준일 시점보정) × 18.5㎡",354064907.2498505,268716127.7026762,466521900.33250743,0.6,"㎡당 1,914만원(같은 건물 3건+법정동, 기준일 시점보정) × 18.5㎡",㎡단가,같은 건물,3,법정동,,0.26902379359414275,0.11240514095649876,0.30192439600048715,1168010100106850023,11680,18.5,[],역삼동,B,False,18.5,2026-07-27,340000000,345693752.11402225,0.024215523377660433,0.02392697651967832
B,B0 ㎡단가,"㎡당 376만원(같은 건물 3건+법정동, 기준일 시점보정) × 43.32㎡",162882857.00847992,96336167.15630165,275398387.6501927,0.6,"㎡당 376만원(같은 건물 3건+법정동, 기준일 시점보정) × 43.32㎡",㎡단가,같은 건물,3,법정동,,0.5122380792777933,0.031540384550837436,-0.5004823620826446,1150010300101110024,11500,43.32,[],화곡동,B,False,43.32,2026-07-28,136000000,136597077.064455,0.19243296056490033,0.175995724644454
B,B0 ㎡단가,"㎡당 408만원(같은 건물 3건+법정동, 기준일 시점보정) × 57.99㎡",236485006.25278792,139867752.26530775,399843118.06412435,0.6,"㎡당 408만원(같은 건물 3건+법정동, 기준일 시점보정) × 57.99㎡",㎡단가,같은 건물,3,법정동,,0.5122380792777933,0.005400491199166974,-0.3651534056203971,1150010300104750016,11500,57.99,[],화곡동,B,False,57.99,2026-07-29,205000000,205900005.86921525,0.14854297965877583,0.13849416487500396
B,B0 ㎡단가,"㎡당 426만원(같은 건물 2건+법정동, 기준일 시점보정) × 75.66㎡",322667992.10923487,190840203.78034723,545559222.1628458,0.6,"㎡당 426만원(같은 건물 2건+법정동, 기준일 시점보정) × 75.66㎡",㎡단가,같은 건물,2,법정동,,0.5122380792777933,0.2500608445345495,-0.34866396345222483,1150010300107730013,11500,75.66,[],화곡동,B,False,75.66,2026-07-29,309000000,310356594.21262205,0.03966855586828103,0.038901966078330366
B,B0 ㎡단가,"㎡당 738만원(같은 건물 4건+법정동, 기준일 시점보정) × 29.63㎡",218760276.90459216,127006825.51348397,376799109.48008925,0.6,"㎡당 738만원(같은 건물 4건+법정동, 기준일 시점보정) × 29.63㎡",㎡단가,같은 건물,4,법정동,,0.5303289589715827,0.048962379340605364,0.1917170027577253,1162010200106100225,11620,29.63,[],신림동,B,False,29.63,2026-07-29,247000000,247909156.10370544,0.11757887307284332,-0.1250858687556229
B,B0 ㎡단가,"㎡당 453만원(같은 건물 3건+법정동, 기준일 시점보정) × 83.57㎡",378929034.8541379,224115487.12080732,640684029.9175271,0.6,"㎡당 453만원(같은 건물 3건+법정동, 기준일 시점보정) × 83.57㎡",㎡단가,같은 건물,3,법정동,,0.5122380792777933,0.097132989842326,-0.1884032141497336,1150010300108050009,11500,83.57,[],화곡동,B,False,83.57,2026-07-30,350000000,351536595.3864651,0.07792201388751202,0.07503512653735123
B,B0 ㎡단가,"㎡당 604만원(법정동 3717건, 기준일 시점보정) × 70.49㎡",425626380.1542117,257053720.5265051,704746910.9263414,0.45,"㎡당 604만원(법정동 3717건, 기준일 시점보정) × 70.49㎡",㎡단가,법정동,3717,법정동,,0.3934744282256035,,,1162010100116070011,11620,70.49,[],봉천동,B,False,70.49,2026-07-30,300000000,301104238.18263817,0.4135516083172606,0.3461054084982696
B,B0 ㎡단가,"㎡당 517만원(같은 건물 8건+법정동, 기준일 시점보정) × 33.12㎡",171185446.67794418,99386051.54607515,294854828.2023437,0.6,"㎡당 517만원(같은 건물 8건+법정동, 기준일 시점보정) × 33.12㎡",㎡단가,같은 건물,8,법정동,,0.5303289589715827,0.08979211560615928,-0.2859596058215583,1162010200100920203,11620,33.12,[],신림동,B,False,33.12,2026-07-30,158000000,158581565.4428561,0.07947885493430705,0.0764783829479092
B,B0 ㎡단가,"㎡당 438만원(같은 건물 1건+법정동, 기준일 시점보정) × 20.67㎡",90590971.53617127,53579530.326546334,153169019.47162682,0.6,"㎡당 438만원(같은 건물 1건+법정동, 기준일 시점보정) × 20.67㎡",㎡단가,같은 건물,1,법정동,,0.5122380792777933,0.0,-0.44110525928033795,1150010300104090119,11500,20.67,[],화곡동,B,False,20.67,2026-08-01,68000000,68000000.0,0.3322201696495775,0.2868468509886052
B,B0 ㎡단가,"㎡당 508만원(법정동 13153건, 기준일 시점보정) × 44.36㎡",225212506.8550547,116811334.65648569,434210202.22990763,0.45,"㎡당 508만원(법정동 13153건, 기준일 시점보정) × 44.36㎡",㎡단가,법정동,13153,법정동,,0.5122380792777933,,,1150010300104100027,11500,44.36,[],화곡동,B,False,44.36,2026-08-01,158500000,158500000.0,0.42089909687731675,0.3512898380626454
B,B0 ㎡단가,"㎡당 730만원(같은 건물 1건+법정동, 기준일 시점보정) × 25.84㎡",188626055.27323878,111561839.7452992,318924363.4666945,0.6,"㎡당 730만원(같은 건물 1건+법정동, 기준일 시점보정) × 25.84㎡",㎡단가,같은 건물,1,법정동,,0.5122380792777933,0.0,1.0894096914502533,1150010300110160019,11500,25.84,[],화곡동,B,False,25.84,2026-08-01,270000000,270000000.0,0.30138498046948603,-0.35865544736941074
B,B0 ㎡단가,"㎡당 508만원(법정동 13153건, 기준일 시점보정) × 62.56㎡",317612588.56745315,164736634.26757765,612357760.4035847,0.45,"㎡당 508만원(법정동 13153건, 기준일 시점보정) × 62.56㎡",㎡단가,법정동,13153,법정동,,0.5122380792777933,,,1150010300103710002,11500,62.56,[],화곡동,B,False,62.56,2026-08-02,288000000,288000000.0,0.10282148808143453,0.097871884998924
B,B0 ㎡단가,"㎡당 1,478만원(같은 건물 3건+법정동, 기준일 시점보정) × 29.69㎡",438688343.7393303,332940742.1751289,578023169.1546128,0.6,"㎡당 1,478만원(같은 건물 3건+법정동, 기준일 시점보정) × 29.69㎡",㎡단가,같은 건물,3,법정동,,0.26902379359414275,0.02940769725531879,-0.12929321902562663,1168010100107280051,11680,29.69,[],역삼동,B,False,29.69,2026-08-03,380000000,380000000.0,0.15444300984034287,0.143617985094942
B,B0 ㎡단가,"㎡당 650만원(법정동 5683건, 기준일 시점보정) × 48.48㎡",314986301.088878,159630146.56896058,621539051.4021208,0.45,"㎡당 650만원(법정동 5683건, 기준일 시점보정) × 48.48㎡",㎡단가,법정동,5683,법정동,,0.5303289589715827,,,1162010200104850030,11620,48.48,[],신림동,B,False,48.48,2026-08-03,495000000,495000000.0,0.36366403820428694,-0.45202861329545074
B,B0 ㎡단가,"㎡당 517만원(같은 건물 1건+법정동, 기준일 시점보정) × 54.32㎡",280659890.6607637,165994743.93647853,474532942.1746923,0.6,"㎡당 517만원(같은 건물 1건+법정동, 기준일 시점보정) × 54.32㎡",㎡단가,같은 건물,1,법정동,,0.5122380792777933,0.0,0.052634491787040716,1150010300101560003,11500,54.32,[],화곡동,B,False,54.32,2026-08-03,280000000,280000000.0,0.002356752359870289,0.0023539795746848214
B,B0 ㎡단가,"㎡당 571만원(같은 건물 3건+법정동, 기준일 시점보정) × 40.44㎡",231030409.02399093,136641660.82723624,390620617.24555326,0.6,"㎡당 571만원(같은 건물 3건+법정동, 기준일 시점보정) × 40.44㎡",㎡단가,같은 건물,3,법정동,,0.5122380792777933,0.008191973630468993,0.19670613267386017,1150010300108030006,11500,40.44,[],화곡동,B,False,40.44,2026-08-04,240000000,240000000.0,0.03737329573337113,-0.03808958068758953
B,B0 ㎡단가,"㎡당 655만원(같은 건물 6건+법정동, 기준일 시점보정) × 37.03㎡",242464750.97133294,143404439.28896287,409953525.5329798,0.6,"㎡당 655만원(같은 건물 6건+법정동, 기준일 시점보정) × 37.03㎡",㎡단가,같은 건물,6,법정동,,0.5122380792777933,0.017902147598229563,0.3392289055595086,1150010300103540038,11500,37.03,[],화곡동,B,False,37.03,2026-08-07,305000000,305000000.0,0.2050336033726789,-0.2294554336144456
B,B0 ㎡단가,"㎡당 789만원(같은 건물 8건+법정동, 기준일 시점보정) × 38.45㎡",303249592.1167454,179355298.23570174,512727062.00249404,0.6,"㎡당 789만원(같은 건물 8건+법정동, 기준일 시점보정) × 38.45㎡",㎡단가,같은 건물,8,법정동,,0.5122380792777933,0.17785286006834547,0.5506140474177528,1150010300108700001,11500,38.45,[],화곡동,B,False,38.45,2026-08-07,300000000,300000000.0,0.010831973722484707,0.010773728127467417
B,B0 ㎡단가,"㎡당 871만원(같은 건물 2건+법정동, 기준일 시점보정) × 11.9㎡",103641212.74404311,72547492.07236312,148061644.47892702,0.6,"㎡당 871만원(같은 건물 2건+법정동, 기준일 시점보정) × 11.9㎡",㎡단가,같은 건물,2,법정동,,0.3478987658625226,0.06121876379733722,0.02223475918735396,1162010300110710038,11620,11.9,[],남현동,B,False,11.9,2026-08-07,225000000,225000000.0,0.5393723878042528,-0.7751653450733467
B,B0 ㎡단가,"㎡당 948만원(같은 건물 5건+법정동, 기준일 시점보정) × 41.38㎡",392329195.25203955,227776661.97119075,675759299.1093227,0.6,"㎡당 948만원(같은 건물 5건+법정동, 기준일 시점보정) × 41.38㎡",㎡단가,같은 건물,5,법정동,,0.5303289589715827,0.02623567537965683,0.529096107884369,1162010200100110008,11620,41.38,[],신림동,B,False,41.38,2026-08-08,380000000,380000000.0,0.032445250663261975,0.031930018455125074
B,B0 ㎡단가,"㎡당 604만원(법정동 3717건, 기준일 시점보정) × 55.33㎡",334088631.2091438,201770213.60095808,553179835.1759752,0.45,"㎡당 604만원(법정동 3717건, 기준일 시점보정) × 55.33㎡",㎡단가,법정동,3717,법정동,,0.3934744282256035,,,1162010100116460035,11620,55.33,[],봉천동,B,False,55.33,2026-08-08,275000000,275000000.0,0.21486774985143206,0.19463522300924996
B,B0 ㎡단가,"㎡당 1,179만원(같은 건물 1건+법정동, 기준일 시점보정) × 65.82㎡",776314281.8029723,545685706.9697225,1104415703.8269348,0.6,"㎡당 1,179만원(같은 건물 1건+법정동, 기준일 시점보정) × 65.82㎡",㎡단가,같은 건물,1,법정동,,0.3438224277939293,0.0,-0.4968436936301366,1168010300111760004,11680,65.82,[],개포동,B,False,65.82,2026-08-09,960000000,960000000.0,0.1913392897885705,-0.2123758439465492
B,B0 ㎡단가,"㎡당 847만원(같은 건물 4건+법정동, 기준일 시점보정) × 43.04㎡",364357766.2825251,211537139.655888,627580490.4346781,0.6,"㎡당 847만원(같은 건물 4건+법정동, 기준일 시점보정) × 43.04㎡",㎡단가,같은 건물,4,법정동,,0.5303289589715827,0.2613646789681663,0.3969428039531895,1162010200101060008,11620,43.04,[],신림동,B,False,43.04,2026-08-10,324000000,324000000.0,0.12456100704483063,0.11739274354217347
B,B0 ㎡단가,"㎡당 501만원(같은 건물 2건+법정동, 기준일 시점보정) × 56.5㎡",283001964.9362663,167379950.84554905,478492864.6065344,0.6,"㎡당 501만원(같은 건물 2건+법정동, 기준일 시점보정) × 56.5㎡",㎡단가,같은 건물,2,법정동,,0.5122380792777933,0.006103033791794484,-0.026986132386774386,1150010300110430015,11500,56.5,[],화곡동,B,False,56.5,2026-08-11,300000000,300000000.0,0.05666011687911232,-0.05832863379937748
B,B0 ㎡단가,"㎡당 1,272만원(같은 건물 7건+법정동, 기준일 시점보정) × 14.06㎡",178779001.35142344,130221832.26626442,245442187.1354086,0.6,"㎡당 1,272만원(같은 건물 7건+법정동, 기준일 시점보정) × 14.06㎡",㎡단가,같은 건물,7,법정동,,0.3090970422543099,0.18526696356007916,-0.12864607538151418,1168010800101820006,11680,14.06,[],논현동,B,False,14.06,2026-08-12,163000000,163000000.0,0.09680368927253645,0.09240021292965432
B,B0 ㎡단가,"㎡당 1,224만원(같은 건물 15건+법정동, 기준일 시점보정) × 17.67㎡",216281924.0654823,157538794.96461305,296929214.72437614,0.6,"㎡당 1,224만원(같은 건물 15건+법정동, 기준일 시점보정) × 17.67㎡",㎡단가,같은 건물,15,법정동,,0.3090970422543099,0.08340690952863197,-0.1565814598845634,1168010800101850010,11680,17.67,[],논현동,B,False,17.67,2026-08-13,190000000,190000000.0,0.13832591613411732,0.1295586884922301
B,B0 ㎡단가,"㎡당 433만원(같은 건물 5건+법정동, 기준일 시점보정) × 36.64㎡",158787027.3039899,93913711.27418905,268473258.0360455,0.6,"㎡당 433만원(같은 건물 5건+법정동, 기준일 시점보정) × 36.64㎡",㎡단가,같은 건물,5,법정동,,0.5122380792777933,0.18223647620494002,-0.22159613737527017,1150010300103500026,11500,36.64,[],화곡동,B,False,36.64,2026-08-13,165000000,165000000.0,0.037654379975818865,-0.0383816204648877
B,B0 ㎡단가,"㎡당 618만원(같은 건물 4건+법정동, 기준일 시점보정) × 34.01㎡",210166263.02577633,124301676.7836555,355344024.77205944,0.6,"㎡당 618만원(같은 건물 4건+법정동, 기준일 시점보정) × 34.01㎡",㎡단가,같은 건물,4,법정동,,0.5122380792777933,0.024267474982868215,0.2948071173643392,1150010300103540041,11500,34.01,[],화곡동,B,False,34.01,2026-08-13,270000000,270000000.0,0.22160643323786547,-0.25052301283856626
B,B0 ㎡단가,"㎡당 1,446만원(같은 건물 5건+법정동, 기준일 시점보정) × 49.62㎡",717612517.5203785,504423148.11466455,1020904229.369097,0.6,"㎡당 1,446만원(같은 건물 5건+법정동, 기준일 시점보정) × 49.62㎡",㎡단가,같은 건물,5,법정동,,0.3438224277939293,0.2210188722084091,0.053602520125764386,1168010300112310008,11680,49.62,[],개포동,B,False,49.62,2026-08-13,880000000,880000000.0,0.184531230090479,-0.20399215328953244
B,B0 ㎡단가,"㎡당 709만원(같은 건물 3건+법정동, 기준일 시점보정) × 29.56㎡",209472607.849933,139934089.00398034,313567435.5817882,0.6,"㎡당 709만원(같은 건물 3건+법정동, 기준일 시점보정) × 29.56㎡",㎡단가,같은 건물,3,법정동,,0.3934744282256035,0.015263483276772469,0.2667997014136567,1162010100106350147,11620,29.56,[],봉천동,B,False,29.56,2026-08-14,230000000,230000000.0,0.08924953108724783,-0.0934863282291966
B,B0 ㎡단가,"㎡당 384만원(같은 건물 6건+법정동, 기준일 시점보정) × 59.95㎡",230113131.25338945,136099141.95041654,389069706.2185085,0.6,"㎡당 384만원(같은 건물 6건+법정동, 기준일 시점보정) × 59.95㎡",㎡단가,같은 건물,6,법정동,,0.5122380792777933,0.1899784770950058,-0.37286144981902325,1150010300100700037,11500,59.95,[],화곡동,B,False,59.95,2026-08-14,225000000,225000000.0,0.022725027792841992,0.022470660802650456
B,B0 ㎡단가,"㎡당 508만원(법정동 13153건, 기준일 시점보정) × 59.21㎡",300604881.21929127,155915219.22927192,579566863.7067802,0.45,"㎡당 508만원(법정동 13153건, 기준일 시점보정) × 59.21㎡",㎡단가,법정동,13153,법정동,,0.5122380792777933,,,1150010300109830004,11500,59.21,[],화곡동,B,False,59.21,2026-08-17,232000000,232000000.0,0.29571069491073826,0.2590593437751871
B,B0 ㎡단가,"㎡당 662만원(같은 건물 9건+법정동, 기준일 시점보정) × 24.47㎡",162013753.9487757,95822140.94646324,273928929.25696266,0.6,"㎡당 662만원(같은 건물 9건+법정동, 기준일 시점보정) × 24.47㎡",㎡단가,같은 건물,9,법정동,,0.5122380792777933,0.12420005210446378,0.3245331053488112,1150010300103460093,11500,24.47,[],화곡동,B,False,24.47,2026-08-19,185000000,185000000.0,0.12424997865526644,-0.13267459253145117
B,B0 ㎡단가,"㎡당 508만원(법정동 13153건, 기준일 시점보정) × 44.95㎡",228207894.1193576,118364957.00651552,439985315.37949353,0.45,"㎡당 508만원(법정동 13153건, 기준일 시점보정) × 44.95㎡",㎡단가,법정동,13153,법정동,,0.5122380792777933,,,1150010300103980003,11500,44.95,[],화곡동,B,False,44.95,2026-08-19,200000000,200000000.0,0.14103947059678792,0.13193966326740636
B,B0 ㎡단가,"㎡당 408만원(같은 건물 3건+법정동, 기준일 시점보정) × 65.65㎡",267769164.97593245,158370595.34805292,452737615.55503076,0.6,"㎡당 408만원(같은 건물 3건+법정동, 기준일 시점보정) × 65.65㎡",㎡단가,같은 건물,3,법정동,,0.5122380792777933,0.2758595320771291,-0.3648643083428347,1150010300104640003,11500,65.65,[],화곡동,B,False,65.65,2026-08-19,256000000,256000000.0,0.04597330068723613,0.04494784016135275
B,B0 ㎡단가,"㎡당 492만원(같은 건물 1건+법정동, 기준일 시점보정) × 55.92㎡",275130200.23804766,183795362.66324386,411852758.340384,0.6,"㎡당 492만원(같은 건물 1건+법정동, 기준일 시점보정) × 55.92㎡",㎡단가,같은 건물,1,법정동,,0.3934744282256035,0.0,-0.6143061619750583,1162010100115340002,11620,55.92,[],봉천동,B,False,55.92,2026-08-20,300000000,300000000.0,0.08289933253984114,-0.08653803362319651
B,B0 ㎡단가,"㎡당 1,605만원(같은 건물 3건+법정동, 기준일 시점보정) × 27.79㎡",446053096.52855146,324903098.67997485,612377554.203278,0.6,"㎡당 1,605만원(같은 건물 3건+법정동, 기준일 시점보정) × 27.79㎡",㎡단가,같은 건물,3,법정동,,0.3090970422543099,0.25422047638697987,0.22147860951364606,1168010800101830014,11680,27.79,[],논현동,B,False,27.79,2026-08-20,550000000,550000000.0,0.18899436994808824,-0.2094802827799552
B,B0 ㎡단가,"㎡당 843만원(같은 건물 9건+법정동, 기준일 시점보정) × 29.4㎡",247852168.22136486,146590797.49922436,419062440.0713611,0.6,"㎡당 843만원(같은 건물 9건+법정동, 기준일 시점보정) × 29.4㎡",㎡단가,같은 건물,9,법정동,,0.5122380792777933,0.0951509799751371,0.6198274247063011,1150010300110670013,11500,29.4,[],화곡동,B,False,29.4,2026-08-20,370000000,370000000.0,0.33012927507739226,-0.4006705330906666
B,B0 ㎡단가,"㎡당 873만원(같은 건물 3건+법정동, 기준일 시점보정) × 14.475㎡",126422176.06181258,84453868.30618107,189246116.49830365,0.6,"㎡당 873만원(같은 건물 3건+법정동, 기준일 시점보정) × 14.475㎡",㎡단가,같은 건물,3,법정동,,0.3934744282256035,0.010854750743901617,0.6151880377108014,1162010100115180009,11620,14.475,[],봉천동,B,False,14.475,2026-08-20,157500000,157500000.0,0.19731951706785664,-0.21979854841434823
B,B0 ㎡단가,"㎡당 376만원(같은 건물 3건+법정동, 기준일 시점보정) × 33.2㎡",124908163.73725332,73876244.32663448,211191696.47051892,0.6,"㎡당 376만원(같은 건물 3건+법정동, 기준일 시점보정) × 33.2㎡",㎡단가,같은 건물,3,법정동,,0.5122380792777933,0.23894592900595948,-0.4994622793949368,1150010300104300006,11500,33.2,[],화곡동,B,False,33.2,2026-08-21,130000000,130000000.0,0.03916797125189751,-0.039955673272288356
B,B0 ㎡단가,"㎡당 596만원(같은 건물 3건+법정동, 기준일 시점보정) × 56.4㎡",336186864.08046234,224583075.7685843,503250777.8845961,0.6,"㎡당 596만원(같은 건물 3건+법정동, 기준일 시점보정) × 56.4㎡",㎡단가,같은 건물,3,법정동,,0.3934744282256035,0.0521488084313154,-0.021488456333759842,1162010100101800197,11620,56.4,[],봉천동,B,False,56.4,2026-08-21,365000000,365000000.0,0.07894009840969222,-0.08223020511293153
B,B0 ㎡단가,"㎡당 459만원(같은 건물 2건+법정동, 기준일 시점보정) × 48.93㎡",224538980.98167357,130361798.686845,386752518.66846246,0.6,"㎡당 459만원(같은 건물 2건+법정동, 기준일 시점보정) × 48.93㎡",㎡단가,같은 건물,2,법정동,,0.5303289589715827,0.45153820125313077,-0.6954383720828314,1162010200105980031,11620,48.93,[],신림동,B,False,48.93,2026-08-21,170000000,170000000.0,0.3208175351863151,0.2782508897215371
B,B0 ㎡단가,"㎡당 1,472만원(같은 건물 3건+법정동, 기준일 시점보정) × 55.22㎡",812757676.1584074,571302444.7772968,1156261532.2115731,0.6,"㎡당 1,472만원(같은 건물 3건+법정동, 기준일 시점보정) × 55.22㎡",㎡단가,같은 건물,3,법정동,,0.3438224277939293,0.0024669471141634354,0.09309922627902623,1168010300112330022,11680,55.22,[],개포동,B,False,55.22,2026-08-21,850000000,850000000.0,0.04381449863716771,-0.04480334567142304
B,B0 ㎡단가,"㎡당 1,847만원(같은 건물 4건+법정동, 기준일 시점보정) × 25.57㎡",472273529.0060978,344001945.4921246,648375072.0676657,0.6,"㎡당 1,847만원(같은 건물 4건+법정동, 기준일 시점보정) × 25.57㎡",㎡단가,같은 건물,4,법정동,,0.3090970422543099,0.0489982633249251,0.4098959295798146,1168010800101880010,11680,25.57,[],논현동,B,False,25.57,2026-08-22,550000000,550000000.0,0.14132085635254946,-0.15235994988624843
B,B0 ㎡단가,"㎡당 1,568만원(같은 건물 9건+법정동, 기준일 시점보정) × 24.67㎡",386791670.0630029,271501833.4381229,551037884.8481091,0.6,"㎡당 1,568만원(같은 건물 9건+법정동, 기준일 시점보정) × 24.67㎡",㎡단가,같은 건물,9,법정동,,0.3451909092995672,0.04130951612327498,-0.07912059988713693,1168010600109530025,11680,24.67,[],대치동,B,False,24.67,2026-08-22,180000000,180000000.0,1.1488426114611272,0.7649293769425661
B,B0 ㎡단가,"㎡당 484만원(같은 건물 1건+법정동, 기준일 시점보정) × 58.41㎡",282579781.09181446,167130252.5399276,477779046.3927003,0.6,"㎡당 484만원(같은 건물 1건+법정동, 기준일 시점보정) × 58.41㎡",㎡단가,같은 건물,1,법정동,,0.5122380792777933,0.0,-0.14469736586856996,1150010300103790062,11500,58.41,[],화곡동,B,False,58.41,2026-08-22,218000000,218000000.0,0.296237527944103,0.25946585887141815
B,B0 ㎡단가,"㎡당 508만원(법정동 13153건, 기준일 시점보정) × 46.6㎡",236584824.60427305,122709833.07015859,456136055.5435911,0.45,"㎡당 508만원(법정동 13153건, 기준일 시점보정) × 46.6㎡",㎡단가,법정동,13153,법정동,,0.5122380792777933,,,1150010300101620006,11500,46.6,[],화곡동,B,False,46.6,2026-08-22,208000000,208000000.0,0.13742704136669737,0.12876873032809696
B,B0 ㎡단가,"㎡당 719만원(같은 건물 10건+법정동, 기준일 시점보정) × 29.99㎡",215712051.227975,127581702.61984673,364720709.07871705,0.6,"㎡당 719만원(같은 건물 10건+법정동, 기준일 시점보정) × 29.99㎡",㎡단가,같은 건물,10,법정동,,0.5122380792777933,0.05498203704048359,0.4180489925945565,1150010300101050021,11500,29.99,[],화곡동,B,False,29.99,2026-08-24,220000000,220000000.0,0.01949067623647722,-0.019683124198166188
B,B0 ㎡단가,"㎡당 650만원(법정동 5683건, 기준일 시점보정) × 66.89㎡",434600529.69956726,220248772.772231,857564916.4250786,0.45,"㎡당 650만원(법정동 5683건, 기준일 시점보정) × 66.89㎡",㎡단가,법정동,5683,법정동,,0.5303289589715827,,,1162010200105870111,11620,66.89,[],신림동,B,False,66.89,2026-08-24,215000000,215000000.0,1.0213978125561267,0.7037892585148331
B,B0 ㎡단가,"㎡당 1,470만원(같은 건물 8건+법정동, 기준일 시점보정) × 21.2㎡",311651855.80943596,243109011.77577338,399519863.6200638,0.6,"㎡당 1,470만원(같은 건물 8건+법정동, 기준일 시점보정) × 21.2㎡",㎡단가,같은 건물,8,법정동,,0.2422526208914518,0.15849220286562193,0.0384035583513338,1168011800109480026,11680,21.2,[],도곡동,B,False,21.2,2026-08-24,390000000,390000000.0,0.20089267741170266,-0.22426002109934592
B,B0 ㎡단가,"㎡당 587만원(같은 건물 11건+법정동, 기준일 시점보정) × 40.62㎡",238590037.57614458,141112761.42809263,403402254.0165063,0.6,"㎡당 587만원(같은 건물 11건+법정동, 기준일 시점보정) × 40.62㎡",㎡단가,같은 건물,11,법정동,,0.5122380792777933,0.06509359923962943,0.17228537191228632,1150010300103510017,11500,40.62,[],화곡동,B,False,40.62,2026-08-25,245000000,245000000.0,0.026163111934103773,-0.02651145541504815
B,B0 ㎡단가,"㎡당 683만원(같은 건물 9건+법정동, 기준일 시점보정) × 84.99㎡",580154936.4640579,387561186.8708876,868455773.4511828,0.6,"㎡당 683만원(같은 건물 9건+법정동, 기준일 시점보정) × 84.99㎡",㎡단가,같은 건물,9,법정동,,0.3934744282256035,0.1002451124466352,0.14993065196431843,1162010100102180042,11620,84.99,[],봉천동,B,False,84.99,2026-08-25,635000000,635000000.0,0.08637017879675918,-0.09032979919099962
B,B0 ㎡단가,"㎡당 937만원(같은 건물 5건+법정동, 기준일 시점보정) × 63.57㎡",595898880.6120088,345964204.39976645,1026393688.7075387,0.6,"㎡당 937만원(같은 건물 5건+법정동, 기준일 시점보정) × 63.57㎡",㎡단가,같은 건물,5,법정동,,0.5303289589715827,0.3349489602571645,0.5131721291308065,1162010200103550000,11620,63.57,[],신림동,B,False,63.57,2026-08-26,710000000,710000000.0,0.16070580195491718,-0.17519398076714435
B,B0 ㎡단가,"㎡당 894만원(같은 건물 5건+법정동, 기준일 시점보정) × 37.04㎡",331182635.50179034,221240098.4957477,495759759.6622831,0.6,"㎡당 894만원(같은 건물 5건+법정동, 기준일 시점보정) × 37.04㎡",㎡단가,같은 건물,5,법정동,,0.3934744282256035,0.1716869825394191,0.5496127259733399,1162010100100630016,11620,37.04,[],봉천동,B,False,37.04,2026-08-28,445000000,445000000.0,0.25576935842294307,-0.2954042900700738
B,B0 ㎡단가,"㎡당 604만원(법정동 3717건, 기준일 시점보정) × 37.95㎡",229146277.86710647,138391100.77998114,379417580.78670245,0.45,"㎡당 604만원(법정동 3717건, 기준일 시점보정) × 37.95㎡",㎡단가,법정동,3717,법정동,,0.3934744282256035,,,1162010100106730124,11620,37.95,[],봉천동,B,False,37.95,2026-08-28,182000000,182000000.0,0.2590454827862993,0.23035388053064604
B,B0 ㎡단가,"㎡당 508만원(법정동 13153건, 기준일 시점보정) × 52.86㎡",268366391.17128438,139194029.52979767,517410984.8934374,0.45,"㎡당 508만원(법정동 13153건, 기준일 시점보정) × 52.86㎡",㎡단가,법정동,13153,법정동,,0.5122380792777933,,,1150010300101050016,11500,52.86,[],화곡동,B,False,52.86,2026-08-29,195000000,195000000.0,0.376237903442484,0.31935361951020946
B,B0 ㎡단가,"㎡당 1,185만원(같은 건물 4건+법정동, 기준일 시점보정) × 32.13㎡",380601605.91252214,254253477.54765043,569736877.6245848,0.6,"㎡당 1,185만원(같은 건물 4건+법정동, 기준일 시점보정) × 32.13㎡",㎡단가,같은 건물,4,법정동,,0.3934744282256035,0.04297798327535233,1.0108079060743762,1162010100104800014,11620,32.13,[],봉천동,B,False,32.13,2026-08-29,750000000,750000000.0,0.49253119211663715,-0.6783200322538715
B,B0 ㎡단가,"㎡당 552만원(같은 건물 3건+법정동, 기준일 시점보정) × 71.64㎡",395142573.52505577,263967287.27667236,591503799.6672343,0.6,"㎡당 552만원(같은 건물 3건+법정동, 기준일 시점보정) × 71.64㎡",㎡단가,같은 건물,3,법정동,,0.3934744282256035,0.035168577067259274,-0.15082999258224206,1162010100116070002,11620,71.64,[],봉천동,B,False,71.64,2026-08-29,300000000,300000000.0,0.3171419117501859,0.275464170752769
B,B0 ㎡단가,"㎡당 754만원(같은 건물 3건+법정동, 기준일 시점보정) × 135.7㎡",1023689094.0851346,716568963.94214,1462440342.9136798,0.6,"㎡당 754만원(같은 건물 3건+법정동, 기준일 시점보정) × 135.7㎡",㎡단가,같은 건물,3,법정동,,0.3478987658625226,0.06251608741506055,-0.22092950636727515,1162010300106020219,11620,135.7,[],남현동,B,False,135.7,2026-08-29,850000000,850000000.0,0.20434011068839367,0.18593179095600748
B,B0 ㎡단가,"㎡당 1,752만원(같은 건물 8건+법정동, 기준일 시점보정) × 28.8㎡",504437395.8728862,354578401.3525639,717632786.95029,0.6,"㎡당 1,752만원(같은 건물 8건+법정동, 기준일 시점보정) × 28.8㎡",㎡단가,같은 건물,8,법정동,,0.3438224277939293,0.1017759996383105,0.28727511497115543,1168010300111950003,11680,28.8,[],개포동,B,False,28.8,2026-08-29,577500000,577500000.0,0.1265153318218421,-0.13526470173360922
B,B0 ㎡단가,"㎡당 1,542만원(같은 건물 4건+법정동, 기준일 시점보정) × 40.72㎡",627978011.2472744,441417391.20533246,893386600.6802634,0.6,"㎡당 1,542만원(같은 건물 4건+법정동, 기준일 시점보정) × 40.72㎡",㎡단가,같은 건물,4,법정동,,0.3438224277939293,0.12143315208990853,0.15380627719792273,1168010300111980000,11680,40.72,[],개포동,B,False,40.72,2026-08-29,805000000,805000000.0,0.21990309161829266,-0.2483371255008281
B,B0 ㎡단가,"㎡당 1,669만원(같은 건물 4건+법정동, 기준일 시점보정) × 28.24㎡",471279344.7980037,330806519.57508165,671402187.3526759,0.6,"㎡당 1,669만원(같은 건물 4건+법정동, 기준일 시점보정) × 28.24㎡",㎡단가,같은 건물,4,법정동,,0.3451909092995672,0.06070977644318781,-0.0034826088539077205,1168010600109340018,11680,28.24,[],대치동,B,False,28.24,2026-08-29,480000000,480000000.0,0.01816803167082568,-0.01833509695003032
B,B0 ㎡단가,"㎡당 946만원(같은 건물 5건+법정동, 기준일 시점보정) × 28.02㎡",265007655.42208514,153856913.73306045,456456949.04654735,0.6,"㎡당 946만원(같은 건물 5건+법정동, 기준일 시점보정) × 28.02㎡",㎡단가,같은 건물,5,법정동,,0.5303289589715827,0.05157052046096843,0.5256473117464058,1162010200106520159,11620,28.02,[],신림동,B,False,28.02,2026-09-02,295000000,295000000.0,0.10166896467089784,-0.10721664238563201
B,B0 ㎡단가,"㎡당 933만원(같은 건물 13건+법정동, 기준일 시점보정) × 29.95㎡",279308782.2781781,165195638.33763537,472248520.8614945,0.6,"㎡당 933만원(같은 건물 13건+법정동, 기준일 시점보정) × 29.95㎡",㎡단가,같은 건물,13,법정동,,0.5122380792777933,0.08186785471359963,0.7016334494843548,1150010300104240018,11500,29.95,[],화곡동,B,False,29.95,2026-09-02,215000000,215000000.0,0.29911061524734,0.26167988821804933
B,B0 ㎡단가,"㎡당 825만원(같은 건물 15건+법정동, 기준일 시점보정) × 29.61㎡",244292199.97369394,144485273.91941082,413043332.02340114,0.6,"㎡당 825만원(같은 건물 15건+법정동, 기준일 시점보정) × 29.61㎡",㎡단가,같은 건물,15,법정동,,0.5122380792777933,0.04528886607778131,0.5502861905012377,1150010300104640012,11500,29.61,[],화곡동,B,False,29.61,2026-09-03,318000000,318000000.0,0.23178553467391844,-0.26368633309130235
B,B0 ㎡단가,"㎡당 814만원(같은 건물 5건+법정동, 기준일 시점보정) × 29.01㎡",236276724.56142402,139744565.20803636,399490960.4274512,0.6,"㎡당 814만원(같은 건물 5건+법정동, 기준일 시점보정) × 29.01㎡",㎡단가,같은 건물,5,법정동,,0.5122380792777933,0.02490232692130014,0.6617195378946263,1150010300108140019,11500,29.01,[],화곡동,B,False,29.01,2026-09-03,270000000,270000000.0,0.124901020142874,-0.13341827918537344
B,B0 ㎡단가,"㎡당 475만원(같은 건물 1건+법정동, 기준일 시점보정) × 57.2㎡",271648947.7514451,160665271.4659483,459297458.25691533,0.6,"㎡당 475만원(같은 건물 1건+법정동, 기준일 시점보정) × 57.2㎡",㎡단가,같은 건물,1,법정동,,0.5122380792777933,0.0,-0.20024870351621793,1150010300108680019,11500,57.2,[],화곡동,B,False,57.2,2026-09-03,195000000,195000000.0,0.39307152693048775,0.33151104088107836
B,B0 ㎡단가,"㎡당 742만원(같은 건물 5건+법정동, 기준일 시점보정) × 41.78㎡",310121195.3885929,183419470.08034238,524345402.301744,0.6,"㎡당 742만원(같은 건물 5건+법정동, 기준일 시점보정) × 41.78㎡",㎡단가,같은 건물,5,법정동,,0.5122380792777933,0.01639506528330578,0.5317748084841245,1150010300109560002,11500,41.78,[],화곡동,B,False,41.78,2026-09-03,350000000,350000000.0,0.11393944174687744,-0.12096998053999816
B,B0 ㎡단가,"㎡당 484만원(같은 건물 2건+법정동, 기준일 시점보정) × 57.36㎡",277340221.30329466,164031343.80955088,468920125.6673596,0.6,"㎡당 484만원(같은 건물 2건+법정동, 기준일 시점보정) × 57.36㎡",㎡단가,같은 건물,2,법정동,,0.5122380792777933,0.09661113743351718,-0.09761695382870172,1150010300109970020,11500,57.36,[],화곡동,B,False,57.36,2026-09-03,292000000,292000000.0,0.05020472156405939,-0.05150881399345289
B,B0 ㎡단가,"㎡당 448만원(같은 건물 3건+법정동, 기준일 시점보정) × 56.03㎡",251072845.08991483,148495649.06472036,424507882.47721696,0.6,"㎡당 448만원(같은 건물 3건+법정동, 기준일 시점보정) × 56.03㎡",㎡단가,같은 건물,3,법정동,,0.5122380792777933,0.027603587144824773,-0.2080840232783583,1150010300101590006,11500,56.03,[],화곡동,B,False,56.03,2026-09-04,263000000,263000000.0,0.04535039889766225,-0.04641091566977569
B,B0 ㎡단가,"㎡당 508만원(법정동 13153건, 기준일 시점보정) × 64.46㎡",327258750.9440223,169739824.88631803,630955582.4107269,0.45,"㎡당 508만원(법정동 13153건, 기준일 시점보정) × 64.46㎡",㎡단가,법정동,13153,법정동,,0.5122380792777933,,,1150010300109850008,11500,64.46,[],화곡동,B,False,64.46,2026-09-04,283000000,283000000.0,0.15639134609195157,0.14530424764186872
B,B0 ㎡단가,"㎡당 548만원(같은 건물 1건+법정동, 기준일 시점보정) × 71.37㎡",391360805.73405653,231468189.42191154,661703366.8744419,0.6,"㎡당 548만원(같은 건물 1건+법정동, 기준일 시점보정) × 71.37㎡",㎡단가,같은 건물,1,법정동,,0.5122380792777933,0.0,0.23113808826370708,1150010300110400024,11500,71.37,[],화곡동,B,False,71.37,2026-09-04,430000000,430000000.0,0.0898585913161476,-0.0941552973855833
B,B0 ㎡단가,"㎡당 500만원(같은 건물 1건+법정동, 기준일 시점보정) × 40.35㎡",201747773.59229976,134773664.18450677,302003840.25864345,0.6,"㎡당 500만원(같은 건물 1건+법정동, 기준일 시점보정) × 40.35㎡",㎡단가,같은 건물,1,법정동,,0.3934744282256035,0.0,-0.5659925606119884,1162010100101960209,11620,40.35,[],봉천동,B,False,40.35,2026-09-04,185000000,185000000.0,0.09052850590432303,0.08666244653277394
B,B0 ㎡단가,"㎡당 559만원(같은 건물 2건+법정동, 기준일 시점보정) × 36㎡",201248446.74009785,134440098.62242547,301256379.0885689,0.6,"㎡당 559만원(같은 건물 2건+법정동, 기준일 시점보정) × 36㎡",㎡단가,같은 건물,2,법정동,,0.3934744282256035,0.231815212443472,-0.15413960802929516,1162010100100410056,11620,36.0,[],봉천동,B,False,36.0,2026-09-05,390000000,390000000.0,0.4839783416920568,-0.6616065409164293
B,B0 ㎡단가,"㎡당 622만원(같은 건물 3건+법정동, 기준일 시점보정) × 52.98㎡",329408447.11088294,220054886.55442825,493103910.24270475,0.6,"㎡당 622만원(같은 건물 3건+법정동, 기준일 시점보정) × 52.98㎡",㎡단가,같은 건물,3,법정동,,0.3934744282256035,0.0057286104908562865,0.04882152289341768,1162010100115140002,11620,52.98,[],봉천동,B,False,52.98,2026-09-05,320000000,320000000.0,0.029401397221509182,0.028977465552002833
B,B0 ㎡단가,"㎡당 1,392만원(법정동 1045건, 기준일 시점보정) × 69.52㎡",967642540.27391,622796561.5805843,1503431687.8234606,0.45,"㎡당 1,392만원(법정동 1045건, 기준일 시점보정) × 69.52㎡",㎡단가,법정동,1045,법정동,,0.3438224277939293,,,1168010300112550004,11680,69.52,[],개포동,B,False,69.52,2026-09-07,522560000,522560000.0,0.8517348060967354,0.6161229327185523
B,B0 ㎡단가,"㎡당 1,361만원(같은 건물 3건+법정동, 기준일 시점보정) × 67.31㎡",916377337.5592203,644138626.6083771,1303675001.1619382,0.6,"㎡당 1,361만원(같은 건물 3건+법정동, 기준일 시점보정) × 67.31㎡",㎡단가,같은 건물,3,법정동,,0.3438224277939293,0.11598256321280671,-0.036881425248989075,1168010300112390014,11680,67.31,[],개포동,B,False,67.31,2026-09-07,619200000,619200000.0,0.4799375606576555,0.3919998981412262
B,B0 ㎡단가,"㎡당 1,292만원(같은 건물 8건+법정동, 기준일 시점보정) × 27.92㎡",360646023.96285,252447495.27381366,515218241.5560858,0.6,"㎡당 1,292만원(같은 건물 8건+법정동, 기준일 시점보정) × 27.92㎡",㎡단가,같은 건물,8,법정동,,0.3478987658625226,0.044310672910833404,0.5065929736659882,1162010300106020179,11620,27.92,[],남현동,B,False,27.92,2026-09-07,360000000,360000000.0,0.0017945110079165961,0.0017929027967187575
B,B0 ㎡단가,"㎡당 579만원(같은 건물 1건+법정동, 기준일 시점보정) × 45.78㎡",265045353.17685494,153878800.12043408,456521880.7637112,0.6,"㎡당 579만원(같은 건물 1건+법정동, 기준일 시점보정) × 45.78㎡",㎡단가,같은 건물,1,법정동,,0.5303289589715827,0.0,-0.34597249989074363,1162010200101080097,11620,45.78,[],신림동,B,False,45.78,2026-09-07,150000000,150000000.0,0.7669690211790329,0.5692656613100955
B,B0 ㎡단가,"㎡당 411만원(같은 건물 3건+법정동, 기준일 시점보정) × 65.38㎡",268621331.563491,158874604.57487893,454178438.1715617,0.6,"㎡당 411만원(같은 건물 3건+법정동, 기준일 시점보정) × 65.38㎡",㎡단가,같은 건물,3,법정동,,0.5122380792777933,0.010607099503030976,-0.3526999527875869,1150010300107730020,11500,65.38,[],화곡동,B,False,65.38,2026-09-07,232700000,232700000.0,0.15436756151048983,0.14355262821307727
B,B0 ㎡단가,"㎡당 508만원(법정동 13153건, 기준일 시점보정) × 81.03㎡",411383440.7228381,213372913.59817502,793148166.9677511,0.45,"㎡당 508만원(법정동 13153건, 기준일 시점보정) × 81.03㎡",㎡단가,법정동,13153,법정동,,0.5122380792777933,,,1150010300111010012,11500,81.03,[],화곡동,B,False,81.03,2026-09-08,350000000,350000000.0,0.17538125920810888,0.16159257088698972
B,B0 ㎡단가,"㎡당 428만원(같은 건물 2건+법정동, 기준일 시점보정) × 38.52㎡",164913307.53111458,97537065.91596025,278831424.19195694,0.6,"㎡당 428만원(같은 건물 2건+법정동, 기준일 시점보정) × 38.52㎡",㎡단가,같은 건물,2,법정동,,0.5122380792777933,0.10988528800710817,-0.3409278578102324,1150010300100560187,11500,38.52,[],화곡동,B,False,38.52,2026-09-09,64000000,64000000.0,1.5767704301736654,0.9465368435629493
B,B0 ㎡단가,"㎡당 778만원(같은 건물 10건+법정동, 기준일 시점보정) × 41.02㎡",319305687.3017459,188851587.15172416,539874318.6697623,0.6,"㎡당 778만원(같은 건물 10건+법정동, 기준일 시점보정) × 41.02㎡",㎡단가,같은 건물,10,법정동,,0.5122380792777933,0.010386372418490154,0.5128594677615474,1150010300101020298,11500,41.02,[],화곡동,B,False,41.02,2026-09-09,350000000,350000000.0,0.08769803628072602,-0.09178424314012358
B,B0 ㎡단가,"㎡당 548만원(같은 건물 2건+법정동, 기준일 시점보정) × 53.02㎡",290713180.6043623,168780908.15176293,500732898.6588452,0.6,"㎡당 548만원(같은 건물 2건+법정동, 기준일 시점보정) × 53.02㎡",㎡단가,같은 건물,2,법정동,,0.5303289589715827,0.052239725944290785,-0.33941972183963465,1162010200106100325,11620,53.02,[],신림동,B,False,53.02,2026-09-09,268000000,268000000.0,0.08475067389687428,0.0813501669423842
B,B0 ㎡단가,"㎡당 2,961만원(같은 건물 1건+법정동, 기준일 시점보정) × 21.12㎡",625457648.4080069,461902935.09695435,846925274.1811674,0.6,"㎡당 2,961만원(같은 건물 1건+법정동, 기준일 시점보정) × 21.12㎡",㎡단가,같은 건물,1,법정동,,0.29565469668644057,0.0,0.37984241797623497,1168011400106380006,11680,21.12,[],일원동,B,False,21.12,2026-09-09,850000000,850000000.0,0.26416747246116834,-0.3067527302501967
B,B0 ㎡단가,"㎡당 848만원(같은 건물 16건+법정동, 기준일 시점보정) × 26.61㎡",225526905.1245943,133386643.80865562,381315426.21343946,0.6,"㎡당 848만원(같은 건물 16건+법정동, 기준일 시점보정) × 26.61㎡",㎡단가,같은 건물,16,법정동,,0.5122380792777933,0.08548814554204293,0.5765018750203197,1150010300103620079,11500,26.61,[],화곡동,B,False,26.61,2026-09-10,215000000,215000000.0,0.048962349416717676,0.04780143688892317
B,B0 ㎡단가,"㎡당 1,395만원(같은 건물 1건+법정동, 기준일 시점보정) × 63.96㎡",892094471.0432818,677051486.592418,1175438738.4501534,0.6,"㎡당 1,395만원(같은 건물 1건+법정동, 기준일 시점보정) × 63.96㎡",㎡단가,같은 건물,1,법정동,,0.26902379359414275,0.0,-0.4057221966224063,1168010100107750021,11680,63.96,[],역삼동,B,False,63.96,2026-09-10,830000000,830000000.0,0.07481261571479735,0.07214633542272524
B,B0 ㎡단가,"㎡당 1,174만원(같은 건물 3건+법정동, 기준일 시점보정) × 44.28㎡",519718654.0282149,365319881.13123137,739372515.1461725,0.6,"㎡당 1,174만원(같은 건물 3건+법정동, 기준일 시점보정) × 44.28㎡",㎡단가,같은 건물,3,법정동,,0.3438224277939293,0.2762095106774571,-0.28415625695760127,1168010300111800009,11680,44.28,[],개포동,B,False,44.28,2026-09-10,597000000,597000000.0,0.12944949074000858,-0.13862949818320772
B,B0 ㎡단가,"㎡당 1,976만원(같은 건물 9건+법정동, 기준일 시점보정) × 21.14㎡",417660779.1261844,293169879.45858145,595015172.5765405,0.6,"㎡당 1,976만원(같은 건물 9건+법정동, 기준일 시점보정) × 21.14㎡",㎡단가,같은 건물,9,법정동,,0.3451909092995672,0.13122672534271193,0.20346242382594681,1168010600109340002,11680,21.14,[],대치동,B,False,21.14,2026-09-10,410000000,410000000.0,0.01868482713703513,0.018512410164133183
B,B0 ㎡단가,"㎡당 386만원(같은 건물 3건+법정동, 기준일 시점보정) × 68.24㎡",263567688.89483988,155885655.49934766,445633861.6073486,0.6,"㎡당 386만원(같은 건물 3건+법정동, 기준일 시점보정) × 68.24㎡",㎡단가,같은 건물,3,법정동,,0.5122380792777933,0.1210067917131381,-0.45571158872906636,1150010300103620053,11500,68.24,[],화곡동,B,False,68.24,2026-09-11,200000000,200000000.0,0.3178384444741994,0.27599285229575804
B,B0 ㎡단가,"㎡당 628만원(같은 건물 2건+법정동, 기준일 시점보정) × 41.58㎡",261101841.6162731,151589294.49458566,449729460.9273635,0.6,"㎡당 628만원(같은 건물 2건+법정동, 기준일 시점보정) × 41.58㎡",㎡단가,같은 건물,2,법정동,,0.5303289589715827,0.033629220541022714,-0.06817312192640834,1162010200106110171,11620,41.58,[],신림동,B,False,41.58,2026-09-11,265000000,265000000.0,0.014710031636705263,-0.014819297007380322
B,B0 ㎡단가,"㎡당 357만원(같은 건물 3건+법정동, 기준일 시점보정) × 55.81㎡",199358069.79228663,117909230.52428724,337069793.5571697,0.6,"㎡당 357만원(같은 건물 3건+법정동, 기준일 시점보정) × 55.81㎡",㎡단가,같은 건물,3,법정동,,0.5122380792777933,0.09083346839352026,-0.5859279669449489,1150010300105040142,11500,55.81,[],화곡동,B,False,55.81,2026-09-12,100000000,100000000.0,0.9935806979228663,0.6899323675430917
B,B0 ㎡단가,"㎡당 715만원(같은 건물 5건+법정동, 기준일 시점보정) × 45.35㎡",324184864.450892,216565374.06701756,485284532.6350307,0.6,"㎡당 715만원(같은 건물 5건+법정동, 기준일 시점보정) × 45.35㎡",㎡단가,같은 건물,5,법정동,,0.3934744282256035,0.022848852214603445,0.23633775486368336,1162010100107150115,11620,45.35,[],봉천동,B,False,45.35,2026-09-12,340000000,340000000.0,0.04651510455620008,-0.04763169523777059
B,B0 ㎡단가,"㎡당 437만원(같은 건물 4건+법정동, 기준일 시점보정) × 44.41㎡",194014773.0177726,114748967.12585904,328035476.849666,0.6,"㎡당 437만원(같은 건물 4건+법정동, 기준일 시점보정) × 44.41㎡",㎡단가,같은 건물,4,법정동,,0.5122380792777933,0.11393770682259222,-0.22535494869237027,1150010300108680016,11500,44.41,[],화곡동,B,False,44.41,2026-09-14,175000000,175000000.0,0.10865584581584334,0.1031483318167296
B,B0 ㎡단가,"㎡당 604만원(법정동 3717건, 기준일 시점보정) × 76.32㎡",460828561.971477,278313802.6753136,763034249.4240081,0.45,"㎡당 604만원(법정동 3717건, 기준일 시점보정) × 76.32㎡",㎡단가,법정동,3717,법정동,,0.3934744282256035,,,1162010100106350235,11620,76.32,[],봉천동,B,False,76.32,2026-09-14,449000000,449000000.0,0.0263442360166525,0.026003203163578435
B,B0 ㎡단가,"㎡당 478만원(같은 건물 1건+법정동, 기준일 시점보정) × 64.14㎡",306658677.2894328,181371582.8532351,518491060.60347277,0.6,"㎡당 478만원(같은 건물 1건+법정동, 기준일 시점보정) × 64.14㎡",㎡단가,같은 건물,1,법정동,,0.5122380792777933,0.0,-0.18011740333283832,1150010300107980005,11500,64.14,[],화곡동,B,False,64.14,2026-09-15,315000000,315000000.0,0.026480389557356116,-0.02683731010709113
B,B0 ㎡단가,"㎡당 1,673만원(법정동 234건, 기준일 시점보정) × 79.98㎡",1337837705.4841,859553671.2624875,2082254763.2030253,0.45,"㎡당 1,673만원(법정동 234건, 기준일 시점보정) × 79.98㎡",㎡단가,법정동,234,법정동,,0.3451909092995672,,,1168010600109660003,11680,79.98,[],대치동,B,False,79.98,2026-09-15,1185000000,1185000000.0,0.12897696665324904,0.12131188341224404
B,B0 ㎡단가,"㎡당 502만원(같은 건물 14건+법정동, 기준일 시점보정) × 41.76㎡",209581486.85547534,123955814.14392905,354355299.3936191,0.6,"㎡당 502만원(같은 건물 14건+법정동, 기준일 시점보정) × 41.76㎡",㎡단가,같은 건물,14,법정동,,0.5122380792777933,0.06065861158800442,-0.013180102854278175,1150010300100730105,11500,41.76,[],화곡동,B,False,41.76,2026-09-16,240000000,240000000.0,0.12674380476885277,-0.13552630086728673
B,B0 ㎡단가,"㎡당 830만원(같은 건물 6건+법정동, 기준일 시점보정) × 24.57㎡",204051181.97014984,120684945.83008131,345004793.90393865,0.6,"㎡당 830만원(같은 건물 6건+법정동, 기준일 시점보정) × 24.57㎡",㎡단가,같은 건물,6,법정동,,0.5122380792777933,0.13525361202827893,0.6561845319409549,1150010300101110037,11500,24.57,[],화곡동,B,False,24.57,2026-09-17,143000000,143000000.0,0.4269313424486003,0.35552622412671037
B,B0 ㎡단가,"㎡당 1,734만원(같은 건물 10건+법정동, 기준일 시점보정) × 33.6㎡",582456634.9875484,442053104.6815603,767454697.2934535,0.6,"㎡당 1,734만원(같은 건물 10건+법정동, 기준일 시점보정) × 33.6㎡",㎡단가,같은 건물,10,법정동,,0.26902379359414275,0.07898773095406257,0.09860854664524865,1168010100107960015,11680,33.6,[],역삼동,B,False,33.6,2026-09-18,600000000,600000000.0,0.029238941687419414,-0.029674918920867027
B,B0 ㎡단가,"㎡당 563만원(같은 건물 2건+법정동, 기준일 시점보정) × 66.59㎡",374955143.89932007,217689715.9321732,645833724.0899549,0.6,"㎡당 563만원(같은 건물 2건+법정동, 기준일 시점보정) × 66.59㎡",㎡단가,같은 건물,2,법정동,,0.5303289589715827,0.005330913552316723,-0.28625164217475074,1162010200106100591,11620,66.59,[],신림동,B,False,66.59,2026-09-19,333000000,333000000.0,0.12599142312108128,0.11866391256689075
B,B0 ㎡단가,"㎡당 1,482만원(같은 건물 6건+법정동, 기준일 시점보정) × 43.22㎡",640315655.1272434,450089749.9146757,910938625.6380113,0.6,"㎡당 1,482만원(같은 건물 6건+법정동, 기준일 시점보정) × 43.22㎡",㎡단가,같은 건물,6,법정동,,0.3438224277939293,0.11229987747988514,0.08321287103885666,1168010300112340007,11680,43.22,[],개포동,B,False,43.22,2026-09-19,750000000,750000000.0,0.14624579316367547,-0.15811194062895567
B,B0 ㎡단가,"㎡당 1,171만원(같은 건물 12건+법정동, 기준일 시점보정) × 15.44㎡",180788017.02778068,131685190.38130742,248200325.38356432,0.6,"㎡당 1,171만원(같은 건물 12건+법정동, 기준일 시점보정) × 15.44㎡",㎡단가,같은 건물,12,법정동,,0.3090970422543099,0.1390058236852562,-0.21292945604021085,1168010800101670014,11680,15.44,[],논현동,B,False,15.44,2026-09-20,190000000,190000000.0,0.04848412090641746,-0.049698903900073754
B,B0 ㎡단가,"㎡당 1,934만원(같은 건물 6건+법정동, 기준일 시점보정) × 36.36㎡",703100955.4042403,533615623.1573532,926417691.0063605,0.6,"㎡당 1,934만원(같은 건물 6건+법정동, 기준일 시점보정) × 36.36㎡",㎡단가,같은 건물,6,법정동,,0.26902379359414275,0.06024337758594592,0.2553017843803822,1168010100106390000,11680,36.36,[],역삼동,B,False,36.36,2026-09-20,705000000,705000000.0,0.0026936802776734033,-0.002697314762619996
B,B0 ㎡단가,"㎡당 346만원(같은 건물 3건+법정동, 기준일 시점보정) × 49.66㎡",171925831.1478366,101684584.32112227,290688029.1955369,0.6,"㎡당 346만원(같은 건물 3건+법정동, 기준일 시점보정) × 49.66㎡",㎡단가,같은 건물,3,법정동,,0.5122380792777933,0.0138466581759087,-0.6380714657012501,1150010300104090105,11500,49.66,[],화곡동,B,False,49.66,2026-09-21,135000000,135000000.0,0.27352467516915996,0.2417883911186559
B,B0 ㎡단가,"㎡당 1,016만원(같은 건물 8건+법정동, 기준일 시점보정) × 46.54㎡",473024920.67795986,332497989.93130046,672944145.101813,0.6,"㎡당 1,016만원(같은 건물 8건+법정동, 기준일 시점보정) × 46.54㎡",㎡단가,같은 건물,8,법정동,,0.3438224277939293,0.19708128116959547,-0.39301543236357617,1168010300111820002,11680,46.54,[],개포동,B,False,46.54,2026-09-21,650000000,650000000.0,0.2722693528031387,-0.31782428936288254
B,B0 ㎡단가,"㎡당 378만원(같은 건물 1건+법정동, 기준일 시점보정) × 63.3㎡",239079448.58988392,141402220.8720983,404229738.29912204,0.6,"㎡당 378만원(같은 건물 1건+법정동, 기준일 시점보정) × 63.3㎡",㎡단가,같은 건물,1,법정동,,0.5122380792777933,0.0,-0.887387041433513,1150010300103670071,11500,63.3,[],화곡동,B,False,63.3,2026-09-21,265000000,265000000.0,0.09781340154760784,-0.10293390841611477
B,B0 ㎡단가,"㎡당 1,039만원(같은 건물 8건+법정동, 기준일 시점보정) × 24.66㎡",256279647.68015817,151575183.73089725,433311418.12548476,0.6,"㎡당 1,039만원(같은 건물 8건+법정동, 기준일 시점보정) × 24.66㎡",㎡단가,같은 건물,8,법정동,,0.5122380792777933,0.18964349164411068,0.8954755692376359,1150010300109960019,11500,24.66,[],화곡동,B,False,24.66,2026-09-23,200000000,200000000.0,0.28139823840079087,0.24795185547608525
B,B0 ㎡단가,"㎡당 581만원(같은 건물 2건+법정동, 기준일 시점보정) × 55.85㎡",324452739.74792695,216744322.9331343,485685525.25554144,0.6,"㎡당 581만원(같은 건물 2건+법정동, 기준일 시점보정) × 55.85㎡",㎡단가,같은 건물,2,법정동,,0.3934744282256035,0.04023690123113371,-0.07724140793107992,1162010100101800408,11620,55.85,[],봉천동,B,False,55.85,2026-09-23,320000000,320000000.0,0.01391481171227172,0.013818889521700638
B,B0 ㎡단가,"㎡당 652만원(같은 건물 13건+법정동, 기준일 시점보정) × 29.1㎡",189604537.18933922,112140557.47631226,320578756.9798492,0.6,"㎡당 652만원(같은 건물 13건+법정동, 기준일 시점보정) × 29.1㎡",㎡단가,같은 건물,13,법정동,,0.5122380792777933,0.07901190442025444,0.2878800885956032,1150010300108190003,11500,29.1,[],화곡동,B,False,29.1,2026-09-23,171500000,171500000.0,0.1055658145150975,0.1003572532521203
B,B0 ㎡단가,"㎡당 459만원(같은 건물 2건+법정동, 기준일 시점보정) × 64.52㎡",296071408.6525817,175109801.22771227,500590363.3431314,0.6,"㎡당 459만원(같은 건물 2건+법정동, 기준일 시점보정) × 64.52㎡",㎡단가,같은 건물,2,법정동,,0.5122380792777933,0.08840090456918644,-0.2021617029557099,1150010300108400010,11500,64.52,[],화곡동,B,False,64.52,2026-10-01,360000000,360000000.0,0.17757942040949531,-0.19550336077318795
B,B1 공시비율,"공시가격 2.35억 × 실거래/공시 비율 1.69(같은 건물 9건+법정동, 기준일 시점보정)",398252694.04171413,338030413.83864135,469203958.63312256,0.8,"공시가격 2.35억 × 실거래/공시 비율 1.69(같은 건물 9건+법정동, 기준일 시점보정)",공시비율,같은 건물,9,법정동,235000000.0,0.15990835699622905,0.18349128064004774,-0.05973202755861573,1168010100107500024,11680,23.17,[],역삼동,B,False,23.17,2025-10-13,380000000,402990217.72865343,0.011755927262058827,-0.011825574558779065
B,B1 공시비율,"공시가격 1.55억 × 실거래/공시 비율 1.71(같은 건물 13건+법정동, 기준일 시점보정)",265682932.8744295,235826692.37921116,299319047.0027604,0.8,"공시가격 1.55억 × 실거래/공시 비율 1.71(같은 건물 13건+법정동, 기준일 시점보정)",공시비율,같은 건물,13,법정동,155000000.0,0.11626720037590875,0.10850583937312375,0.010630314819195519,1150010300103660004,11500,38.51,[],화곡동,B,False,38.51,2025-10-13,282300000,292082880.7491669,0.09038512564318685,-0.09473398404449473
B,B1 공시비율,"공시가격 1.28억 × 실거래/공시 비율 1.63(같은 건물 5건+법정동, 기준일 시점보정)",208482776.44625878,185054429.56169522,234877209.79005215,0.8,"공시가격 1.28억 × 실거래/공시 비율 1.63(같은 건물 5건+법정동, 기준일 시점보정)",공시비율,같은 건물,5,법정동,128000000.0,0.11626720037590875,0.039527537752943015,-0.058575149874495025,1150010300103460062,11500,27.41,[],화곡동,B,False,27.41,2025-10-14,219500000,227106596.969331,0.08200475358973046,-0.0855630665773743
B,B1 공시비율,"공시가격 1.31억 × 실거래/공시 비율 1.64(같은 건물 1건+법정동, 기준일 시점보정)",214202821.97671026,190131682.37244472,241321427.18280557,0.8,"공시가격 1.31억 × 실거래/공시 비율 1.64(같은 건물 1건+법정동, 기준일 시점보정)",공시비율,같은 건물,1,법정동,131000000.0,0.11626720037590875,0.0,-0.1138186514461651,1150010300103660038,11500,64.17,[],화곡동,B,False,64.17,2025-10-14,260000000,269010092.0821233,0.20373685493063762,-0.2278255635106972
B,B1 공시비율,"공시가격 0.94억 × 실거래/공시 비율 1.79(법정동 5579건, 기준일 시점보정)",168714024.58226362,137745631.35538134,206644826.48677942,0.65,"공시가격 0.94억 × 실거래/공시 비율 1.79(법정동 5579건, 기준일 시점보정)",공시비율,법정동,5579,법정동,94300000.0,0.15823688056542393,,,1162010200100900103,11620,56.91,[],신림동,B,False,56.91,2025-10-14,205000000,216067268.8381443,0.21915972979393253,-0.2473846696419329
B,B1 공시비율,"공시가격 2.71억 × 실거래/공시 비율 1.85(같은 건물 19건+법정동, 기준일 시점보정)",501785453.86232924,417067091.3119184,603712560.7676264,0.8,"공시가격 2.71억 × 실거래/공시 비율 1.85(같은 건물 19건+법정동, 기준일 시점보정)",공시비율,같은 건물,19,법정동,271500000.0,0.1803658964378039,0.06274500374885758,-0.08386385846852662,1168010300112180012,11680,27.15,[],개포동,B,False,27.15,2025-10-14,525000000,556762800.8093239,0.09874464829022028,-0.10396665230376576
B,B1 공시비율,"공시가격 2.82억 × 실거래/공시 비율 2.09(같은 건물 4건+법정동, 기준일 시점보정)",588965487.7207737,489528185.7138134,708601375.4659696,0.8,"공시가격 2.82억 × 실거래/공시 비율 2.09(같은 건물 4건+법정동, 기준일 시점보정)",공시비율,같은 건물,4,법정동,282000000.0,0.1803658964378039,0.1126719601059418,0.06955977862073204,1168010300111670006,11680,59.02,[],개포동,B,False,59.02,2025-10-15,650000000,689325372.4305915,0.1455914561159187,-0.15734581096187764
B,B1 공시비율,"공시가격 2.34억 × 실거래/공시 비율 2.23(같은 건물 1건+법정동, 기준일 시점보정)",522561763.15272176,434335656.6265243,628709138.0666655,0.8,"공시가격 2.34억 × 실거래/공시 비율 2.23(같은 건물 1건+법정동, 기준일 시점보정)",공시비율,같은 건물,1,법정동,234000000.0,0.1803658964378039,0.0,0.34000421381464585,1168010300111880008,11680,50.42,[],개포동,B,False,50.42,2025-10-15,380000000,402990217.72865343,0.29671078890698976,0.2598308958180217
B,B1 공시비율,"공시가격 0.97억 × 실거래/공시 비율 1.79(같은 건물 2건+법정동, 기준일 시점보정)",173408987.19697487,147439184.66121328,203953086.8932651,0.8,"공시가격 0.97억 × 실거래/공시 비율 1.79(같은 건물 2건+법정동, 기준일 시점보정)",공시비율,같은 건물,2,법정동,96700000.0,0.15823688056542393,0.0357746666636956,0.004631120196465943,1162010200115640070,11620,44.98,[],신림동,B,False,44.98,2025-10-15,180000000,189717601.9066633,0.08596258094023289,-0.08988376847566548
B,B1 공시비율,"공시가격 4.08억 × 실거래/공시 비율 1.85(같은 건물 3건+법정동, 기준일 시점보정)",754269297.4306862,608095103.229265,935580914.9347566,0.8,"공시가격 4.08억 × 실거래/공시 비율 1.85(같은 건물 3건+법정동, 기준일 시점보정)",공시비율,같은 건물,3,법정동,408000000.0,0.21010667634145774,0.01940422503757011,-0.21818485378597963,1168011400106560012,11680,29.96,[],일원동,B,False,29.96,2025-10-15,680000000,721140389.6196957,0.04593960938515953,0.04491562916258974
B,B1 공시비율,"공시가격 0.92억 × 실거래/공시 비율 3.71(같은 건물 10건+법정동, 기준일 시점보정)",339564295.1152622,294839864.8769821,391073000.1359683,0.8,"공시가격 0.92억 × 실거래/공시 비율 3.71(같은 건물 10건+법정동, 기준일 시점보정)",공시비율,같은 건물,10,법정동,91600000.0,0.1377486470259829,0.19427698334535454,0.8555339673966758,1162010100107150143,11620,24.05,[],봉천동,B,False,24.05,2025-10-15,360000000,379435203.8133266,0.10507962439268012,-0.11102053046685063
B,B1 공시비율,"공시가격 0.59억 × 실거래/공시 비율 1.70(법정동 12904건, 기준일 시점보정)",100712997.78309223,86770510.3738537,116895796.49532099,0.65,"공시가격 0.59억 × 실거래/공시 비율 1.70(법정동 12904건, 기준일 시점보정)",공시비율,법정동,12904,법정동,59300000.0,0.11626720037590875,,,1150010300108610001,11500,41.76,[],화곡동,B,False,41.76,2025-10-15,90000000,93118878.02842729,0.08155295591455272,0.07839793045914589
B,B1 공시비율,"공시가격 2.44억 × 실거래/공시 비율 1.82(법정동 3592건, 기준일 시점보정)",443392459.80387765,371636648.5031687,529002923.15830904,0.65,"공시가격 2.44억 × 실거래/공시 비율 1.82(법정동 3592건, 기준일 시점보정)",공시비율,법정동,3592,법정동,244000000.0,0.1377486470259829,,,1162010100106720005,11620,70.92,[],봉천동,B,False,70.92,2025-10-15,395000000,416324737.5174,0.06501588747256784,0.06298971686473671
B,B1 공시비율,"공시가격 0.87억 × 실거래/공시 비율 1.70(법정동 12904건, 기준일 시점보정)",147418013.61842182,127009785.84233572,171105482.89702988,0.65,"공시가격 0.87억 × 실거래/공시 비율 1.70(법정동 12904건, 기준일 시점보정)",공시비율,법정동,12904,법정동,86800000.0,0.11626720037590875,,,1150010300110670005,11500,37.13,[],화곡동,B,False,37.13,2025-10-15,230000000,237970466.0726475,0.3805197088053014,-0.47887439247115865
B,B1 공시비율,"공시가격 1.75억 × 실거래/공시 비율 1.76(같은 건물 2건+법정동, 기준일 시점보정)",308132749.2036711,267548206.47013313,354873584.7811091,0.8,"공시가격 1.75억 × 실거래/공시 비율 1.76(같은 건물 2건+법정동, 기준일 시점보정)",공시비율,같은 건물,2,법정동,175000000.0,0.1377486470259829,0.07032544316585862,-0.06308469247573034,1162010100106490020,11620,62.68,[],봉천동,B,False,62.68,2025-10-16,285000000,300386203.0188836,0.02578862180397989,0.02546170388965777
B,B1 공시비율,"공시가격 4.17억 × 실거래/공시 비율 1.79(법정동 5579건, 기준일 시점보정)",746063077.9512607,609119069.7263411,913795256.0444003,0.65,"공시가격 4.17억 × 실거래/공시 비율 1.79(법정동 5579건, 기준일 시점보정)",공시비율,법정동,5579,법정동,417000000.0,0.15823688056542393,,,1162010200100100264,11620,82.55,[],신림동,B,False,82.55,2025-10-16,620000000,653471739.9007292,0.14169141891981027,0.13251086361672682
B,B1 공시비율,"공시가격 1.29억 × 실거래/공시 비율 1.53(같은 건물 6건+법정동, 기준일 시점보정)",197079323.41163105,174932444.7515947,222030051.4952484,0.8,"공시가격 1.29억 × 실거래/공시 비율 1.53(같은 건물 6건+법정동, 기준일 시점보정)",공시비율,같은 건물,6,법정동,129000000.0,0.11626720037590875,0.10915581799250301,-0.14116221261147294,1150010300104100012,11500,47.31,[],화곡동,B,False,47.31,2025-10-17,160000000,165544672.0505374,0.1904902825955447,0.17436522445497415
B,B1 공시비율,"공시가격 0.65억 × 실거래/공시 비율 1.70(법정동 12904건, 기준일 시점보정)",109884164.52893884,94672040.82948296,127540607.64329301,0.65,"공시가격 0.65억 × 실거래/공시 비율 1.70(법정동 12904건, 기준일 시점보정)",공시비율,법정동,12904,법정동,64700000.0,0.11626720037590875,,,1150010300108820031,11500,44.2,[],화곡동,B,False,44.2,2025-10-18,164000000,169683288.85180083,0.35241610843062904,-0.4345069315316113
B,B1 공시비율,"공시가격 1.48억 × 실거래/공시 비율 1.76(같은 건물 15건+법정동, 기준일 시점보정)",260313894.64461404,221329176.77900156,306165344.90032136,0.8,"공시가격 1.48억 × 실거래/공시 비율 1.76(같은 건물 15건+법정동, 기준일 시점보정)",공시비율,같은 건물,15,법정동,148000000.0,0.15823688056542393,0.03730094916419355,-0.019321082038979753,1162010200104120318,11620,23.08,[],신림동,B,False,23.08,2025-10-18,260000000,274036536.0874025,0.050075955705452785,-0.051373250958152726
B,B1 공시비율,"공시가격 3.99억 × 실거래/공시 비율 1.76(법정동 137건, 기준일 시점보정)",702662080.528394,570166041.2290815,865947748.042256,0.65,"공시가격 3.99억 × 실거래/공시 비율 1.76(법정동 137건, 기준일 시점보정)",공시비율,법정동,137,법정동,399000000.0,0.16303719990545099,,,1168010400101110033,11680,36.91,[],청담동,B,False,36.91,2025-10-18,634000000,672357363.2630692,0.0450723364108793,0.04408610446689819
B,B1 공시비율,"공시가격 1.14억 × 실거래/공시 비율 1.64(같은 건물 1건+법정동, 기준일 시점보정)",187121995.86581725,166094076.42036465,210812101.74039546,0.8,"공시가격 1.14억 × 실거래/공시 비율 1.64(같은 건물 1건+법정동, 기준일 시점보정)",공시비율,같은 건물,1,법정동,114000000.0,0.11626720037590875,0.0,-0.10230965892922456,1150010300100560433,11500,44.22,[],화곡동,B,False,44.22,2025-10-20,158000000,163475363.64990568,0.14464951591453584,0.13509849051018638
B,B1 공시비율,"공시가격 0.76억 × 실거래/공시 비율 1.76(같은 건물 3건+법정동, 기준일 시점보정)",133450969.01968369,118454355.64198229,150346190.61302546,0.8,"공시가격 0.76억 × 실거래/공시 비율 1.76(같은 건물 3건+법정동, 기준일 시점보정)",공시비율,같은 건물,3,법정동,75900000.0,0.11626720037590875,0.06688030651137841,0.05775315502394529,1150010300101640025,11500,39.12,[],화곡동,B,False,39.12,2025-10-20,106000000,109673345.23348103,0.21680403506962448,0.19622777808961775
B,B1 공시비율,"공시가격 1.79억 × 실거래/공시 비율 1.76(같은 건물 2건+법정동, 기준일 시점보정)",315391242.2757221,268158117.76582977,370943965.94432867,0.8,"공시가격 1.79억 × 실거래/공시 비율 1.76(같은 건물 2건+법정동, 기준일 시점보정)",공시비율,같은 건물,2,법정동,179000000.0,0.15823688056542393,0.07164591566103178,-0.03059165692348098,1162010200100980194,11620,43.15,[],신림동,B,False,43.15,2025-10-20,294000000,309872083.11421674,0.017811088711308716,0.017654329897398395
B,B1 공시비율,"공시가격 3.83억 × 실거래/공시 비율 2.11(같은 건물 6건+법정동, 기준일 시점보정)",807231120.9596206,670943195.0322291,971203057.8302902,0.8,"공시가격 3.83억 × 실거래/공시 비율 2.11(같은 건물 6건+법정동, 기준일 시점보정)",공시비율,같은 건물,6,법정동,383000000.0,0.1803658964378039,0.10767269874187972,0.07398360370556512,1168010300112390012,11680,43.5,[],개포동,B,False,43.5,2025-10-20,760000000,805980435.4573069,0.0015517566522617937,0.0015505539219769473
B,B1 공시비율,"공시가격 1.50억 × 실거래/공시 비율 1.83(같은 건물 1건+법정동, 기준일 시점보정)",275158373.98302585,233950540.67572725,323624517.1919706,0.8,"공시가격 1.50억 × 실거래/공시 비율 1.83(같은 건물 1건+법정동, 기준일 시점보정)",공시비율,같은 건물,1,법정동,150500000.0,0.15823688056542393,0.0,0.06497947012724037,1162010200100920223,11620,66.48,[],신림동,B,False,66.48,2025-10-21,267500000,281941436.1668469,0.02405840828521194,-0.02435253891432185
B,B1 공시비율,"공시가격 2.42억 × 실거래/공시 비율 1.81(같은 건물 2건+법정동, 기준일 시점보정)",437265067.5928272,379672348.65117884,503594059.49950814,0.8,"공시가격 2.42억 × 실거래/공시 비율 1.81(같은 건물 2건+법정동, 기준일 시점보정)",공시비율,같은 건물,2,법정동,242000000.0,0.1377486470259829,0.10881049076848079,-0.011370438577198327,1162010100115340016,11620,51.55,[],봉천동,B,False,51.55,2025-10-23,395000000,416324737.5174,0.0502980682826996,0.049073998439626294
B,B1 공시비율,"공시가격 2.61억 × 실거래/공시 비율 1.79(같은 건물 3건+법정동, 기준일 시점보정)",468298809.2565517,398166183.48721623,550784531.2989652,0.8,"공시가격 2.61억 × 실거래/공시 비율 1.79(같은 건물 3건+법정동, 기준일 시점보정)",공시비율,같은 건물,3,법정동,261000000.0,0.15823688056542393,0.013398009984598558,0.004770394075076068,1162010200107500024,11620,38.87,[],신림동,B,False,38.87,2025-10-26,430000000,453214271.22147346,0.033283457721715974,0.03274155493719525
B,B1 공시비율,"공시가격 1.22억 × 실거래/공시 비율 1.78(같은 건물 4건+법정동, 기준일 시점보정)",216695721.56014672,192344441.2306631,244129933.99773315,0.8,"공시가격 1.22억 × 실거래/공시 비율 1.78(같은 건물 4건+법정동, 기준일 시점보정)",공시비율,같은 건물,4,법정동,122000000.0,0.11626720037590875,0.19525288485333844,0.06721134045590915,1150010300109710010,11500,59.46,[],화곡동,B,False,59.46,2025-10-27,215000000,222450653.06790963,0.025870598392921086,-0.026211128304736084
B,B1 공시비율,"공시가격 1.72억 × 실거래/공시 비율 1.58(같은 건물 4건+법정동, 기준일 시점보정)",271871819.0520198,241320099.65600577,306291461.4241278,0.8,"공시가격 1.72억 × 실거래/공시 비율 1.58(같은 건물 4건+법정동, 기준일 시점보정)",공시비율,같은 건물,4,법정동,172000000.0,0.11626720037590875,0.09630348586936348,-0.10774400216956337,1150010300107930006,11500,35.69,[],화곡동,B,False,35.69,2025-10-29,340000000,351782428.10739195,0.2271591832636311,-0.25768218079073296
B,B1 공시비율,"공시가격 2.38억 × 실거래/공시 비율 1.82(법정동 3592건, 기준일 시점보정)",432489366.53001183,362498042.3924351,515994654.55605555,0.65,"공시가격 2.38억 × 실거래/공시 비율 1.82(법정동 3592건, 기준일 시점보정)",공시비율,법정동,3592,법정동,238000000.0,0.1377486470259829,,,1162010100106350306,11620,49.89,[],봉천동,B,False,49.89,2025-10-29,360000000,379435203.8133266,0.1398240389491816,0.13087389869397575
B,B1 공시비율,"공시가격 1.42억 × 실거래/공시 비율 1.93(같은 건물 2건+법정동, 기준일 시점보정)",274731010.6030048,233587179.41445196,323121878.41880584,0.8,"공시가격 1.42억 × 실거래/공시 비율 1.93(같은 건물 2건+법정동, 기준일 시점보정)",공시비율,같은 건물,2,법정동,142000000.0,0.15823688056542393,0.24151950348307094,0.1564829767687198,1162010200115740028,11620,33.91,[],신림동,B,False,33.91,2025-10-30,230000000,242416935.76962534,0.13329957633029535,0.1251333569194906
B,B1 공시비율,"공시가격 3.55억 × 실거래/공시 비율 2.28(같은 건물 1건+법정동, 기준일 시점보정)",809992111.5768803,653019072.0768355,1004698406.0207921,0.8,"공시가격 3.55억 × 실거래/공시 비율 2.28(같은 건물 1건+법정동, 기준일 시점보정)",공시비율,같은 건물,1,법정동,355000000.0,0.21010667634145774,0.0,0.2385405565320835,1168011400106380007,11680,42.21,[],일원동,B,False,42.21,2025-11-01,900000000,911127614.6416464,0.11100037079278234,-0.1176584605580634
B,B1 공시비율,"공시가격 2.05억 × 실거래/공시 비율 2.26(같은 건물 2건+법정동, 기준일 시점보정)",462617952.25207233,372964553.0962192,573822278.7372718,0.8,"공시가격 2.05억 × 실거래/공시 비율 2.26(같은 건물 2건+법정동, 기준일 시점보정)",공시비율,같은 건물,2,법정동,205000000.0,0.21010667634145774,0.03959275047547793,0.13699675337939266,1168011400106610001,11680,49.08,[],일원동,B,False,49.08,2025-11-01,572500000,579578399.3137139,0.2018026330866297,-0.2253993851534879
B,B1 공시비율,"공시가격 2.10억 × 실거래/공시 비율 1.84(같은 건물 2건+법정동, 기준일 시점보정)",385927534.6559181,335096545.21136785,444469106.3933482,0.8,"공시가격 2.10억 × 실거래/공시 비율 1.84(같은 건물 2건+법정동, 기준일 시점보정)",공시비율,같은 건물,2,법정동,210000000.0,0.1377486470259829,0.04493499610349741,0.0225100414613022,1162010100109350018,11620,57.03,[],봉천동,B,False,57.03,2025-11-03,387000000,402545554.8013186,0.04128233425308223,-0.042158652296329785
B,B1 공시비율,"공시가격 6.17억 × 실거래/공시 비율 1.93(법정동 235건, 기준일 시점보정)",1190597784.2613792,904563632.7525053,1567079454.1835725,0.65,"공시가격 6.17억 × 실거래/공시 비율 1.93(법정동 235건, 기준일 시점보정)",공시비율,법정동,235,법정동,616500000.0,0.214386818061813,,,1168010500100910037,11680,41.04,[],삼성동,B,False,41.04,2025-11-05,1345000000,1361629601.881127,0.12560818109672625,-0.1342266984041159
B,B1 공시비율,"공시가격 1.30억 × 실거래/공시 비율 1.79(법정동 5579건, 기준일 시점보정)",232585611.83132863,189893235.16648555,284876218.91072476,0.65,"공시가격 1.30억 × 실거래/공시 비율 1.79(법정동 5579건, 기준일 시점보정)",공시비율,법정동,5579,법정동,130000000.0,0.15823688056542393,,,1162010200100100232,11620,41.63,[],신림동,B,False,41.63,2025-11-06,260000000,270444041.985382,0.13998618670290286,-0.15080682789020697
B,B1 공시비율,"공시가격 3.22억 × 실거래/공시 비율 2.12(같은 건물 1건+법정동, 기준일 시점보정)",681388370.5954003,549338191.2373377,845180835.7559859,0.8,"공시가격 3.22억 × 실거래/공시 비율 2.12(같은 건물 1건+법정동, 기준일 시점보정)",공시비율,같은 건물,1,법정동,322000000.0,0.21010667634145774,0.0,0.012563076310143861,1168011400106530014,11680,17.46,[],일원동,B,False,17.46,2025-11-07,540000000,546676568.7849878,0.24641956414889943,0.22027509253626937
B,B1 공시비율,"공시가격 7.54억 × 실거래/공시 비율 1.93(법정동 235건, 기준일 시점보정)",1456140680.1834257,1106311401.614583,1916590281.3534732,0.65,"공시가격 7.54억 × 실거래/공시 비율 1.93(법정동 235건, 기준일 시점보정)",공시비율,법정동,235,법정동,754000000.0,0.214386818061813,,,1168010500101010010,11680,67.9,[],삼성동,B,False,67.9,2025-11-07,1600000000,1619782426.0295935,0.10102699178388176,-0.10650226919248969
B,B1 공시비율,"공시가격 1.54억 × 실거래/공시 비율 1.61(같은 건물 7건+법정동, 기준일 시점보정)",248254947.08664426,220357184.42588013,279684635.2596356,0.8,"공시가격 1.54억 × 실거래/공시 비율 1.61(같은 건물 7건+법정동, 기준일 시점보정)",공시비율,같은 건물,7,법정동,154000000.0,0.11626720037590875,0.12632811792691773,-0.06706534056126723,1150010300104240066,11500,38.43,[],화곡동,B,False,38.43,2025-11-07,320000000,331266722.09272593,0.25058893474620003,-0.2884676272474382
B,B1 공시비율,"공시가격 0.98억 × 실거래/공시 비율 1.70(같은 건물 4건+법정동, 기준일 시점보정)",167735257.49823016,148885931.5998238,188970954.51314536,0.8,"공시가격 0.98억 × 실거래/공시 비율 1.70(같은 건물 4건+법정동, 기준일 시점보정)",공시비율,같은 건물,4,법정동,98500000.0,0.11626720037590875,0.11590144783301394,0.003997170515084858,1150010300110810006,11500,33.6,[],화곡동,B,False,33.6,2025-11-07,210000000,217393786.3733514,0.2284266248062759,-0.25932350451567954
B,B1 공시비율,"공시가격 1.46억 × 실거래/공시 비율 1.99(같은 건물 3건+법정동, 기준일 시점보정)",291132909.1420522,247532722.76017353,342412792.2983098,0.8,"공시가격 1.46억 × 실거래/공시 비율 1.99(같은 건물 3건+법정동, 기준일 시점보정)",공시비율,같은 건물,3,법정동,146000000.0,0.15823688056542393,0.00646308954754146,0.18074890652451225,1162010200104120456,11620,48.82,[],신림동,B,False,48.82,2025-11-08,345000000,358858440.3267569,0.18872492206965386,-0.20914809873857895
B,B1 공시비율,"공시가격 2.57억 × 실거래/공시 비율 1.86(같은 건물 1건+법정동, 기준일 시점보정)",479293601.8178324,407514391.31056875,563715936.5212168,0.8,"공시가격 2.57억 × 실거래/공시 비율 1.86(같은 건물 1건+법정동, 기준일 시점보정)",공시비율,같은 건물,1,법정동,257000000.0,0.15823688056542393,0.0,0.12454002732877956,1162010200116120048,11620,63.33,[],신림동,B,False,63.33,2025-11-09,450000000,468076226.5131611,0.02396484732461815,0.023682197243517215
B,B1 공시비율,"공시가격 0.85억 × 실거래/공시 비율 1.78(같은 건물 1건+법정동, 기준일 시점보정)",151347535.6674689,128681665.35076098,178005751.55892104,0.8,"공시가격 0.85억 × 실거래/공시 비율 1.78(같은 건물 1건+법정동, 기준일 시점보정)",공시비율,같은 건물,1,법정동,85200000.0,0.15823688056542393,0.0,-0.02143983170222341,1162010200107040043,11620,36.12,[],신림동,B,False,36.12,2025-11-10,140000000,145623714.9152057,0.039305553738936724,0.03855275332829573
B,B1 공시비율,"공시가격 3.17억 × 실거래/공시 비율 1.74(법정동 519건, 기준일 시점보정)",551922020.2606248,477799814.14411163,637542978.107338,0.65,"공시가격 3.17억 × 실거래/공시 비율 1.74(법정동 519건, 기준일 시점보정)",공시비율,법정동,519,법정동,317000000.0,0.1125272493329099,,,1162010300106020145,11620,82.03,[],남현동,B,False,82.03,2025-11-10,545000000,566892318.7770507,0.026407658069386428,-0.026762603064268153
B,B1 공시비율,"공시가격 1.81억 × 실거래/공시 비율 1.58(같은 건물 3건+법정동, 기준일 시점보정)",285446598.08466095,253369406.71691313,321584840.93994194,0.8,"공시가격 1.81억 × 실거래/공시 비율 1.58(같은 건물 3건+법정동, 기준일 시점보정)",공시비율,같은 건물,3,법정동,181000000.0,0.11626720037590875,0.07266672858657008,-0.12351271059395358,1150010300110870037,11500,51.02,[],화곡동,B,False,51.02,2025-11-11,300000000,310562551.9619306,0.08087244813839756,-0.08433037206639268
B,B1 공시비율,"공시가격 1.07억 × 실거래/공시 비율 1.63(같은 건물 2건+법정동, 기준일 시점보정)",174550002.1521018,154934866.2217968,196648462.6364394,0.8,"공시가격 1.07억 × 실거래/공시 비율 1.63(같은 건물 2건+법정동, 기준일 시점보정)",공시비율,같은 건물,2,법정동,107000000.0,0.11626720037590875,0.3851054093040491,-0.08056629656729297,1150010300101640024,11500,59.82,[],화곡동,B,False,59.82,2025-11-12,170000000,175985446.11176065,0.00815660607950071,-0.0081900531916463
B,B1 공시비율,"공시가격 1.71억 × 실거래/공시 비율 1.69(같은 건물 3건+법정동, 기준일 시점보정)",288861131.99037915,256400230.82100707,325431663.2538963,0.8,"공시가격 1.71억 × 실거래/공시 비율 1.69(같은 건물 3건+법정동, 기준일 시점보정)",공시비율,같은 건물,3,법정동,171000000.0,0.11626720037590875,0.3250148341803516,-0.008971759532351409,1150010300104240055,11500,42.75,[],화곡동,B,False,42.75,2025-11-13,280000000,289858381.83113515,0.0034404726696396657,-0.003446404705648191
B,B1 공시비율,"공시가격 1.36억 × 실거래/공시 비율 1.74(같은 건물 2건+법정동, 기준일 시점보정)",236943817.3115284,210317148.00698712,266941488.5765463,0.8,"공시가격 1.36억 × 실거래/공시 비율 1.74(같은 건물 2건+법정동, 기준일 시점보정)",공시비율,같은 건물,2,법정동,136000000.0,0.11626720037590875,0.1690264030246463,0.05100521967394245,1150010300103400111,11500,62.46,[],화곡동,B,False,62.46,2025-11-14,217000000,224640245.91912976,0.05477011183840997,0.053322839712917805
B,B1 공시비율,"공시가격 0.82억 × 실거래/공시 비율 1.78(같은 건물 1건+법정동, 기준일 시점보정)",147128218.58626506,127749780.267212,169446183.46184033,0.8,"공시가격 0.82억 × 실거래/공시 비율 1.78(같은 건물 1건+법정동, 기준일 시점보정)",공시비율,같은 건물,1,법정동,82500000.0,0.1377486470259829,0.0,-0.056342753393296974,1162010100101000107,11620,41.73,[],봉천동,B,False,41.73,2025-11-15,100000000,104016939.22514692,0.4144640255930127,0.34675067884010957
B,B1 공시비율,"공시가격 1.47억 × 실거래/공시 비율 1.80(같은 건물 1건+법정동, 기준일 시점보정)",264948938.93850845,225270074.89856756,311616801.6379873,0.8,"공시가격 1.47억 × 실거래/공시 비율 1.80(같은 건물 1건+법정동, 기준일 시점보정)",공시비율,같은 건물,1,법정동,147000000.0,0.15823688056542393,0.0,0.022141822997767124,1162010200100980108,11620,51.16,[],신림동,B,False,51.16,2025-11-15,360000000,374460981.2105289,0.2924524790753853,-0.3459504843357577
B,B1 공시비율,"공시가격 4.72억 × 실거래/공시 비율 1.87(같은 건물 3건+법정동, 기준일 시점보정)",881022963.112664,709736505.7237074,1093647368.1036565,0.8,"공시가격 4.72억 × 실거래/공시 비율 1.87(같은 건물 3건+법정동, 기준일 시점보정)",공시비율,같은 건물,3,법정동,472000000.0,0.2108593827723311,0.09399106359397302,0.09370213238421377,1168010600109280025,11680,74.28,[],대치동,B,False,74.28,2025-11-17,750000000,759273012.2013719,0.16035068934993563,0.1487222778343893
B,B1 공시비율,"공시가격 4.93억 × 실거래/공시 비율 1.76(법정동 215건, 기준일 시점보정)",869912471.790635,663915720.5175773,1139824958.4856114,0.65,"공시가격 4.93억 × 실거래/공시 비율 1.76(법정동 215건, 기준일 시점보정)",공시비율,법정동,215,법정동,493000000.0,0.2108593827723311,,,1168010600109160006,11680,109.44,[],대치동,B,False,109.44,2025-11-17,1400000000,1417309622.7758944,0.3862227012282228,-0.48812312221199905
B,B1 공시비율,"공시가격 0.99억 × 실거래/공시 비율 1.68(같은 건물 1건+법정동, 기준일 시점보정)",167013279.46084598,148245086.172966,188157572.27677533,0.8,"공시가격 0.99억 × 실거래/공시 비율 1.68(같은 건물 1건+법정동, 기준일 시점보정)",공시비율,같은 건물,1,법정동,99200000.0,0.11626720037590875,0.0,-0.026190741024098796,1150010300103940011,11500,41.92,[],화곡동,B,False,41.92,2025-11-17,167500000,173397424.8454112,0.03681799421333323,-0.03751288630197471
B,B1 공시비율,"공시가격 1.40억 × 실거래/공시 비율 1.70(법정동 12904건, 기준일 시점보정)",237770989.70713225,204854493.2940901,275976585.31779045,0.65,"공시가격 1.40억 × 실거래/공시 비율 1.70(법정동 12904건, 기준일 시점보정)",공시비율,법정동,12904,법정동,140000000.0,0.11626720037590875,,,1150010300101570006,11500,28.85,[],화곡동,B,False,28.85,2025-11-18,200000000,207041701.3079537,0.14842076840100846,0.1383877537416232
B,B1 공시비율,"공시가격 6.60억 × 실거래/공시 비율 1.74(법정동 165건, 기준일 시점보정)",1145858192.8861096,964062658.2916225,1361935333.67522,0.65,"공시가격 6.60억 × 실거래/공시 비율 1.74(법정동 165건, 기준일 시점보정)",공시비율,법정동,165,법정동,660000000.0,0.13479467693117134,,,1168011800109480003,11680,116.55,[],도곡동,B,False,116.55,2025-11-18,1360000000,1376815062.1251545,0.16774719829296186,-0.1836190361078712
B,B1 공시비율,"공시가격 1.55억 × 실거래/공시 비율 1.70(법정동 12904건, 기준일 시점보정)",263246452.89003944,226803189.0041713,305545505.1732682,0.65,"공시가격 1.55억 × 실거래/공시 비율 1.70(법정동 12904건, 기준일 시점보정)",공시비율,법정동,12904,법정동,155000000.0,0.11626720037590875,,,1150010300100290036,11500,57.0,[],화곡동,B,False,57.0,2025-11-19,255000000,263978169.16764095,0.0027718817806362973,-0.002775730558823212
B,B1 공시비율,"공시가격 1.22억 × 실거래/공시 비율 1.62(같은 건물 1건+법정동, 기준일 시점보정)",197964010.806631,175717714.99795645,223026742.49493673,0.8,"공시가격 1.22억 × 실거래/공시 비율 1.62(같은 건물 1건+법정동, 기준일 시점보정)",공시비율,같은 건물,1,법정동,122000000.0,0.11626720037590875,0.0,-0.1368040615944453,1150010300104080111,11500,61.92,[],화곡동,B,False,61.92,2025-11-20,210000000,217393786.3733514,0.08937594717335555,-0.09362514216867118
B,B1 공시비율,"공시가격 1.08억 × 실거래/공시 비율 1.84(같은 건물 1건+법정동, 기준일 시점보정)",199099319.49346203,176725442.85442093,224305784.05970606,0.8,"공시가격 1.08억 × 실거래/공시 비율 1.84(같은 건물 1건+법정동, 기준일 시점보정)",공시비율,같은 건물,1,법정동,108000000.0,0.11626720037590875,0.0,0.24602101897373363,1150010300101550010,11500,52.72,[],화곡동,B,False,52.72,2025-11-25,175000000,181161488.6444595,0.09901569579286595,0.0944149572056373
B,B1 공시비율,"공시가격 0.98억 × 실거래/공시 비율 1.70(같은 건물 4건+법정동, 기준일 시점보정)",167414717.37267122,148601412.31675375,188609833.21765816,0.8,"공시가격 0.98억 × 실거래/공시 비율 1.70(같은 건물 4건+법정동, 기준일 시점보정)",공시비율,같은 건물,4,법정동,98400000.0,0.11626720037590875,0.11657324221799811,0.0026515617448740203,1150010300105040064,11500,52.32,[],화곡동,B,False,52.32,2025-11-25,150000000,155281275.9809653,0.07813847043086684,0.07523591547222225
B,B1 공시비율,"공시가격 1.30억 × 실거래/공시 비율 1.70(법정동 12904건, 기준일 시점보정)",221636529.6912911,190953652.67770538,257249602.74265462,0.65,"공시가격 1.30억 × 실거래/공시 비율 1.70(법정동 12904건, 기준일 시점보정)",공시비율,법정동,12904,법정동,130500000.0,0.11626720037590875,,,1150010300108650012,11500,29.99,[],화곡동,B,False,29.99,2025-11-26,210000000,217393786.3733514,0.01951639643762966,0.019328393725634822
B,B1 공시비율,"공시가격 1.02억 × 실거래/공시 비율 1.70(법정동 12904건, 기준일 시점보정)",173233149.64376733,149251130.82855096,201068655.0172468,0.65,"공시가격 1.02억 × 실거래/공시 비율 1.70(법정동 12904건, 기준일 시점보정)",공시비율,법정동,12904,법정동,102000000.0,0.11626720037590875,,,1150010300100460309,11500,29.98,[],화곡동,B,False,29.98,2025-11-27,120000000,124225020.78477222,0.3945109330583637,0.332543768182578
B,B1 공시비율,"공시가격 1.01억 × 실거래/공시 비율 1.79(같은 건물 3건+법정동, 기준일 시점보정)",180730964.20120016,156926666.99860427,208146149.06328195,0.8,"공시가격 1.01억 × 실거래/공시 비율 1.79(같은 건물 3건+법정동, 기준일 시점보정)",공시비율,같은 건물,3,법정동,101000000.0,0.1377486470259829,0.035083935723493186,-0.02566340551931312,1162010100115340004,11620,27.39,[],봉천동,B,False,27.39,2025-11-28,185000000,192431337.5665218,0.06080284798351475,-0.06272986226332296
B,B1 공시비율,"공시가격 1.23억 × 실거래/공시 비율 1.72(같은 건물 3건+법정동, 기준일 시점보정)",211130948.0715723,179511888.87956685,248319359.30163848,0.8,"공시가격 1.23억 × 실거래/공시 비율 1.72(같은 건물 3건+법정동, 기준일 시점보정)",공시비율,같은 건물,3,법정동,123000000.0,0.15823688056542393,0.02321682412714178,-0.0690495619063255,1162010200106110079,11620,39.18,[],신림동,B,False,39.18,2025-11-28,195000000,202833031.4890365,0.04091008511591625,0.040095412334616685
B,B1 공시비율,"공시가격 1.11억 × 실거래/공시 비율 1.70(법정동 12904건, 기준일 시점보정)",188518427.55351153,162420348.2545996,218810006.93053332,0.65,"공시가격 1.11억 × 실거래/공시 비율 1.70(법정동 12904건, 기준일 시점보정)",공시비율,법정동,12904,법정동,111000000.0,0.11626720037590875,,,1150010300101110141,11500,53.5,[],화곡동,B,False,53.5,2025-11-29,197000000,203936075.7883344,0.0756003967185525,-0.07861082974530124
B,B1 공시비율,"공시가격 1.77억 × 실거래/공시 비율 1.82(같은 건물 1건+법정동, 기준일 시점보정)",321636126.0893472,279273037.0062891,370425296.7443929,0.8,"공시가격 1.77억 × 실거래/공시 비율 1.82(같은 건물 1건+법정동, 기준일 시점보정)",공시비율,같은 건물,1,법정동,177000000.0,0.1377486470259829,0.0,-4.780665268566686e-05,1162010100106730058,11620,62.94,[],봉천동,B,False,62.94,2025-12-03,305000000,324683550.999581,0.00938583091398347,-0.009430155391008567
B,B1 공시비율,"공시가격 3.26억 × 실거래/공시 비율 1.79(같은 건물 1건+법정동, 기준일 시점보정)",582026117.4213101,494014308.7047535,685717792.767376,0.8,"공시가격 3.26억 × 실거래/공시 비율 1.79(같은 건물 1건+법정동, 기준일 시점보정)",공시비율,같은 건물,1,법정동,326000000.0,0.15990835699622905,0.0,0.009735247252955936,1168010100107470006,11680,47.26,[],역삼동,B,False,47.26,2025-12-03,530000000,523064318.1381003,0.11272380324677882,0.10681088628377258
B,B1 공시비율,"공시가격 1.14억 × 실거래/공시 비율 1.65(같은 건물 4건+법정동, 기준일 시점보정)",188544442.67932886,167356675.12584618,212414633.82639,0.8,"공시가격 1.14억 × 실거래/공시 비율 1.65(같은 건물 4건+법정동, 기준일 시점보정)",공시비율,같은 건물,4,법정동,114000000.0,0.11626720037590875,0.05511378971805543,-0.03979538822392126,1150010300103680017,11500,57.31,[],화곡동,B,False,57.31,2025-12-05,201000000,206853841.95830286,0.08851370177917588,-0.092678717098373
B,B1 공시비율,"공시가격 1.25억 × 실거래/공시 비율 1.70(법정동 12904건, 기준일 시점보정)",212295526.5242252,182905797.58400902,246407665.46231288,0.65,"공시가격 1.25억 × 실거래/공시 비율 1.70(법정동 12904건, 기준일 시점보정)",공시비율,법정동,12904,법정동,125000000.0,0.11626720037590875,,,1150010300104100283,11500,55.44,[],화곡동,B,False,55.44,2025-12-09,217000000,223319819.4276205,0.049365492644813574,-0.050625614856001803
B,B1 공시비율,"공시가격 0.92억 × 실거래/공시 비율 1.60(같은 건물 1건+법정동, 기준일 시점보정)",146030263.0747448,129620045.80271465,164518054.2995346,0.8,"공시가격 0.92억 × 실거래/공시 비율 1.60(같은 건물 1건+법정동, 기준일 시점보정)",공시비율,같은 건물,1,법정동,91500000.0,0.11626720037590875,0.0,-0.1865719512638817,1150010300103940023,11500,43.71,[],화곡동,B,False,43.71,2025-12-09,170000000,174951010.6114999,0.16530769062533265,-0.1806921138079215
B,B1 공시비율,"공시가격 2.17억 × 실거래/공시 비율 2.01(같은 건물 1건+법정동, 기준일 시점보정)",436931303.3045989,379382544.86716026,503209666.31267035,0.8,"공시가격 2.17억 × 실거래/공시 비율 2.01(같은 건물 1건+법정동, 기준일 시점보정)",공시비율,같은 건물,1,법정동,217000000.0,0.1377486470259829,0.0,0.3077746865441715,1162010100109180002,11620,79.29,[],봉천동,B,False,79.29,2025-12-11,435000000,463073261.2616975,0.05645317953766475,-0.05810929117336363
B,B1 공시비율,"공시가격 2.12억 × 실거래/공시 비율 2.41(같은 건물 8건+법정동, 기준일 시점보정)",510531773.64808327,411592878.9039435,633253647.6295205,0.8,"공시가격 2.12억 × 실거래/공시 비율 2.41(같은 건물 8건+법정동, 기준일 시점보정)",공시비율,같은 건물,8,법정동,212000000.0,0.21010667634145774,0.13450351307063974,0.16684175092640152,1168011400106420005,11680,16.76,[],일원동,B,False,16.76,2025-12-13,578000000,570436180.9128716,0.10501509067837007,-0.11094842194258248
B,B1 공시비율,"공시가격 1.50억 × 실거래/공시 비율 1.80(같은 건물 2건+법정동, 기준일 시점보정)",270616461.33597195,234973234.94126934,311666429.43102854,0.8,"공시가격 1.50억 × 실거래/공시 비율 1.80(같은 건물 2건+법정동, 기준일 시점보정)",공시비율,같은 건물,2,법정동,150000000.0,0.1377486470259829,0.14564409492493152,-0.014439627646157027,1162010100101800097,11620,51.3,[],봉천동,B,False,51.3,2025-12-13,250000000,266134058.19637787,0.016842651293757203,0.016702386604401497
B,B1 공시비율,"공시가격 1.31억 × 실거래/공시 비율 1.76(같은 건물 2건+법정동, 기준일 시점보정)",230257318.253239,204382047.32342768,259408462.25732103,0.8,"공시가격 1.31억 × 실거래/공시 비율 1.76(같은 건물 2건+법정동, 기준일 시점보정)",공시비율,같은 건물,2,법정동,131000000.0,0.11626720037590875,0.007866681422728911,0.06866915134305784,1150010300100550075,11500,61.71,[],화곡동,B,False,61.71,2025-12-14,223000000,229494560.9786146,0.003323639877877039,0.0033181287947191915
B,B1 공시비율,"공시가격 2.42억 × 실거래/공시 비율 3.31(같은 건물 3건+법정동, 기준일 시점보정)",802092396.4592419,643818781.9148885,999275309.3412852,0.8,"공시가격 2.42억 × 실거래/공시 비율 3.31(같은 건물 3건+법정동, 기준일 시점보정)",공시비율,같은 건물,3,법정동,242000000.0,0.214386818061813,0.011677144098923788,0.9002226759047443,1168010500100270005,11680,39.6,[],삼성동,B,False,39.6,2025-12-14,760000000,750054493.9338796,0.06937882906671793,0.06707794631644254
B,B1 공시비율,"공시가격 2.86억 × 실거래/공시 비율 1.85(같은 건물 7건+법정동, 기준일 시점보정)",528140598.28945094,448277155.8754886,622232223.7607268,0.8,"공시가격 2.86억 × 실거래/공시 비율 1.85(같은 건물 7건+법정동, 기준일 시점보정)",공시비율,같은 건물,7,법정동,286000000.0,0.15990835699622905,0.06460842538793046,0.04756868208449849,1168010100107810018,11680,27.74,[],역삼동,B,False,27.74,2025-12-15,530000000,523064318.1381003,0.009704887095759358,0.009658097162764789
B,B1 공시비율,"공시가격 0.55억 × 실거래/공시 비율 1.70(법정동 12904건, 기준일 시점보정)",92730685.98578145,79893252.38469502,107630868.27393812,0.65,"공시가격 0.55억 × 실거래/공시 비율 1.70(법정동 12904건, 기준일 시점보정)",공시비율,법정동,12904,법정동,54600000.0,0.11626720037590875,,,1150010300104100226,11500,35.95,[],화곡동,B,False,35.95,2025-12-16,55000000,56601797.55077939,0.638299312006648,0.4936586989005438
B,B1 공시비율,"공시가격 1.26억 × 실거래/공시 비율 2.11(같은 건물 3건+법정동, 기준일 시점보정)",265444351.14503196,235614921.3802342,299050260.2383908,0.8,"공시가격 1.26억 × 실거래/공시 비율 2.11(같은 건물 3건+법정동, 기준일 시점보정)",공시비율,같은 건물,3,법정동,126000000.0,0.11626720037590875,0.1453178261170511,0.3590962530867948,1150010300110440011,11500,29.91,[],화곡동,B,False,29.91,2025-12-16,220000000,226407190.20311755,0.17242014666978045,0.15907011383334568
B,B1 공시비율,"공시가격 1.58억 × 실거래/공시 비율 1.87(같은 건물 2건+법정동, 기준일 시점보정)",295677212.4336449,251396469.28793937,347757524.99689126,0.8,"공시가격 1.58억 × 실거래/공시 비율 1.87(같은 건물 2건+법정동, 기준일 시점보정)",공시비율,같은 건물,2,법정동,158000000.0,0.15823688056542393,0.02042470691536521,0.0898987960222215,1162010200100920006,11620,48.26,[],신림동,B,False,48.26,2025-12-17,199000000,211842710.32431677,0.39573937654490543,0.333424293891461
B,B1 공시비율,"공시가격 14.06억 × 실거래/공시 비율 1.93(법정동 235건, 기준일 시점보정)",2715296812.1192236,2062962640.1460247,3573907076.3700013,0.65,"공시가격 14.06억 × 실거래/공시 비율 1.93(법정동 235건, 기준일 시점보정)",공시비율,법정동,235,법정동,1406000000.0,0.214386818061813,,,1168010500100950006,11680,122.08,[],삼성동,B,False,122.08,2025-12-17,1700000000,1677753473.2731519,0.6184122729437207,0.48144559022358957
B,B1 공시비율,"공시가격 2.69억 × 실거래/공시 비율 1.82(법정동 3592건, 기준일 시점보정)",487913424.00549644,408952623.4553311,582120019.950844,0.65,"공시가격 2.69억 × 실거래/공시 비율 1.82(법정동 3592건, 기준일 시점보정)",공시비율,법정동,3592,법정동,268500000.0,0.1377486470259829,,,1162010100100410305,11620,40.07,[],봉천동,B,False,40.07,2025-12-17,415450000,442261577.91074073,0.10322363138669345,0.09823646803139652
B,B1 공시비율,"공시가격 1.60억 × 실거래/공시 비율 1.68(같은 건물 1건+법정동, 기준일 시점보정)",268141988.87566116,238009410.84317735,302089425.55456203,0.8,"공시가격 1.60억 × 실거래/공시 비율 1.68(같은 건물 1건+법정동, 기준일 시점보정)",공시비율,같은 건물,1,법정동,160000000.0,0.11626720037590875,0.0,-0.039968176461013805,1150010300101050090,11500,63.0,[],화곡동,B,False,63.0,2025-12-17,295000000,303591459.590544,0.11676702224329294,-0.12416626521084032
B,B1 공시비율,"공시가격 1.54억 × 실거래/공시 비율 1.77(같은 건물 7건+법정동, 기준일 시점보정)",273127673.0513681,242434826.49063274,307706309.6350862,0.8,"공시가격 1.54억 × 실거래/공시 비율 1.77(같은 건물 7건+법정동, 기준일 시점보정)",공시비율,같은 건물,7,법정동,154000000.0,0.11626720037590875,0.10718873480404331,0.0556986736309939,1150010300103540024,11500,36.5,[],화곡동,B,False,36.5,2025-12-18,273000000,280950740.5702322,0.027844979169608135,-0.02824000078728952
B,B1 공시비율,"공시가격 1.49억 × 실거래/공시 비율 2.17(같은 건물 2건+법정동, 기준일 시점보정)",323648420.2934462,287278281.76917124,364623107.9960604,0.8,"공시가격 1.49억 × 실거래/공시 비율 2.17(같은 건물 2건+법정동, 기준일 시점보정)",공시비율,같은 건물,2,법정동,149000000.0,0.11626720037590875,0.19822854681531488,0.49209187684367184,1150010300107890012,11500,64.5,[],화곡동,B,False,64.5,2025-12-18,250000000,257280897.95808813,0.2579574420879452,0.229489327887204
B,B1 공시비율,"공시가격 2.80억 × 실거래/공시 비율 1.99(법정동 1019건, 기준일 시점보정)",558289102.872496,443066557.24261177,703476074.3982418,0.65,"공시가격 2.80억 × 실거래/공시 비율 1.99(법정동 1019건, 기준일 시점보정)",공시비율,법정동,1019,법정동,280000000.0,0.1803658964378039,,,1168010300106600025,11680,34.45,[],개포동,B,False,34.45,2025-12-18,416000000,410556144.04801834,0.3598361904119962,0.3073642442670171
B,B1 공시비율,"공시가격 1.51억 × 실거래/공시 비율 1.82(법정동 3592건, 기준일 시점보정)",274394514.05895746,229988253.78679734,327374759.82338023,0.65,"공시가격 1.51억 × 실거래/공시 비율 1.82(법정동 3592건, 기준일 시점보정)",공시비율,법정동,3592,법정동,151000000.0,0.1377486470259829,,,1162010100116880022,11620,53.66,[],봉천동,B,False,53.66,2025-12-19,243000000,258682304.56687927,0.06073940588393041,0.058966217667844906
B,B1 공시비율,"공시가격 3.38억 × 실거래/공시 비율 1.74(법정동 978건, 기준일 시점보정)",589655872.6387751,501066438.4870793,693908075.7179093,0.65,"공시가격 3.38억 × 실거래/공시 비율 1.74(법정동 978건, 기준일 시점보정)",공시비율,법정동,978,법정동,338000000.0,0.12702902307760694,,,1168010800101240026,11680,61.68,[],논현동,B,False,61.68,2025-12-19,555000000,547737163.3332937,0.07653070142325588,0.0737435570842101
B,B1 공시비율,"공시가격 0.96억 × 실거래/공시 비율 1.57(같은 건물 2건+법정동, 기준일 시점보정)",151837830.6734447,134774985.34946147,171060874.27009156,0.8,"공시가격 0.96억 × 실거래/공시 비율 1.57(같은 건물 2건+법정동, 기준일 시점보정)",공시비율,같은 건물,2,법정동,96500000.0,0.11626720037590875,0.06526926997737376,-0.1527910404233847,1150010300101660019,11500,40.28,[],화곡동,B,False,40.28,2025-12-20,160000000,164659774.6931764,0.07786931594934977,-0.08106832571842512
B,B1 공시비율,"공시가격 1.33억 × 실거래/공시 비율 1.71(같은 건물 2건+법정동, 기준일 시점보정)",227065176.44929278,197158143.26077095,261508824.86124122,0.8,"공시가격 1.33억 × 실거래/공시 비율 1.71(같은 건물 2건+법정동, 기준일 시점보정)",공시비율,같은 건물,2,법정동,133000000.0,0.1377486470259829,0.04961527582795057,-0.12479819474024245,1162010100100410037,11620,29.99,[],봉천동,B,False,29.99,2025-12-23,220000000,234197971.2128125,0.0304562619675226,-0.030929691307261337
B,B1 공시비율,"공시가격 1.10억 × 실거래/공시 비율 1.90(같은 건물 5건+법정동, 기준일 시점보정)",208843130.72098115,177566696.01339906,245628567.9047023,0.8,"공시가격 1.10억 × 실거래/공시 비율 1.90(같은 건물 5건+법정동, 기준일 시점보정)",공시비율,같은 건물,5,법정동,110000000.0,0.15823688056542393,0.23244953664062956,0.08313074548143884,1162010200106460467,11620,28.78,[],신림동,B,False,28.78,2025-12-23,170000000,180971159.57353696,0.1540133312574511,0.14324572023534352
B,B1 공시비율,"공시가격 2.70억 × 실거래/공시 비율 1.71(같은 건물 1건+법정동, 기준일 시점보정)",461629094.4356581,391823272.42637104,543871270.1005539,0.8,"공시가격 2.70억 × 실거래/공시 비율 1.71(같은 건물 1건+법정동, 기준일 시점보정)",공시비율,같은 건물,1,법정동,270000000.0,0.15990835699622905,0.0,-0.12009922345601676,1168010100107920033,11680,29.79,[],역삼동,B,False,29.79,2025-12-23,365000000,360223539.8498238,0.2815072957977983,0.24803695997612857
B,B1 공시비율,"공시가격 1.06억 × 실거래/공시 비율 1.91(같은 건물 8건+법정동, 기준일 시점보정)",202524658.44994769,177793245.39884406,230696262.88814366,0.8,"공시가격 1.06억 × 실거래/공시 비율 1.91(같은 건물 8건+법정동, 기준일 시점보정)",공시비율,같은 건물,8,법정동,106000000.0,0.12702902307760694,0.05771222330203561,0.11366168825967704,1168010800102440017,11680,14.04,[],논현동,B,False,14.04,2025-12-23,179500000,177151028.5014887,0.14323162650024227,0.13385901213910012
B,B1 공시비율,"공시가격 1.00억 × 실거래/공시 비율 1.97(같은 건물 1건+법정동, 기준일 시점보정)",197620436.68471837,171591606.32384664,227597595.43104962,0.8,"공시가격 1.00억 × 실거래/공시 비율 1.97(같은 건물 1건+법정동, 기준일 시점보정)",공시비율,같은 건물,1,법정동,100500000.0,0.1377486470259829,0.0,0.23671023193215956,1162010100116280021,11620,33.82,[],봉천동,B,False,33.82,2025-12-24,160000000,170325797.24568182,0.16024959154992907,0.148635147102826
B,B1 공시비율,"공시가격 2.13억 × 실거래/공시 비율 1.72(같은 건물 3건+법정동, 기준일 시점보정)",365465718.53607243,317329780.01638436,420903425.5095488,0.8,"공시가격 2.13억 × 실거래/공시 비율 1.72(같은 건물 3건+법정동, 기준일 시점보정)",공시비율,같은 건물,3,법정동,213000000.0,0.1377486470259829,0.1306449009741554,-0.09567791765643674,1162010100115860014,11620,27.42,[],봉천동,B,False,27.42,2025-12-25,260000000,276779420.524233,0.3204222981747108,0.2779516082935029
B,B1 공시비율,"공시가격 1.52억 × 실거래/공시 비율 1.47(같은 건물 4건+법정동, 기준일 시점보정)",222874761.157433,197829108.4410966,251091255.23746133,0.8,"공시가격 1.52억 × 실거래/공시 비율 1.47(같은 건물 4건+법정동, 기준일 시점보정)",공시비율,같은 건물,4,법정동,152000000.0,0.11626720037590875,0.07445475030984071,-0.22040411401403748,1150010300104080027,11500,47.92,[],화곡동,B,False,47.92,2025-12-25,228000000,234640178.93777636,0.05014238325936239,-0.05144318273536601
B,B1 공시비율,"공시가격 1.38억 × 실거래/공시 비율 1.81(같은 건물 2건+법정동, 기준일 시점보정)",250207044.90588146,222089914.3642724,281883873.47410685,0.8,"공시가격 1.38억 × 실거래/공시 비율 1.81(같은 건물 2건+법정동, 기준일 시점보정)",공시비율,같은 건물,2,법정동,138000000.0,0.11626720037590875,0.03769068913079309,0.13073901974967528,1150010300100290016,11500,69.07,[],화곡동,B,False,69.07,2025-12-26,233000000,239785796.89693812,0.043460655901243754,0.042542742848497114
B,B1 공시비율,"공시가격 2.72억 × 실거래/공시 비율 1.82(법정동 3592건, 기준일 시점보정)",494273561.748585,414283477.01992583,589708176.6354921,0.65,"공시가격 2.72억 × 실거래/공시 비율 1.82(법정동 3592건, 기준일 시점보정)",공시비율,법정동,3592,법정동,272000000.0,0.1377486470259829,,,1162010100109100026,11620,70.31,[],봉천동,B,False,70.31,2025-12-26,500000000,532268116.39275575,0.0713823606449779,-0.07405820793272673
B,B1 공시비율,"공시가격 1.22억 × 실거래/공시 비율 1.98(같은 건물 5건+법정동, 기준일 시점보정)",241257952.22302985,200525446.91169012,290264404.8786634,0.8,"공시가격 1.22억 × 실거래/공시 비율 1.98(같은 건물 5건+법정동, 기준일 시점보정)",공시비율,같은 건물,5,법정동,122000000.0,0.1803658964378039,0.04149568002177542,-0.011538342232082277,1168010300112550002,11680,26.68,[],개포동,B,False,26.68,2025-12-26,349500000,344926375.8288039,0.30055232325065057,-0.3574642886044954
B,B1 공시비율,"공시가격 3.16억 × 실거래/공시 비율 2.04(같은 건물 3건+법정동, 기준일 시점보정)",643233833.1244141,534634198.24086565,773893187.9728394,0.8,"공시가격 3.16억 × 실거래/공시 비율 2.04(같은 건물 3건+법정동, 기준일 시점보정)",공시비율,같은 건물,3,법정동,316000000.0,0.1803658964378039,0.01829605083952741,0.03446462266180039,1168010300101600007,11680,36.84,[],개포동,B,False,36.84,2025-12-27,880000000,868484150.870808,0.2593603090172007,-0.300241018929228
B,B1 공시비율,"공시가격 5.42억 × 실거래/공시 비율 1.65(같은 건물 1건+법정동, 기준일 시점보정)",892450693.047182,718942482.6978194,1107833044.629192,0.8,"공시가격 5.42억 × 실거래/공시 비율 1.65(같은 건물 1건+법정동, 기준일 시점보정)",공시비율,같은 건물,1,법정동,542000000.0,0.2108593827723311,0.0,-0.207534481814921,1168010600109160044,11680,56.36,[],대치동,B,False,56.36,2025-12-27,840000000,829007598.5584986,0.07652896619886229,0.07374194521583542
B,B1 공시비율,"공시가격 5.12억 × 실거래/공시 비율 1.81(같은 건물 1건+법정동, 기준일 시점보정)",926192443.1170298,746124239.3537058,1149717964.437328,0.8,"공시가격 5.12억 × 실거래/공시 비율 1.81(같은 건물 1건+법정동, 기준일 시점보정)",공시비율,같은 건물,1,법정동,512000000.0,0.2108593827723311,0.0,0.07462195364346202,1168010600109170025,11680,69.9,[],대치동,B,False,69.9,2025-12-29,950000000,937568117.4173496,0.01213317100804956,-0.012207378788737164
B,B1 공시비율,"공시가격 0.98억 × 실거래/공시 비율 1.95(같은 건물 3건+법정동, 기준일 시점보정)",190606305.26755795,165501314.76783073,219519486.34797955,0.8,"공시가격 0.98억 × 실거래/공시 비율 1.95(같은 건물 3건+법정동, 기준일 시점보정)",공시비율,같은 건물,3,법정동,97700000.0,0.1377486470259829,0.1276726504608158,0.11836907739280667,1162010100106490090,11620,52.31,[],봉천동,B,False,52.31,2025-12-29,162000000,172454869.71125287,0.10525325023698463,0.10007449444550548
B,B1 공시비율,"공시가격 1.45억 × 실거래/공시 비율 1.50(같은 건물 4건+법정동, 기준일 시점보정)",216808968.07236615,192444961.6145329,244257517.79751724,0.8,"공시가격 1.45억 × 실거래/공시 비율 1.50(같은 건물 4건+법정동, 기준일 시점보정)",공시비율,같은 건물,4,법정동,144500000.0,0.11626720037590875,0.15446906102656943,-0.18589264934594596,1150010300103660064,11500,29.72,[],화곡동,B,False,29.72,2025-12-30,220000000,226407190.20311755,0.042393627702991724,-0.043318470315017
B,B1 공시비율,"공시가격 2.51억 × 실거래/공시 비율 1.35(같은 건물 2건+법정동, 기준일 시점보정)",339487459.2843883,301337401.5450909,382467408.36159825,0.8,"공시가격 2.51억 × 실거래/공시 비율 1.35(같은 건물 2건+법정동, 기준일 시점보정)",공시비율,같은 건물,2,법정동,251000000.0,0.11626720037590875,0.0,-0.4553629825938329,1150010300101610030,11500,49.73,[],화곡동,B,False,49.73,2025-12-30,255000000,262426515.9172499,0.29364770209210794,0.25746590405859815
B,B1 공시비율,"공시가격 1.57억 × 실거래/공시 비율 1.74(같은 건물 3건+법정동, 기준일 시점보정)",273143863.90657705,232237724.4718818,321255173.1613604,0.8,"공시가격 1.57억 × 실거래/공시 비율 1.74(같은 건물 3건+법정동, 기준일 시점보정)",공시비율,같은 건물,3,법정동,157000000.0,0.15823688056542393,0.04433583161954539,-0.04661850778913079,1162010200100980381,11620,54.15,[],신림동,B,False,54.15,2026-01-01,220000000,229446755.3260027,0.19044552849957982,0.1743276307527318
B,B1 공시비율,"공시가격 1.30억 × 실거래/공시 비율 1.69(같은 건물 2건+법정동, 기준일 시점보정)",219530625.44385692,194860771.5002643,247323743.70028412,0.8,"공시가격 1.30억 × 실거래/공시 비율 1.69(같은 건물 2건+법정동, 기준일 시점보정)",공시비율,같은 건물,2,법정동,130000000.0,0.11626720037590875,0.11697395935673992,-0.011416527425743062,1150010300103600002,11500,23.41,[],화곡동,B,False,23.41,2026-01-02,185000000,186863757.08696425,0.17481650195917814,0.1611119668551649
B,B1 공시비율,"공시가격 1.64억 × 실거래/공시 비율 1.73(같은 건물 30건+법정동, 기준일 시점보정)",284109325.9831678,252182411.1764236,320078266.8944368,0.8,"공시가격 1.64억 × 실거래/공시 비율 1.73(같은 건물 30건+법정동, 기준일 시점보정)",공시비율,같은 건물,30,법정동,164000000.0,0.11626720037590875,0.03292625253800969,0.021148935685613934,1150010300103620023,11500,27.5,[],화곡동,B,False,27.5,2026-01-02,260000000,262619334.2843822,0.08182943482567356,0.07865352920471166
B,B1 공시비율,"공시가격 1.02억 × 실거래/공시 비율 1.63(같은 건물 4건+법정동, 기준일 시점보정)",165791477.6951584,147160584.93674484,186781087.39618742,0.8,"공시가격 1.02억 × 실거래/공시 비율 1.63(같은 건물 4건+법정동, 기준일 시점보정)",공시비율,같은 건물,4,법정동,102000000.0,0.11626720037590875,0.07753722367244668,-0.06586129908182431,1150010300104670008,11500,42.69,[],화곡동,B,False,42.69,2026-01-03,180000000,181813385.27380306,0.08812281645004501,-0.09224996513637894
B,B1 공시비율,"공시가격 1.77억 × 실거래/공시 비율 1.74(같은 건물 2건+법정동, 기준일 시점보정)",308340948.17463726,267728983.29899952,355113365.57482684,0.8,"공시가격 1.77억 × 실거래/공시 비율 1.74(같은 건물 2건+법정동, 기준일 시점보정)",공시비율,같은 건물,2,법정동,177000000.0,0.1377486470259829,0.01255827296327855,-0.08446130718461908,1162010100106350398,11620,38.87,[],봉천동,B,False,38.87,2026-01-03,280000000,292023143.1421852,0.055878465168450554,0.054373088858126535
B,B1 공시비율,"공시가격 1.12억 × 실거래/공시 비율 1.80(같은 건물 3건+법정동, 기준일 시점보정)",202027574.3964215,171771840.25794616,237612525.7504978,0.8,"공시가격 1.12억 × 실거래/공시 비율 1.80(같은 건물 3건+법정동, 기준일 시점보정)",공시비율,같은 건물,3,법정동,112000000.0,0.15823688056542393,0.10615490033539615,0.013635656630035298,1162010200105980039,11620,52.52,[],신림동,B,False,52.52,2026-01-05,240000000,250305551.26473022,0.19287617323855744,-0.21427818163861598
B,B1 공시비율,"공시가격 0.90억 × 실거래/공시 비율 1.70(법정동 12904건, 기준일 시점보정)",152682942.6762229,131545849.6224194,177216393.00049558,0.65,"공시가격 0.90억 × 실거래/공시 비율 1.70(법정동 12904건, 기준일 시점보정)",공시비율,법정동,12904,법정동,89900000.0,0.11626720037590875,,,1150010300104090155,11500,43.44,[],화곡동,B,False,43.44,2026-01-05,140000000,141410410.7685135,0.07971500716564878,0.07669712405905112
B,B1 공시비율,"공시가격 3.87억 × 실거래/공시 비율 1.82(법정동 3592건, 기준일 시점보정)",703249516.1643487,589440094.1423223,839033324.8453529,0.65,"공시가격 3.87억 × 실거래/공시 비율 1.82(법정동 3592건, 기준일 시점보정)",공시비율,법정동,3592,법정동,387000000.0,0.1377486470259829,,,1162010100117180005,11620,59.49,[],봉천동,B,False,59.49,2026-01-05,580170000,605082381.9885771,0.1622376342427118,0.15034714203332256
B,B1 공시비율,"공시가격 2.48억 × 실거래/공시 비율 1.82(같은 건물 2건+법정동, 기준일 시점보정)",451065245.88938737,383513525.7862872,530515463.9125595,0.8,"공시가격 2.48억 × 실거래/공시 비율 1.82(같은 건물 2건+법정동, 기준일 시점보정)",공시비율,같은 건물,2,법정동,248000000.0,0.15823688056542393,0.10479562782949815,0.03291864505408337,1162010200104630006,11620,84.21,[],신림동,B,False,84.21,2026-01-06,450000000,469322908.6213691,0.03890213410978262,-0.039679037642079515
B,B1 공시비율,"공시가격 1.21억 × 실거래/공시 비율 2.00(같은 건물 2건+법정동, 기준일 시점보정)",242204280.5489629,205931666.0735207,284865920.0149296,0.8,"공시가격 1.21억 × 실거래/공시 비율 2.00(같은 건물 2건+법정동, 기준일 시점보정)",공시비율,같은 건물,2,법정동,121000000.0,0.15823688056542393,0.16947425491903736,0.22453405850757724,1162010200107530001,11620,47.62,[],신림동,B,False,47.62,2026-01-06,200000000,208587959.38727516,0.16116136933519704,0.14942068473275608
B,B1 공시비율,"공시가격 4.17억 × 실거래/공시 비율 1.78(같은 건물 2건+법정동, 기준일 시점보정)",741027982.5559548,628972507.5486014,873046857.1212027,0.8,"공시가격 4.17억 × 실거래/공시 비율 1.78(같은 건물 2건+법정동, 기준일 시점보정)",공시비율,같은 건물,2,법정동,417000000.0,0.15990835699622905,0.30314121174254965,-0.0028413844337624727,1168010100107810001,11680,57.41,[],역삼동,B,False,57.41,2026-01-06,830000000,796850567.7607646,0.07005401949035091,-0.07262877999535752
B,B1 공시비율,"공시가격 1.04억 × 실거래/공시 비율 1.72(같은 건물 5건+법정동, 기준일 시점보정)",178563331.37454915,158497195.7463881,201169889.23006645,0.8,"공시가격 1.04억 × 실거래/공시 비율 1.72(같은 건물 5건+법정동, 기준일 시점보정)",공시비율,같은 건물,5,법정동,104000000.0,0.11626720037590875,0.08925023659743617,0.015241627893571752,1150010300100240294,11500,38.86,[],화곡동,B,False,38.86,2026-01-09,150000000,151511154.3948359,0.1785490783682875,0.16428408730273525
B,B1 공시비율,"공시가격 1.62억 × 실거래/공시 비율 2.00(같은 건물 4건+법정동, 기준일 시점보정)",323212698.7295951,274808229.62602025,380143086.55251646,0.8,"공시가격 1.62억 × 실거래/공시 비율 2.00(같은 건물 4건+법정동, 기준일 시점보정)",공시비율,같은 건물,4,법정동,162000000.0,0.15823688056542393,0.05413365947506488,0.1634855273124005,1162010200103060044,11620,68.32,[],신림동,B,False,68.32,2026-01-09,250000000,260734949.23409396,0.23962169121948884,0.2148062453419986
B,B1 공시비율,"공시가격 2.09억 × 실거래/공시 비율 1.99(법정동 1019건, 기준일 시점보정)",416722937.50125605,330717537.37037814,525094641.24725914,0.65,"공시가격 2.09억 × 실거래/공시 비율 1.99(법정동 1019건, 기준일 시점보정)",공시비율,법정동,1019,법정동,209000000.0,0.1803658964378039,,,1168010300112090006,11680,46.46,[],개포동,B,False,46.46,2026-01-10,600000000,576036555.0077816,0.27656858947844626,-0.3237495397245205
B,B1 공시비율,"공시가격 4.42억 × 실거래/공시 비율 1.72(같은 건물 2건+법정동, 기준일 시점보정)",761647701.2163084,613569907.5809785,945462307.7184157,0.8,"공시가격 4.42억 × 실거래/공시 비율 1.72(같은 건물 2건+법정동, 기준일 시점보정)",공시비율,같은 건물,2,법정동,442000000.0,0.2108593827723311,0.053415131526483986,-0.04741838613967675,1168010600109170022,11680,63.71,[],대치동,B,False,63.71,2026-01-12,880000000,844853614.011413,0.09848559728594664,-0.10367926007808521
B,B1 공시비율,"공시가격 0.90억 × 실거래/공시 비율 1.68(같은 건물 6건+법정동, 기준일 시점보정)",152028120.44999516,134943891.22577038,171275255.20135888,0.8,"공시가격 0.90억 × 실거래/공시 비율 1.68(같은 건물 6건+법정동, 기준일 시점보정)",공시비율,같은 건물,6,법정동,90400000.0,0.11626720037590875,0.03270496884081737,-0.013125760539349662,1150010300104100020,11500,45.81,[],화곡동,B,False,45.81,2026-01-13,140000000,141410410.7685135,0.0750843564047252,0.07239912957509544
B,B1 공시비율,"공시가격 1.31억 × 실거래/공시 비율 1.70(법정동 12904건, 기준일 시점보정)",222485711.79738805,191685275.86804146,258235233.40450394,0.65,"공시가격 1.31억 × 실거래/공시 비율 1.70(법정동 12904건, 기준일 시점보정)",공시비율,법정동,12904,법정동,131000000.0,0.11626720037590875,,,1150010300104100039,11500,57.54,[],화곡동,B,False,57.54,2026-01-13,240000000,242417847.03173742,0.0822222269457737,-0.08579999495005954
B,B1 공시비율,"공시가격 1.00억 × 실거래/공시 비율 1.71(같은 건물 1건+법정동, 기준일 시점보정)",171488511.20643276,152217411.7144451,193199379.39141837,0.8,"공시가격 1.00억 × 실거래/공시 비율 1.71(같은 건물 1건+법정동, 기준일 시점보정)",공시비율,같은 건물,1,법정동,100000000.0,0.11626720037590875,0.0,0.029041585865401065,1150010300104780013,11500,29.97,[],화곡동,B,False,29.97,2026-01-13,179000000,180803310.91117084,0.05151896642708311,-0.052893486040082566
B,B1 공시비율,"공시가격 1.33억 × 실거래/공시 비율 1.89(같은 건물 2건+법정동, 기준일 시점보정)",251880339.67903557,218704870.87261865,290088214.6048689,0.8,"공시가격 1.33억 × 실거래/공시 비율 1.89(같은 건물 2건+법정동, 기준일 시점보정)",공시비율,같은 건물,2,법정동,133000000.0,0.1377486470259829,0.09596747714171543,0.08263587526458949,1162010100108980009,11620,41.16,[],봉천동,B,False,41.16,2026-01-13,225000000,234661454.31068456,0.07337756181104092,0.07081027669548552
B,B1 공시비율,"공시가격 0.60억 × 실거래/공시 비율 1.80(같은 건물 2건+법정동, 기준일 시점보정)",107790841.14961317,91648039.64279523,126777020.88365987,0.8,"공시가격 0.60억 × 실거래/공시 비율 1.80(같은 건물 2건+법정동, 기준일 시점보정)",공시비율,같은 건물,2,법정동,59800000.0,0.15823688056542393,0.20193636560126582,0.01492620535531719,1162010200106460142,11620,27.36,[],신림동,B,False,27.36,2026-01-14,130000000,135582173.60172886,0.20497777630968225,-0.2293852103910764
B,B1 공시비율,"공시가격 1.40억 × 실거래/공시 비율 1.70(법정동 12904건, 기준일 시점보정)",237770989.70713225,204854493.2940901,275976585.31779045,0.65,"공시가격 1.40억 × 실거래/공시 비율 1.70(법정동 12904건, 기준일 시점보정)",공시비율,법정동,12904,법정동,140000000.0,0.11626720037590875,,,1150010300101050427,11500,63.96,[],화곡동,B,False,63.96,2026-01-15,240000000,242417847.03173742,0.019168792155788757,-0.019354895541906756
B,B1 공시비율,"공시가격 3.26억 × 실거래/공시 비율 2.13(같은 건물 10건+법정동, 기준일 시점보정)",695444984.9695611,590282400.064933,819342956.9746797,0.8,"공시가격 3.26억 × 실거래/공시 비율 2.13(같은 건물 10건+법정동, 기준일 시점보정)",공시비율,같은 건물,10,법정동,326000000.0,0.15990835699622905,0.1346537735356486,0.21753800066863027,1168010100107780023,11680,40.59,[],역삼동,B,False,40.59,2026-01-16,690000000,662442038.2589488,0.049820127353861314,0.04861884221262667
B,B1 공시비율,"공시가격 15.94억 × 실거래/공시 비율 1.68(같은 건물 1건+법정동, 기준일 시점보정)",2680486067.7628183,2275153007.953468,3158031804.609744,0.8,"공시가격 15.94억 × 실거래/공시 비율 1.68(같은 건물 1건+법정동, 기준일 시점보정)",공시비율,같은 건물,1,법정동,1594000000.0,0.15990835699622905,0.0,-0.1698638758706873,1168010100107930032,11680,243.21,[],역삼동,B,False,243.21,2026-01-16,2950000000,2832179728.7882595,0.05356074668691414,-0.055048490727232724
B,B1 공시비율,"공시가격 2.99억 × 실거래/공시 비율 2.07(같은 건물 1건+법정동, 기준일 시점보정)",618332389.7129637,513936961.01897657,743933542.7638705,0.8,"공시가격 2.99억 × 실거래/공시 비율 2.07(같은 건물 1건+법정동, 기준일 시점보정)",공시비율,같은 건물,1,법정동,299000000.0,0.1803658964378039,0.0,0.10948576908866914,1168010300112020006,11680,54.55,[],개포동,B,False,54.55,2026-01-16,700000000,672042647.5090785,0.07992090679838773,-0.08329564176301692
B,B1 공시비율,"공시가격 1.78억 × 실거래/공시 비율 1.71(같은 건물 3건+법정동, 기준일 시점보정)",303941608.0094784,269786031.48427004,342421364.70573235,0.8,"공시가격 1.78억 × 실거래/공시 비율 1.71(같은 건물 3건+법정동, 기준일 시점보정)",공시비율,같은 건물,3,법정동,178000000.0,0.11626720037590875,0.011599866177914298,0.008977490077027972,1150010300103660087,11500,42.84,[],화곡동,B,False,42.84,2026-01-19,270000000,272720077.9107046,0.11448196384351463,0.10838969053070605
B,B1 공시비율,"공시가격 1.45억 × 실거래/공시 비율 1.79(같은 건물 1건+법정동, 기준일 시점보정)",259387316.61693385,225223094.66070348,298733929.23178184,0.8,"공시가격 1.45억 × 실거래/공시 비율 1.79(같은 건물 1건+법정동, 기준일 시점보정)",공시비율,같은 건물,1,법정동,145000000.0,0.1377486470259829,0.0,-0.04709529945429425,1162010100101800322,11620,52.02,[],봉천동,B,False,52.02,2026-01-20,220000000,229446755.3260027,0.1304902361700038,0.12265137596263646
B,B1 공시비율,"공시가격 1.91억 × 실거래/공시 비율 1.57(같은 건물 6건+법정동, 기준일 시점보정)",300753205.4773808,255712279.48792806,353727598.7921019,0.8,"공시가격 1.91억 × 실거래/공시 비율 1.57(같은 건물 6건+법정동, 기준일 시점보정)",공시비율,같은 건물,6,법정동,191000000.0,0.15823688056542393,0.05826955072311734,-0.17027645959278126,1162010200104090269,11620,29.66,[],신림동,B,False,29.66,2026-01-20,210000000,219017357.35663894,0.37319347245910994,0.3171390290648397
B,B1 공시비율,"공시가격 1.60억 × 실거래/공시 비율 1.83(같은 건물 3건+법정동, 기준일 시점보정)",292688011.006145,248854931.91791767,344241808.376092,0.8,"공시가격 1.60억 × 실거래/공시 비율 1.83(같은 건물 3건+법정동, 기준일 시점보정)",공시비율,같은 건물,3,법정동,160000000.0,0.15823688056542393,0.08888900905188875,0.037015813156566546,1162010200107120016,11620,56.24,[],신림동,B,False,56.24,2026-01-20,310000000,323311337.0502765,0.09471776128706999,-0.09950851792115953
B,B1 공시비율,"공시가격 3.53억 × 실거래/공시 비율 1.78(법정동 1027건, 기준일 시점보정)",628188898.5874633,511783848.4179306,771070235.0775955,0.65,"공시가격 3.53억 × 실거래/공시 비율 1.78(법정동 1027건, 기준일 시점보정)",공시비율,법정동,1027,법정동,353000000.0,0.15990835699622905,,,1168010100107510008,11680,28.799,[],역삼동,B,False,28.799,2026-01-20,520000000,499231681.0067441,0.25831136621911843,0.2297706365711878
B,B1 공시비율,"공시가격 1.36억 × 실거래/공시 비율 1.64(같은 건물 1건+법정동, 기준일 시점보정)",222610480.1085076,197594526.09531966,250793515.55637076,0.8,"공시가격 1.36억 × 실거래/공시 비율 1.64(같은 건물 1건+법정동, 기준일 시점보정)",공시비율,같은 건물,1,법정동,136000000.0,0.11626720037590875,0.0,-0.11069078176066044,1150010300110810029,11500,52.38,[],화곡동,B,False,52.38,2026-01-21,186750000,188631387.22157067,0.18013488310417994,0.1656287396603511
B,B1 공시비율,"공시가격 2.30억 × 실거래/공시 비율 2.50(같은 건물 8건+법정동, 기준일 시점보정)",573859155.3646711,487082324.0500032,676095834.1860232,0.8,"공시가격 2.30억 × 실거래/공시 비율 2.50(같은 건물 8건+법정동, 기준일 시점보정)",공시비율,같은 건물,8,법정동,230000000.0,0.15990835699622905,0.028747637389871693,0.4224147814044448,1168010100107430012,11680,17.0,[],역삼동,B,False,17.0,2026-01-21,790000000,758448130.7602458,0.2433771907520534,-0.2788904202009483
B,B1 공시비율,"공시가격 2.30억 × 실거래/공시 비율 1.82(법정동 3592건, 기준일 시점보정)",417951908.8315247,350313234.24479073,498650296.4197184,0.65,"공시가격 2.30억 × 실거래/공시 비율 1.82(법정동 3592건, 기준일 시점보정)",공시비율,법정동,3592,법정동,230000000.0,0.1377486470259829,,,1162010100117140000,11620,65.9,[],봉천동,B,False,65.9,2026-01-22,460000000,479752306.5907329,0.12881730199148125,-0.13790356751408867
B,B1 공시비율,"공시가격 2.29억 × 실거래/공시 비율 1.79(법정동 5579건, 기준일 시점보정)",409708500.8413406,334504237.3317324,501820416.38889235,0.65,"공시가격 2.29억 × 실거래/공시 비율 1.79(법정동 5579건, 기준일 시점보정)",공시비율,법정동,5579,법정동,229000000.0,0.15823688056542393,,,1162010200114590015,11620,72.96,[],신림동,B,False,72.96,2026-01-22,438000000,456807631.0581326,0.10310495494064596,-0.10881643039194357
B,B1 공시비율,"공시가격 2.21억 × 실거래/공시 비율 1.85(같은 건물 1건+법정동, 기준일 시점보정)",408879620.7544893,355025583.86854035,470902807.7543835,0.8,"공시가격 2.21억 × 실거래/공시 비율 1.85(같은 건물 1건+법정동, 기준일 시점보정)",공시비율,같은 건물,1,법정동,221000000.0,0.1377486470259829,0.0,0.05391305723589168,1162010100101800180,11620,72.39,[],봉천동,B,False,72.39,2026-01-22,380000000,396317122.8358228,0.03169809527475447,0.031206080921805143
B,B1 공시비율,"공시가격 1.66억 × 실거래/공시 비율 1.74(같은 건물 8건+법정동, 기준일 시점보정)",288419857.4663844,256008544.72247216,324934522.28755826,0.8,"공시가격 1.66억 × 실거래/공시 비율 1.74(같은 건물 8건+법정동, 기준일 시점보정)",공시비율,같은 건물,8,법정동,166000000.0,0.11626720037590875,0.016693626143741393,0.02845488610918845,1150010300107910001,11500,25.59,[],화곡동,B,False,25.59,2026-01-22,290000000,292921565.1633494,0.015368304120779145,-0.015487620545848364
B,B1 공시비율,"공시가격 2.68억 × 실거래/공시 비율 1.86(같은 건물 9건+법정동, 기준일 시점보정)",498372360.2722733,423010359.27438444,587160583.7488458,0.8,"공시가격 2.68억 × 실거래/공시 비율 1.86(같은 건물 9건+법정동, 기준일 시점보정)",공시비율,같은 건물,9,법정동,268000000.0,0.15990835699622905,0.06604539793235956,0.053762708110764335,1168010100107780038,11680,28.69,[],역삼동,B,False,28.69,2026-01-23,580000000,556835336.5075222,0.1049914982083023,-0.11092206154379813
B,B1 공시비율,"공시가격 0.99억 × 실거래/공시 비율 1.67(같은 건물 1건+법정동, 기준일 시점보정)",165870990.98081005,147231162.88073456,186870667.2597783,0.8,"공시가격 0.99억 × 실거래/공시 비율 1.67(같은 건물 1건+법정동, 기준일 시점보정)",공시비율,같은 건물,1,법정동,99100000.0,0.11626720037590875,0.0,-0.04375403278606843,1150010300100560663,11500,45.75,[],화곡동,B,False,45.75,2026-01-24,170000000,171712641.64748067,0.03401992194997093,-0.034612068118894744
B,B1 공시비율,"공시가격 2.02억 × 실거래/공시 비율 1.85(같은 건물 1건+법정동, 기준일 시점보정)",374578267.73145324,325242104.1685421,431398262.5816105,0.8,"공시가격 2.02억 × 실거래/공시 비율 1.85(같은 건물 1건+법정동, 기준일 시점보정)",공시비율,같은 건물,1,법정동,202000000.0,0.1377486470259829,0.0,0.06073802996120026,1162010100100410387,11620,47.71,[],봉천동,B,False,47.71,2026-01-24,440000000,458893510.6520054,0.18373596698012856,-0.20301740647817984
B,B1 공시비율,"공시가격 3.30억 × 실거래/공시 비율 1.69(같은 건물 1건+법정동, 기준일 시점보정)",557352653.9452215,496620539.4408215,625511746.2712165,0.8,"공시가격 3.30억 × 실거래/공시 비율 1.69(같은 건물 1건+법정동, 기준일 시점보정)",공시비율,같은 건물,1,법정동,330000000.0,0.1125272493329099,0.0,-0.09119843607598915,1162010300106020195,11620,94.92,[],남현동,B,False,94.92,2026-01-24,650000000,677910868.0086443,0.17783785413790637,-0.19581764563893378
B,B1 공시비율,"공시가격 5.16억 × 실거래/공시 비율 2.41(같은 건물 1건+법정동, 기준일 시점보정)",1245389344.4876647,999641754.886743,1551550454.7317944,0.8,"공시가격 5.16억 × 실거래/공시 비율 2.41(같은 건물 1건+법정동, 기준일 시점보정)",공시비율,같은 건물,1,법정동,516000000.0,0.214386818061813,0.0,0.6688327318150729,1168010500100270015,11680,79.35,[],삼성동,B,False,79.35,2026-01-24,1650000000,1584100526.2713995,0.21381924705307773,-0.24056854740963565
B,B1 공시비율,"공시가격 2.28억 × 실거래/공시 비율 1.76(같은 건물 16건+법정동, 기준일 시점보정)",400708281.3937097,347930501.64801884,461491953.18304384,0.8,"공시가격 2.28억 × 실거래/공시 비율 1.76(같은 건물 16건+법정동, 기준일 시점보정)",공시비율,같은 건물,16,법정동,228000000.0,0.1377486470259829,0.0306079914935034,-0.037573886868614514,1162010100106350562,11620,57.02,[],봉천동,B,False,57.02,2026-01-25,380000000,396317122.8358228,0.011079911275259148,0.01101897872998557
B,B1 공시비율,"공시가격 0.98억 × 실거래/공시 비율 1.84(같은 건물 8건+법정동, 기준일 시점보정)",180870470.56727204,160545069.12233973,203769117.93097407,0.8,"공시가격 0.98억 × 실거래/공시 비율 1.84(같은 건물 8건+법정동, 기준일 시점보정)",공시비율,같은 건물,8,법정동,98500000.0,0.11626720037590875,0.16690465593894466,0.09757379371697739,1150010300110450037,11500,44.91,[],화곡동,B,False,44.91,2026-01-26,300000000,303022308.7896718,0.4031117006213081,-0.5160252863137973
B,B1 공시비율,"공시가격 2.07억 × 실거래/공시 비율 2.06(같은 건물 4건+법정동, 기준일 시점보정)",426397288.0403816,354406998.64345545,513010882.8101992,0.8,"공시가격 2.07억 × 실거래/공시 비율 2.06(같은 건물 4건+법정동, 기준일 시점보정)",공시비율,같은 건물,4,법정동,207000000.0,0.1803658964378039,0.11263129014856832,0.04884808333139612,1168010300111780002,11680,52.62,[],개포동,B,False,52.62,2026-01-26,570000000,547234727.2573925,0.22081463985777877,-0.24950631514881888
B,B1 공시비율,"공시가격 1.38억 × 실거래/공시 비율 1.52(같은 건물 1건+법정동, 기준일 시점보정)",209421875.73267785,185887997.1384148,235935201.36072174,0.8,"공시가격 1.38억 × 실거래/공시 비율 1.52(같은 건물 1건+법정동, 기준일 시점보정)",공시비율,같은 건물,1,법정동,138000000.0,0.11626720037590875,0.0,-0.3377054497260506,1150010300104100180,11500,43.15,[],화곡동,B,False,43.15,2026-01-27,172000000,173732790.37274516,0.20542515482173204,0.18683233029251162
B,B1 공시비율,"공시가격 2.48억 × 실거래/공시 비율 1.81(같은 건물 6건+법정동, 기준일 시점보정)",447968227.43704605,380228150.55017906,527776632.2738528,0.8,"공시가격 2.48억 × 실거래/공시 비율 1.81(같은 건물 6건+법정동, 기준일 시점보정)",공시비율,같은 건물,6,법정동,248000000.0,0.15990835699622905,0.04866231710327198,0.019894272801312396,1168010100107450039,11680,26.8,[],역삼동,B,False,26.8,2026-01-28,700000000,672042647.5090785,0.3334229172844354,-0.4055994930640712
B,B1 공시비율,"공시가격 1.31억 × 실거래/공시 비율 1.65(같은 건물 5건+법정동, 기준일 시점보정)",215567481.68275258,191342987.82295796,242858856.1710978,0.8,"공시가격 1.31억 × 실거래/공시 비율 1.65(같은 건물 5건+법정동, 기준일 시점보정)",공시비율,같은 건물,5,법정동,131000000.0,0.11626720037590875,0.04839044050158024,-0.04422443524590236,1150010300110500008,11500,27.19,[],화곡동,B,False,27.19,2026-01-29,210000000,212115616.15277025,0.016273509666993213,0.016142515355961177
B,B1 공시비율,"공시가격 1.89억 × 실거래/공시 비율 1.98(같은 건물 2건+법정동, 기준일 시점보정)",373906395.1988974,317910016.88464135,439765924.14628094,0.8,"공시가격 1.89억 × 실거래/공시 비율 1.98(같은 건물 2건+법정동, 기준일 시점보정)",공시비율,같은 건물,2,법정동,189000000.0,0.15823688056542393,0.021827337371007234,0.20106908217573616,1162010200115760017,11620,51.19,[],신림동,B,False,51.19,2026-01-29,375000000,391102423.8511409,0.043968095321210654,-0.04496399339263712
B,B1 공시비율,"공시가격 1.43억 × 실거래/공시 비율 1.60(같은 건물 3건+법정동, 기준일 시점보정)",228588281.7071821,202900569.5188197,257528121.57087338,0.8,"공시가격 1.43억 × 실거래/공시 비율 1.60(같은 건물 3건+법정동, 기준일 시점보정)",공시비율,같은 건물,3,법정동,143000000.0,0.11626720037590875,0.41216208450929787,-0.10097950173124048,1150010300103460012,11500,34.51,[],화곡동,B,False,34.51,2026-01-30,240000000,242417847.03173742,0.057048461958928036,-0.05874038893004885
B,B1 공시비율,"공시가격 1.93억 × 실거래/공시 비율 1.69(같은 건물 6건+법정동, 기준일 시점보정)",326094512.6548206,289449493.38820904,367378881.67924756,0.8,"공시가격 1.93억 × 실거래/공시 비율 1.69(같은 건물 6건+법정동, 기준일 시점보정)",공시비율,같은 건물,6,법정동,193000000.0,0.11626720037590875,0.03525199583525794,-0.00689132418515459,1150010300111710000,11500,29.17,[],화곡동,B,False,29.17,2026-01-30,294000000,296961862.61387837,0.09810232797071886,0.09358353361811671
B,B1 공시비율,"공시가격 1.67억 × 실거래/공시 비율 1.82(같은 건물 5건+법정동, 기준일 시점보정)",303576534.9911148,258112785.99144644,357048226.97262883,0.8,"공시가격 1.67억 × 실거래/공시 비율 1.82(같은 건물 5건+법정동, 기준일 시점보정)",공시비율,같은 건물,5,법정동,167000000.0,0.15823688056542393,0.0187398787881608,0.022282415634258035,1162010200104120158,11620,29.9,[],신림동,B,False,29.9,2026-01-31,300000000,312881939.08091277,0.02974094355568268,-0.03019217464185567
B,B1 공시비율,"공시가격 1.66억 × 실거래/공시 비율 1.52(같은 건물 3건+법정동, 기준일 시점보정)",251832566.76088393,223532767.4610369,283715190.4023623,0.8,"공시가격 1.66억 × 실거래/공시 비율 1.52(같은 건물 3건+법정동, 기준일 시점보정)",공시비율,같은 건물,3,법정동,166000000.0,0.11626720037590875,0.048432161617765424,-0.18814816497679238,1150010300110400021,11500,54.34,[],화곡동,B,False,54.34,2026-01-31,268000000,270699929.1854401,0.06969843871525844,-0.07224648594960895
B,B1 공시비율,"공시가격 1.17억 × 실거래/공시 비율 1.66(같은 건물 1건+법정동, 기준일 시점보정)",194208887.0145944,172384574.95102307,218796210.77560714,0.8,"공시가격 1.17억 × 실거래/공시 비율 1.66(같은 건물 1건+법정동, 기준일 시점보정)",공시비율,같은 건물,1,법정동,117000000.0,0.11626720037590875,0.0,-0.06871553254117646,1150010300111140015,11500,48.75,[],화곡동,B,False,48.75,2026-02-04,233000000,234705289.41586718,0.17254149875386246,-0.18939632253994534
B,B1 공시비율,"공시가격 2.10억 × 실거래/공시 비율 1.99(법정동 1019건, 기준일 시점보정)",418716827.1543724,332299917.93195915,527607055.7986818,0.65,"공시가격 2.10억 × 실거래/공시 비율 1.99(법정동 1019건, 기준일 시점보정)",공시비율,법정동,1019,법정동,210000000.0,0.1803658964378039,,,1168010300112350005,11680,36.36,[],개포동,B,False,36.36,2026-02-04,495000000,472894249.9231983,0.11456561964461341,-0.1216769291292015
B,B1 공시비율,"공시가격 5.24억 × 실거래/공시 비율 1.93(법정동 235건, 기준일 시점보정)",1011959836.0956428,768842406.4271106,1331953988.6329172,0.65,"공시가격 5.24억 × 실거래/공시 비율 1.93(법정동 235건, 기준일 시점보정)",공시비율,법정동,235,법정동,524000000.0,0.214386818061813,,,1168010500100900016,11680,56.37,[],삼성동,B,False,56.37,2026-02-05,1000000000,955341919.0367643,0.05926455851111849,0.05757485459918064
B,B1 공시비율,"공시가격 3.82억 × 실거래/공시 비율 1.71(같은 건물 2건+법정동, 기준일 시점보정)",654911061.9808669,555877865.0363846,771587656.3583496,0.8,"공시가격 3.82억 × 실거래/공시 비율 1.71(같은 건물 2건+법정동, 기준일 시점보정)",공시비율,같은 건물,2,법정동,382000000.0,0.15990835699622905,0.03845662619759789,-0.07458804732116242,1168010100107960014,11680,42.8697,[],역삼동,B,False,42.8697,2026-02-05,575000000,549321603.4461395,0.19221792456789916,0.17581537455721521
B,B1 공시비율,"공시가격 1.52억 × 실거래/공시 비율 1.77(같은 건물 1건+법정동, 기준일 시점보정)",268312735.19819182,228130107.62184736,315573093.8805754,0.8,"공시가격 1.52억 × 실거래/공시 비율 1.77(같은 건물 1건+법정동, 기준일 시점보정)",공시비율,같은 건물,1,법정동,152000000.0,0.15823688056542393,0.0,-0.04035368401101913,1162010200114900001,11620,27.94,[],신림동,B,False,27.94,2026-02-05,260000000,268357260.62626255,0.00016591847735669788,-0.0001659322433499705
B,B1 공시비율,"공시가격 1.32억 × 실거래/공시 비율 1.98(같은 건물 2건+법정동, 기준일 시점보정)",260877382.0894196,231561167.55069372,293905101.64416873,0.8,"공시가격 1.32억 × 실거래/공시 비율 1.98(같은 건물 2건+법정동, 기준일 시점보정)",공시비율,같은 건물,2,법정동,132000000.0,0.11626720037590875,0.12721722699610816,0.30316602843927,1150010300101050237,11500,61.79,[],화곡동,B,False,61.79,2026-02-05,270000000,271976086.4475714,0.04080764784550748,-0.04166364845064696
B,B1 공시비율,"공시가격 0.86억 × 실거래/공시 비율 2.26(같은 건물 6건+법정동, 기준일 시점보정)",194334089.80273616,165230535.1385748,228563917.84838513,0.8,"공시가격 0.86억 × 실거래/공시 비율 2.26(같은 건물 6건+법정동, 기준일 시점보정)",공시비율,같은 건물,6,법정동,85800000.0,0.15823688056542393,0.2494181001171285,0.3144478054593056,1162010200100940288,11620,34.56,[],신림동,B,False,34.56,2026-02-05,195000000,201267945.4696969,0.03445086921704934,-0.03505829204577955
B,B1 공시비율,"공시가격 1.07억 × 실거래/공시 비율 1.79(법정동 5579건, 기준일 시점보정)",191435849.73809353,156296739.71395347,234475041.71882725,0.65,"공시가격 1.07억 × 실거래/공시 비율 1.79(법정동 5579건, 기준일 시점보정)",공시비율,법정동,5579,법정동,107000000.0,0.15823688056542393,,,1162010200104090273,11620,32.34,[],신림동,B,False,32.34,2026-02-06,180000000,185785795.81818175,0.03041165711850849,0.029958389501268612
B,B1 공시비율,"공시가격 1.85억 × 실거래/공시 비율 1.95(같은 건물 2건+법정동, 기준일 시점보정)",361148128.97487164,307062433.952712,424760428.6304087,0.8,"공시가격 1.85억 × 실거래/공시 비율 1.95(같은 건물 2건+법정동, 기준일 시점보정)",공시비율,같은 건물,2,법정동,185000000.0,0.15823688056542393,0.24943561329785363,0.1744168978756664,1162010200100940176,11620,68.13,[],신림동,B,False,68.13,2026-02-07,330000000,340607292.33333325,0.06030650870926221,0.05855802548520473
B,B1 공시비율,"공시가격 1.32억 × 실거래/공시 비율 1.78(같은 건물 1건+법정동, 기준일 시점보정)",234846656.738196,199675923.0855798,276212331.10548764,0.8,"공시가격 1.32억 × 실거래/공시 비율 1.78(같은 건물 1건+법정동, 기준일 시점보정)",공시비율,같은 건물,1,법정동,132000000.0,0.15823688056542393,0.0,-0.016779227016464615,1162010200103060034,11620,42.87,[],신림동,B,False,42.87,2026-02-07,280000000,289000126.8282827,0.18738216721359255,-0.20749435032546248
B,B1 공시비율,"공시가격 1.52억 × 실거래/공시 비율 1.62(같은 건물 9건+법정동, 기준일 시점보정)",246571895.82644403,218863266.81700882,277788505.5616921,0.8,"공시가격 1.52억 × 실거래/공시 비율 1.62(같은 건물 9건+법정동, 기준일 시점보정)",공시비율,같은 건물,9,법정동,152000000.0,0.11626720037590875,0.050150899883178286,-0.056090788054242224,1150010300110780022,11500,29.9,[],화곡동,B,False,29.9,2026-02-08,253000000,254851666.18976137,0.03248858634948952,-0.03302805709299365
B,B1 공시비율,"공시가격 5.61억 × 실거래/공시 비율 1.76(같은 건물 2건+법정동, 기준일 시점보정)",986335885.921397,835805119.9492292,1163977650.574147,0.8,"공시가격 5.61억 × 실거래/공시 비율 1.76(같은 건물 2건+법정동, 기준일 시점보정)",공시비율,같은 건물,2,법정동,561000000.0,0.16151829342600776,0.1514662098635481,0.005905828283092385,1168010700106260065,11680,71.4,[],신사동,B,False,71.4,2026-02-09,880000000,840700888.7523525,0.17323045463312767,0.1597610163873152
B,B1 공시비율,"공시가격 1.24억 × 실거래/공시 비율 1.68(같은 건물 2건+법정동, 기준일 시점보정)",207785610.42387745,184435607.88836226,234091780.83093825,0.8,"공시가격 1.24억 × 실거래/공시 비율 1.68(같은 건물 2건+법정동, 기준일 시점보정)",공시비율,같은 건물,2,법정동,124000000.0,0.11626720037590875,0.0384054984643764,-0.026880592556279725,1150010300111280015,11500,27.9,[],화곡동,B,False,27.9,2026-02-09,215000000,216573550.31936243,0.04057716135015639,-0.04142338505904606
B,B1 공시비율,"공시가격 1.76억 × 실거래/공시 비율 1.68(같은 건물 6건+법정동, 기준일 시점보정)",296094127.30307037,251750946.8119411,348247874.8684031,0.8,"공시가격 1.76억 × 실거래/공시 비율 1.68(같은 건물 6건+법정동, 기준일 시점보정)",공시비율,같은 건물,6,법정동,176500000.0,0.15823688056542393,0.022781112290422102,-0.0858232062388915,1162010200104700007,11620,29.97,[],신림동,B,False,29.97,2026-02-09,270000000,278678693.7272726,0.06249287788337796,0.06061791862538308
B,B1 공시비율,"공시가격 0.91억 × 실거래/공시 비율 1.55(같은 건물 2건+법정동, 기준일 시점보정)",141700918.78658614,125777213.54924117,159640604.35399762,0.8,"공시가격 0.91억 × 실거래/공시 비율 1.55(같은 건물 2건+법정동, 기준일 시점보정)",공시비율,같은 건물,2,법정동,91300000.0,0.11626720037590875,0.21028568975793885,-0.18019543320160025,1150010300104560020,11500,67.52,[],화곡동,B,False,67.52,2026-02-10,120000000,120878260.64336507,0.17226139780961522,0.1589347019597958
B,B1 공시비율,"공시가격 2.99억 × 실거래/공시 비율 1.65(같은 건물 4건+법정동, 기준일 시점보정)",494469380.74530476,419697573.68763655,582562263.4564391,0.8,"공시가격 2.99억 × 실거래/공시 비율 1.65(같은 건물 4건+법정동, 기준일 시점보정)",공시비율,같은 건물,4,법정동,299000000.0,0.15990835699622905,0.47719449139559983,-0.10999680315727361,1168010100107450022,11680,26.83,[],역삼동,B,False,26.83,2026-02-10,835000000,797710502.3956982,0.38013931211848706,-0.47826052315644685
B,B1 공시비율,"공시가격 2.48억 × 실거래/공시 비율 1.76(같은 건물 2건+법정동, 기준일 시점보정)",435689286.6560034,369805985.1867948,513310119.65891635,0.8,"공시가격 2.48억 × 실거래/공시 비율 1.76(같은 건물 2건+법정동, 기준일 시점보정)",공시비율,같은 건물,2,법정동,248000000.0,0.15990835699622905,0.05192632210301582,-0.025744520774524382,1168010100106990017,11680,55.53,[],역삼동,B,False,55.53,2026-02-11,320000000,305709414.09176457,0.42517458270101843,0.3542943203925184
B,B1 공시비율,"공시가격 7.32억 × 실거래/공시 비율 1.88(같은 건물 36건+법정동, 기준일 시점보정)",1376371432.188661,1194662280.5748615,1585718700.7138934,0.8,"공시가격 7.32억 × 실거래/공시 비율 1.88(같은 건물 36건+법정동, 기준일 시점보정)",공시비율,같은 건물,36,법정동,732000000.0,0.13809603642373824,0.13809603642373824,0.0,1168011200106460000,11680,59.6,[],자곡동,B,False,59.6,2026-02-11,1440000000,1375692363.4129405,0.0004936196447553883,0.0004934978546555257
B,B1 공시비율,"공시가격 1.20억 × 실거래/공시 비율 1.69(같은 건물 2건+법정동, 기준일 시점보정)",203012024.9150768,180198456.22359255,228713847.6313085,0.8,"공시가격 1.20억 × 실거래/공시 비율 1.69(같은 건물 2건+법정동, 기준일 시점보정)",공시비율,같은 건물,2,법정동,120000000.0,0.11626720037590875,0.011562422956743042,-0.007784178323985813,1150010300100980009,11500,47.86,[],화곡동,B,False,47.86,2026-02-12,200000000,201463767.7389418,0.00768504031028173,0.007655660813735907
B,B1 공시비율,"공시가격 1.04억 × 실거래/공시 비율 1.72(같은 건물 2건+법정동, 기준일 시점보정)",178522101.00785837,158460598.66091833,201123438.99733245,0.8,"공시가격 1.04억 × 실거래/공시 비율 1.72(같은 건물 2건+법정동, 기준일 시점보정)",공시비율,같은 건물,2,법정동,104000000.0,0.11626720037590875,0.05772193699257644,0.021311899763434616,1150010300103520007,11500,70.59,[],화곡동,B,False,70.59,2026-02-12,157000000,158149057.6750693,0.128821781376954,0.12117441741650384
B,B1 공시비율,"공시가격 1.75억 × 실거래/공시 비율 1.89(같은 건물 1건+법정동, 기준일 시점보정)",330270939.4626885,293156592.3328328,372084054.41459453,0.8,"공시가격 1.75억 × 실거래/공시 비율 1.89(같은 건물 1건+법정동, 기준일 시점보정)",공시비율,같은 건물,1,법정동,175000000.0,0.11626720037590875,0.0,0.316385437949821,1150010300109910021,11500,81.86,[],화곡동,B,False,81.86,2026-02-12,385000000,387817752.89746296,0.1483862278217819,-0.16062217397260994
B,B1 공시비율,"공시가격 0.94억 × 실거래/공시 비율 1.70(같은 건물 2건+법정동, 기준일 시점보정)",160475668.4818915,142442142.20306665,180792283.63469195,0.8,"공시가격 0.94억 × 실거래/공시 비율 1.70(같은 건물 2건+법정동, 기준일 시점보정)",공시비율,같은 건물,2,법정동,94500000.0,0.11626720037590875,0.13793200582167728,-0.0002461227353625084,1150010300108310003,11500,41.71,[],화곡동,B,False,41.71,2026-02-13,148000000,149083188.12681693,0.07641693539169302,0.07363787310962251
B,B1 공시비율,"공시가격 2.19억 × 실거래/공시 비율 1.74(법정동 519건, 기준일 시점보정)",381296285.29046303,330088830.5916732,440447672.5725772,0.65,"공시가격 2.19억 × 실거래/공시 비율 1.74(법정동 519건, 기준일 시점보정)",공시비율,법정동,519,법정동,219000000.0,0.1125272493329099,,,1162010300110720100,11620,24.11,[],남현동,B,False,24.11,2026-02-13,360000000,371571591.6363635,0.026171789967238783,0.025835169347874606
B,B1 공시비율,"공시가격 1.55억 × 실거래/공시 비율 2.34(같은 건물 2건+법정동, 기준일 시점보정)",363187243.7889847,316307941.6678642,417014423.8412605,0.8,"공시가격 1.55억 × 실거래/공시 비율 2.34(같은 건물 2건+법정동, 기준일 시점보정)",공시비율,같은 건물,2,법정동,155000000.0,0.13479467693117134,0.17794401634675208,0.5996481876082949,1168011800109510020,11680,34.29,[],도곡동,B,False,34.29,2026-02-14,580000000,554098313.0413233,0.34454367529918994,-0.42242360698246334
B,B1 공시비율,"공시가격 0.96억 × 실거래/공시 비율 1.54(같은 건물 1건+법정동, 기준일 시점보정)",148345777.96176952,131675353.65050912,167126719.07828617,0.8,"공시가격 0.96억 × 실거래/공시 비율 1.54(같은 건물 1건+법정동, 기준일 시점보정)",공시비율,같은 건물,1,법정동,96300000.0,0.11626720037590875,0.0,-0.2927639764673611,1150010300100560317,11500,39.27,[],화곡동,B,False,39.27,2026-02-14,140000000,141024637.41725925,0.05191391148802401,0.05061127778071132
B,B1 공시비율,"공시가격 1.31억 × 실거래/공시 비율 1.57(같은 건물 1건+법정동, 기준일 시점보정)",205741810.11508268,182621480.5694107,231789230.36571312,0.8,"공시가격 1.31억 × 실거래/공시 비율 1.57(같은 건물 1건+법정동, 기준일 시점보정)",공시비율,같은 건물,1,법정동,131000000.0,0.11626720037590875,0.0,-0.23472254750520177,1150010300103410042,11500,58.5,[],화곡동,B,False,58.5,2026-02-14,249000000,250822390.8349825,0.17973108608775923,-0.1981230486902356
B,B1 공시비율,"공시가격 1.01억 × 실거래/공시 비율 1.89(같은 건물 1건+법정동, 기준일 시점보정)",190445564.9738913,165361745.77560535,219334363.26586747,0.8,"공시가격 1.01억 × 실거래/공시 비율 1.89(같은 건물 1건+법정동, 기준일 시점보정)",공시비율,같은 건물,1,법정동,101000000.0,0.1377486470259829,0.0,0.11087646714815413,1162010100101800361,11620,53.85,[],봉천동,B,False,53.85,2026-02-15,185000000,190946512.36868683,0.0026234959129721553,-0.0026269433091814834
B,B1 공시비율,"공시가격 1.06억 × 실거래/공시 비율 1.70(같은 건물 5건+법정동, 기준일 시점보정)",179779865.11994419,159577020.9584946,202540439.1460087,0.8,"공시가격 1.06억 × 실거래/공시 비율 1.70(같은 건물 5건+법정동, 기준일 시점보정)",공시비율,같은 건물,5,법정동,106000000.0,0.11626720037590875,0.007402932538485494,-0.0019201320878936556,1150010300100460149,11500,49.77,[],화곡동,B,False,49.77,2026-02-20,175000000,176280796.77157408,0.01984940170711971,0.019654971010350193
B,B1 공시비율,"공시가격 1.43억 × 실거래/공시 비율 1.69(같은 건물 4건+법정동, 기준일 시점보정)",241069883.0192229,213979545.20298904,271589924.3723134,0.8,"공시가격 1.43억 × 실거래/공시 비율 1.69(같은 건물 4건+법정동, 기준일 시점보정)",공시비율,같은 건물,4,법정동,143000000.0,0.11626720037590875,0.125540205610663,-0.01113499120623318,1150010300100980140,11500,58.15,[],화곡동,B,False,58.15,2026-02-20,239000000,240749202.44803545,0.0013320109388800735,0.001331124599298195
B,B1 공시비율,"공시가격 2.25억 × 실거래/공시 비율 1.79(법정동 5579건, 기준일 시점보정)",402552020.47729963,328661368.5573789,493054994.2685622,0.65,"공시가격 2.25억 × 실거래/공시 비율 1.79(법정동 5579건, 기준일 시점보정)",공시비율,법정동,5579,법정동,225000000.0,0.15823688056542393,,,1162010200104090222,11620,72.61,[],신림동,B,False,72.61,2026-02-21,540000000,557357387.4545453,0.27774883846833487,-0.32538233142432665
B,B1 공시비율,"공시가격 1.01억 × 실거래/공시 비율 1.86(같은 건물 5건+법정동, 기준일 시점보정)",187635198.53797004,159534872.6347085,220685090.03042752,0.8,"공시가격 1.01억 × 실거래/공시 비율 1.86(같은 건물 5건+법정동, 기준일 시점보정)",공시비율,같은 건물,5,법정동,101000000.0,0.15823688056542393,0.16926084933205252,0.052717277025677745,1162010200100920162,11620,37.59,[],신림동,B,False,37.59,2026-02-21,250000000,258035827.52525246,0.2728327676915049,-0.3185987972159314
B,B1 공시비율,"공시가격 2.46억 × 실거래/공시 비율 1.88(같은 건물 3건+법정동, 기준일 시점보정)",463095242.526855,402100399.5294741,533342428.6619911,0.8,"공시가격 2.46억 × 실거래/공시 비율 1.88(같은 건물 3건+법정동, 기준일 시점보정)",공시비율,같은 건물,3,법정동,246000000.0,0.1377486470259829,0.06203194573878838,0.05885689676662953,1162010100109350008,11620,79.17,[],봉천동,B,False,79.17,2026-02-21,390000000,402535890.9393938,0.15044460121589268,0.14014847741381453
B,B1 공시비율,"공시가격 1.16억 × 실거래/공시 비율 1.70(법정동 12904건, 기준일 시점보정)",197010248.61448088,169736580.15796027,228666313.54902625,0.65,"공시가격 1.16억 × 실거래/공시 비율 1.70(법정동 12904건, 기준일 시점보정)",공시비율,법정동,12904,법정동,116000000.0,0.11626720037590875,,,1150010300110430008,11500,51.92,[],화곡동,B,False,51.92,2026-02-21,250000000,251829709.67367724,0.2176846454305642,-0.24549735301415965
B,B1 공시비율,"공시가격 1.88억 × 실거래/공시 비율 1.73(같은 건물 3건+법정동, 기준일 시점보정)",325220753.2561526,282385528.52762675,374553678.0867705,0.8,"공시가격 1.88억 × 실거래/공시 비율 1.73(같은 건물 3건+법정동, 기준일 시점보정)",공시비율,같은 건물,3,법정동,188000000.0,0.1377486470259829,0.017026590943868596,-0.08204139438685254,1162010100101800502,11620,68.45,[],봉천동,B,False,68.45,2026-02-21,395000000,407696607.48989886,0.20229713153987852,-0.2260190961581156
B,B1 공시비율,"공시가격 2.27억 × 실거래/공시 비율 1.71(같은 건물 2건+법정동, 기준일 시점보정)",388322207.8045696,337175813.0193489,447227028.90186846,0.8,"공시가격 2.27억 × 실거래/공시 비율 1.71(같은 건물 2건+법정동, 기준일 시점보정)",공시비율,같은 건물,2,법정동,227000000.0,0.1377486470259829,0.2444753742942612,-0.12080331266170324,1162010100116440029,11620,74.13,[],봉천동,B,False,74.13,2026-02-23,399000000,411825180.73030293,0.057070266767211136,-0.0587635131941436
B,B1 공시비율,"공시가격 0.80억 × 실거래/공시 비율 1.63(같은 건물 2건+법정동, 기준일 시점보정)",131217435.37219033,111566257.30496565,154329953.89089385,0.8,"공시가격 0.80억 × 실거래/공시 비율 1.63(같은 건물 2건+법정동, 기준일 시점보정)",공시비율,같은 건물,2,법정동,80400000.0,0.15823688056542393,0.4657817398759181,-0.1837646933455006,1162010200107040075,11620,40.89,[],신림동,B,False,40.89,2026-02-24,80000000,82571464.80808078,0.5891377932700651,0.4631916007678596
B,B1 공시비율,"공시가격 2.36억 × 실거래/공시 비율 1.82(법정동 3592건, 기준일 시점보정)",428855002.1053899,359451840.3555239,511658565.0219711,0.65,"공시가격 2.36억 × 실거래/공시 비율 1.82(법정동 3592건, 기준일 시점보정)",공시비율,법정동,3592,법정동,236000000.0,0.1377486470259829,,,1162010100101480055,11620,46.54,[],봉천동,B,False,46.54,2026-02-25,410000000,423178757.141414,0.013413350429778476,0.013324187872422079
B,B1 공시비율,"공시가격 1.00억 × 실거래/공시 비율 1.71(같은 건물 3건+법정동, 기준일 시점보정)",170979174.11603618,151765311.61138338,192625558.97001886,0.8,"공시가격 1.00억 × 실거래/공시 비율 1.71(같은 건물 3건+법정동, 기준일 시점보정)",공시비율,같은 건물,3,법정동,99900000.0,0.11626720037590875,0.025313401343815472,0.012844191556622753,1150010300103540032,11500,36.81,[],화곡동,B,False,36.81,2026-02-25,185000000,186353985.15852115,0.0825032586741113,-0.08610625074812371
B,B1 공시비율,"공시가격 8.96억 × 실거래/공시 비율 1.76(법정동 137건, 기준일 시점보정)",1577907829.9584982,1280372864.5144281,1944584416.6562936,0.65,"공시가격 8.96억 × 실거래/공시 비율 1.76(법정동 137건, 기준일 시점보정)",공시비율,법정동,137,법정동,896000000.0,0.16303719990545099,,,1168010400101210037,11680,90.12,[],청담동,B,False,90.12,2026-02-26,2000000000,1910683838.0735285,0.17416591980521276,-0.19136139707341004
B,B1 공시비율,"공시가격 1.16억 × 실거래/공시 비율 1.58(같은 건물 10건+법정동, 기준일 시점보정)",182727573.5816555,162193479.34030622,205861334.7641642,0.8,"공시가격 1.16억 × 실거래/공시 비율 1.58(같은 건물 10건+법정동, 기준일 시점보정)",공시비율,같은 건물,10,법정동,116000000.0,0.11626720037590875,0.11647695127933717,-0.09031125130609241,1150010300103720012,11500,29.95,[],화곡동,B,False,29.95,2026-02-28,214000000,215566231.4806677,0.15233674436599884,-0.1652718262621758
B,B1 공시비율,"공시가격 0.98억 × 실거래/공시 비율 1.66(같은 건물 5건+법정동, 기준일 시점보정)",162307136.2928861,144067797.98529178,182855619.78456134,0.8,"공시가격 0.98억 × 실거래/공시 비율 1.66(같은 건물 5건+법정동, 기준일 시점보정)",공시비율,같은 건물,5,법정동,98000000.0,0.11626720037590875,0.007729109337905715,-0.03519963307520385,1150010300107720014,11500,53.24,[],화곡동,B,False,53.24,2026-02-28,163000000,164192970.70723757,0.011485475938637952,-0.011551943448185846
B,B1 공시비율,"공시가격 1.00억 × 실거래/공시 비율 1.70(같은 건물 5건+법정동, 기준일 시점보정)",170171845.3380085,151048706.77220538,191716020.37887663,0.8,"공시가격 1.00억 × 실거래/공시 비율 1.70(같은 건물 5건+법정동, 기준일 시점보정)",공시비율,같은 건물,5,법정동,100000000.0,0.11626720037590875,0.10858825637677602,0.0027622500074689915,1150010300109690013,11500,29.78,[],화곡동,B,False,29.78,2026-02-28,230000000,231683332.89978305,0.26549811241010574,-0.3085627134737616
B,B1 공시비율,"공시가격 0.45억 × 실거래/공시 비율 1.83(같은 건물 4건+법정동, 기준일 시점보정)",82528198.37571351,73254054.5243019,92976471.69661601,0.8,"공시가격 0.45억 × 실거래/공시 비율 1.83(같은 건물 4건+법정동, 기준일 시점보정)",공시비율,같은 건물,4,법정동,45000000.0,0.11626720037590875,0.1630823196500326,0.11521797594270355,1150010300107850007,11500,15.1,[],화곡동,B,False,15.1,2026-03-01,133000000,134910312.94721675,0.3882736124998656,-0.49147017568768175
B,B1 공시비율,"공시가격 0.94억 × 실거래/공시 비율 1.67(같은 건물 5건+법정동, 기준일 시점보정)",156381535.0522533,138808088.8808419,176179822.82208627,0.8,"공시가격 0.94억 × 실거래/공시 비율 1.67(같은 건물 5건+법정동, 기준일 시점보정)",공시비율,같은 건물,5,법정동,93800000.0,0.11626720037590875,0.17908293199081152,-0.02594431965836519,1150010300103660042,11500,40.5,[],화곡동,B,False,40.5,2026-03-01,220000000,223159916.15329087,0.2992400349136482,-0.3555898684370642
B,B1 공시비율,"공시가격 1.25억 × 실거래/공시 비율 1.70(같은 건물 1건+법정동, 기준일 시점보정)",211942013.31973457,188124933.1172005,238774394.5776612,0.8,"공시가격 1.25억 × 실거래/공시 비율 1.70(같은 건물 1건+법정동, 기준일 시점보정)",공시비율,같은 건물,1,법정동,125000000.0,0.11626720037590875,0.0,-0.004999745469633332,1150010300100560661,11500,59.96,[],화곡동,B,False,59.96,2026-03-02,187000000,189685928.73029724,0.11733123663106236,0.11094301742645404
B,B1 공시비율,"공시가격 0.79억 × 실거래/공시 비율 1.98(같은 건물 3건+법정동, 기준일 시점보정)",156379628.73381817,138806396.78580847,176177675.15903875,0.8,"공시가격 0.79억 × 실거래/공시 비율 1.98(같은 건물 3건+법정동, 기준일 시점보정)",공시비율,같은 건물,3,법정동,78900000.0,0.11626720037590875,0.23527300626210854,0.2573996350186992,1150010300110460026,11500,28.18,[],화곡동,B,False,28.18,2026-03-04,249000000,252576450.55531558,0.38086219681208877,-0.47942740879970924
B,B1 공시비율,"㎡당 508만원(법정동 13153건, 기준일 시점보정) × 46.55㎡",236330978.22594175,122578170.15913881,455646639.174981,0.45,"㎡당 508만원(법정동 13153건, 기준일 시점보정) × 46.55㎡",㎡단가,법정동,13153,법정동,,0.5122380792777933,,,1150010300101550022,11500,46.55,[],화곡동,B,False,46.55,2026-03-04,391500000,397123214.42733353,0.4048925632143167,-0.5190133237102316
B,B1 공시비율,"공시가격 2.40억 × 실거래/공시 비율 1.75(같은 건물 6건+법정동, 기준일 시점보정)",420744771.09352696,357121323.2729377,495703143.0667284,0.8,"공시가격 2.40억 × 실거래/공시 비율 1.75(같은 건물 6건+법정동, 기준일 시점보정)",공시비율,같은 건물,6,법정동,240000000.0,0.15990835699622905,0.011142546237358714,-0.01998050155741482,1168010100106430013,11680,26.42,[],역삼동,B,False,26.42,2026-03-06,320000000,306547085.55121773,0.37252902058085013,0.316655038499213
B,B1 공시비율,"공시가격 1.26억 × 실거래/공시 비율 1.74(같은 건물 1건+법정동, 기준일 시점보정)",219796529.03023386,186879708.80524072,258511287.72940198,0.8,"공시가격 1.26억 × 실거래/공시 비율 1.74(같은 건물 1건+법정동, 기준일 시점보정)",공시비율,같은 건물,1,법정동,126000000.0,0.15823688056542393,0.0,-0.07591075896808519,1162010200104090129,11620,38.5,[],신림동,B,False,38.5,2026-03-06,300000000,305162161.8689718,0.27973858985633876,-0.32814106322189635
B,B1 공시비율,"공시가격 2.72억 × 실거래/공시 비율 1.75(같은 건물 2건+법정동, 기준일 시점보정)",475222921.1902291,412630726.74531674,547309761.9411298,0.8,"공시가격 2.72억 × 실거래/공시 비율 1.75(같은 건물 2건+법정동, 기준일 시점보정)",공시비율,같은 건물,2,법정동,272000000.0,0.1377486470259829,0.08762742826066412,-0.07861026184668618,1162010100101800397,11620,58.77,[],봉천동,B,False,58.77,2026-03-06,435000000,442485134.7100091,0.07398618374304335,0.0713771317050848
B,B1 공시비율,"공시가격 1.81억 × 실거래/공시 비율 1.73(같은 건물 2건+법정동, 기준일 시점보정)",312517176.9997257,277397917.00645965,352082621.8662757,0.8,"공시가격 1.81억 × 실거래/공시 비율 1.73(같은 건물 2건+법정동, 기준일 시점보정)",공시비율,같은 건물,2,법정동,181000000.0,0.11626720037590875,0.09493820633329544,0.032993686193886096,1150010300100950034,11500,52.65,[],화곡동,B,False,52.65,2026-03-06,340000000,344883506.78235865,0.09384713721047254,-0.09854726444548825
B,B1 공시비율,"공시가격 1.02억 × 실거래/공시 비율 1.70(법정동 12904건, 기준일 시점보정)",173233149.64376733,149251130.82855096,201068655.0172468,0.65,"공시가격 1.02억 × 실거래/공시 비율 1.70(법정동 12904건, 기준일 시점보정)",공시비율,법정동,12904,법정동,102000000.0,0.11626720037590875,,,1150010300109640018,11500,21.98,[],화곡동,B,False,21.98,2026-03-06,180000000,182585385.94360164,0.051221165656286975,-0.05257955880399042
B,B1 공시비율,"공시가격 1.24억 × 실거래/공시 비율 1.79(법정동 5579건, 기준일 시점보정)",221850891.285267,181128932.0049552,271728085.7302294,0.65,"공시가격 1.24억 × 실거래/공시 비율 1.79(법정동 5579건, 기준일 시점보정)",공시비율,법정동,5579,법정동,124000000.0,0.15823688056542393,,,1162010200104120201,11620,43.06,[],신림동,B,False,43.06,2026-03-07,340000000,345850450.11816806,0.35853519574872217,-0.4440009611996506
B,B1 공시비율,"공시가격 1.52억 × 실거래/공시 비율 1.68(같은 건물 3건+법정동, 기준일 시점보정)",255317343.8972207,221689183.04515535,294046579.98786473,0.8,"공시가격 1.52억 × 실거래/공시 비율 1.68(같은 건물 3건+법정동, 기준일 시점보정)",공시비율,같은 건물,3,법정동,152000000.0,0.1377486470259829,0.030030219240021784,-0.1311005498125255,1162010100101800348,11620,57.38,[],봉천동,B,False,57.38,2026-03-07,269000000,273628738.47584474,0.0669205825404941,-0.06926496122196427
B,B1 공시비율,"공시가격 0.56억 × 실거래/공시 비율 1.62(같은 건물 1건+법정동, 기준일 시점보정)",91069750.3852838,80835745.73949939,102599405.2428873,0.8,"공시가격 0.56억 × 실거래/공시 비율 1.62(같은 건물 1건+법정동, 기준일 시점보정)",공시비율,같은 건물,1,법정동,56200000.0,0.11626720037590875,0.0,-0.14086984780906403,1150010300101630017,11500,38.16,[],화곡동,B,False,38.16,2026-03-07,90000000,91292692.97180082,0.0024420638635984293,-0.002445050565023323
B,B1 공시비율,"공시가격 1.50억 × 실거래/공시 비율 1.75(같은 건물 2건+법정동, 기준일 시점보정)",261762776.80446252,227285680.0702615,301469724.3539547,0.8,"공시가격 1.50억 × 실거래/공시 비율 1.75(같은 건물 2건+법정동, 기준일 시점보정)",공시비율,같은 건물,2,법정동,150000000.0,0.1377486470259829,0.01977555877225414,-0.08096739774165584,1162010100116440018,11620,44.36,[],봉천동,B,False,44.36,2026-03-07,285000000,289904053.7755232,0.09707100195587763,-0.10211135762210523
B,B1 공시비율,"공시가격 1.57억 × 실거래/공시 비율 1.75(같은 건물 1건+법정동, 기준일 시점보정)",274809114.60743946,243927315.28660923,309600625.8363906,0.8,"공시가격 1.57억 × 실거래/공시 비율 1.75(같은 건물 1건+법정동, 기준일 시점보정)",공시비율,같은 건물,1,법정동,157000000.0,0.11626720037590875,0.0,0.0904960886908951,1150010300101590001,11500,73.74,[],화곡동,B,False,73.74,2026-03-08,260000000,263734446.36298013,0.04199173978668363,0.04113401603169624
B,B1 공시비율,"공시가격 1.28억 × 실거래/공시 비율 1.73(같은 건물 1건+법정동, 기준일 시점보정)",220874963.0488189,196054038.5550548,248838277.75941154,0.8,"공시가격 1.28억 × 실거래/공시 비율 1.73(같은 건물 1건+법정동, 기준일 시점보정)",공시비율,같은 건물,1,법정동,128000000.0,0.11626720037590875,0.0,0.047702819170443944,1150010300103720083,11500,58.71,[],화곡동,B,False,58.71,2026-03-09,210000000,213016283.60086855,0.03689238829588843,0.03622815172757737
B,B1 공시비율,"공시가격 1.47억 × 실거래/공시 비율 1.70(같은 건물 12건+법정동, 기준일 시점보정)",249476918.87099487,221441836.57483968,281061311.68366826,0.8,"공시가격 1.47억 × 실거래/공시 비율 1.70(같은 건물 12건+법정동, 기준일 시점보정)",공시비율,같은 건물,12,법정동,146500000.0,0.11626720037590875,0.13150747878997354,0.003121315420856252,1150010300110710007,11500,27.9,[],화곡동,B,False,27.9,2026-03-09,208000000,210987557.0903841,0.1824247946722397,0.16756724077563137
B,B1 공시비율,"공시가격 0.78억 × 실거래/공시 비율 2.00(같은 건물 3건+법정동, 기준일 시점보정)",157073247.74345928,133549892.38867086,184739985.299839,0.8,"공시가격 0.78억 × 실거래/공시 비율 2.00(같은 건물 3건+법정동, 기준일 시점보정)",공시비율,같은 건물,3,법정동,78400000.0,0.15823688056542393,0.06502718941688004,0.18860730934161918,1162010200106850175,11620,30.33,[],신림동,B,False,30.33,2026-03-09,150000000,152581080.9344859,0.029441178299832494,0.029016109670597603
B,B1 공시비율,"공시가격 1.33억 × 실거래/공시 비율 1.70(같은 건물 1건+법정동, 기준일 시점보정)",225507650.86257353,200166125.96738246,254057475.26853314,0.8,"공시가격 1.33억 × 실거래/공시 비율 1.70(같은 건물 1건+법정동, 기준일 시점보정)",공시비율,같은 건물,1,법정동,133000000.0,0.11626720037590875,0.0,-0.004981803358969805,1150010300103520015,11500,59.52,[],화곡동,B,False,59.52,2026-03-10,225000000,228231732.42950204,0.011935595186221271,-0.012007396300372664
B,B1 공시비율,"공시가격 1.41억 × 실거래/공시 비율 1.91(같은 건물 1건+법정동, 기준일 시점보정)",269845566.9734684,234303876.0217816,310778597.65522355,0.8,"공시가격 1.41억 × 실거래/공시 비율 1.91(같은 건물 1건+법정동, 기준일 시점보정)",공시비율,같은 건물,1,법정동,141000000.0,0.1377486470259829,0.0,0.15540859340338076,1162010100117100009,11620,47.04,[],봉천동,B,False,47.04,2026-03-10,210000000,213613513.30828026,0.2632420243191068,0.23368145154961106
B,B1 공시비율,"공시가격 1.63억 × 실거래/공시 비율 1.88(같은 건물 19건+법정동, 기준일 시점보정)",306508743.45358336,272064683.9145292,345313505.82425755,0.8,"공시가격 1.63억 × 실거래/공시 비율 1.88(같은 건물 19건+법정동, 기준일 시점보정)",공시비율,같은 건물,19,법정동,163000000.0,0.11626720037590875,0.04937090272924834,0.11254952346006386,1150010300110980003,11500,29.43,[],화곡동,B,False,29.43,2026-03-11,210000000,213016283.60086855,0.4388981831449697,0.3638776701170163
B,B1 공시비율,"공시가격 1.45억 × 실거래/공시 비율 1.66(같은 건물 2건+법정동, 기준일 시점보정)",240177269.59016007,213187239.6142494,270584303.88311464,0.8,"공시가격 1.45억 × 실거래/공시 비율 1.66(같은 건물 2건+법정동, 기준일 시점보정)",공시비율,같은 건물,2,법정동,145000000.0,0.11626720037590875,0.059256373227544235,-0.05004405627279296,1150010300101050022,11500,45.64,[],화곡동,B,False,45.64,2026-03-11,225000000,228231732.42950204,0.05233951052072858,0.05101579088170615
B,B1 공시비율,"공시가격 1.14억 × 실거래/공시 비율 1.65(같은 건물 1건+법정동, 기준일 시점보정)",187596984.59767982,166515688.07731473,211347225.21641245,0.8,"공시가격 1.14억 × 실거래/공시 비율 1.65(같은 건물 1건+법정동, 기준일 시점보정)",공시비율,같은 건물,1,법정동,114000000.0,0.11626720037590875,0.0,-0.09470413568070518,1150010300101580010,11500,58.9,[],화곡동,B,False,58.9,2026-03-12,220000000,223159916.15329087,0.1593607497646777,-0.17359266438281612
B,B1 공시비율,"공시가격 2.03억 × 실거래/공시 비율 1.82(법정동 3592건, 기준일 시점보정)",368887989.09912753,309189506.7464886,440113087.7095766,0.65,"공시가격 2.03억 × 실거래/공시 비율 1.82(법정동 3592건, 기준일 시점보정)",공시비율,법정동,3592,법정동,203000000.0,0.1377486470259829,,,1162010100100410215,11620,72.94,[],봉천동,B,False,72.94,2026-03-12,255000000,259387837.58862603,0.4221483648904246,0.3521686613044742
B,B1 공시비율,"공시가격 2.09억 × 실거래/공시 비율 1.67(같은 건물 1건+법정동, 기준일 시점보정)",349343322.58122635,303330884.6283799,402335413.95432484,0.8,"공시가격 2.09억 × 실거래/공시 비율 1.67(같은 건물 1건+법정동, 기준일 시점보정)",공시비율,같은 건물,1,법정동,209000000.0,0.1377486470259829,0.0,-0.2506984419778341,1162010100107150091,11620,46.01,[],봉천동,B,False,46.01,2026-03-12,293500000,298550315.02847743,0.1701321519218762,0.15711669279183096
B,B1 공시비율,"공시가격 1.59억 × 실거래/공시 비율 1.90(같은 건물 3건+법정동, 기준일 시점보정)",301887741.26402634,256676906.72009093,355061970.6699239,0.8,"공시가격 1.59억 × 실거래/공시 비율 1.90(같은 건물 3건+법정동, 기준일 시점보정)",공시비율,같은 건물,3,법정동,159000000.0,0.15823688056542393,0.1483778426869314,0.09904516442810829,1162010200104570042,11620,33.6,[],신림동,B,False,33.6,2026-03-12,305000000,310248197.90012133,0.02694763964039682,-0.027317384924794526
B,B1 공시비율,"공시가격 5.30억 × 실거래/공시 비율 1.78(같은 건물 11건+법정동, 기준일 시점보정)",942510250.9081333,759269576.4988488,1169973880.9016526,0.8,"공시가격 5.30억 × 실거래/공시 비율 1.78(같은 건물 11건+법정동, 기준일 시점보정)",공시비율,같은 건물,11,법정동,530000000.0,0.2108593827723311,0.04915146256803667,0.009202066077988902,1168010600109200027,11680,42.56,[],대치동,B,False,42.56,2026-03-14,975000000,934010651.2888666,0.009100109947930252,0.009058953444766822
B,B1 공시비율,"공시가격 1.52억 × 실거래/공시 비율 1.76(같은 건물 3건+법정동, 기준일 시점보정)",266776991.82370865,236797805.95615408,300551616.5115359,0.8,"공시가격 1.52억 × 실거래/공시 비율 1.76(같은 건물 3건+법정동, 기준일 시점보정)",공시비율,같은 건물,3,법정동,152000000.0,0.11626720037590875,0.0006090933605900549,0.05477832038664421,1150010300103460078,11500,59.76,[],화곡동,B,False,59.76,2026-03-14,260000000,263734446.36298013,0.011536397701121843,0.011470360864686476
B,B1 공시비율,"공시가격 1.57억 × 실거래/공시 비율 1.59(같은 건물 5건+법정동, 기준일 시점보정)",249871685.71094418,221792241.3114896,281506056.9785336,0.8,"공시가격 1.57억 × 실거래/공시 비율 1.59(같은 건물 5건+법정동, 기준일 시점보정)",공시비율,같은 건물,5,법정동,157000000.0,0.11626720037590875,0.07043638628510748,-0.09094937054845437,1150010300109950027,11500,49.65,[],화곡동,B,False,49.65,2026-03-14,255000000,258662630.08676895,0.03398614006544292,-0.034577097114206444
B,B1 공시비율,"공시가격 1.74억 × 실거래/공시 비율 1.67(같은 건물 6건+법정동, 기준일 시점보정)",289790824.9916785,246391629.69414306,340834314.6786446,0.8,"공시가격 1.74억 × 실거래/공시 비율 1.67(같은 건물 6건+법정동, 기준일 시점보정)",공시비율,같은 건물,6,법정동,174000000.0,0.15823688056542393,0.1578179729634113,-0.09549314579739648,1162010200116800007,11620,27.66,[],신림동,B,False,27.66,2026-03-15,229000000,232940450.22664848,0.24405540003771442,0.21837652711776276
B,B1 공시비율,"공시가격 1.20억 × 실거래/공시 비율 1.68(같은 건물 1건+법정동, 기준일 시점보정)",202184197.9826414,179463656.7194372,227781215.76888892,0.8,"공시가격 1.20억 × 실거래/공시 비율 1.68(같은 건물 1건+법정동, 기준일 시점보정)",공시비율,같은 건물,1,법정동,120000000.0,0.11626720037590875,0.0,-0.023934448151488152,1150010300101580037,11500,56.2,[],화곡동,B,False,56.2,2026-03-16,150000000,152154488.2863347,0.32880863561617313,0.2842827781039081
B,B1 공시비율,"공시가격 1.28억 × 실거래/공시 비율 1.77(같은 건물 3건+법정동, 기준일 시점보정)",226089565.24103498,200682647.45273256,254713061.44154716,0.8,"공시가격 1.28억 × 실거래/공시 비율 1.77(같은 건물 3건+법정동, 기준일 시점보정)",공시비율,같은 건물,3,법정동,128000000.0,0.11626720037590875,0.02598478247441186,0.06539233919681264,1150010300108130008,11500,42.24,[],화곡동,B,False,42.24,2026-03-18,190000000,192729018.49602395,0.17309560856659095,0.15964607407916792
B,B1 공시비율,"공시가격 2.58억 × 실거래/공시 비율 1.75(법정동 64건, 기준일 시점보정)",452271524.2960839,367704958.01967484,556287118.8648981,0.65,"공시가격 2.58억 × 실거래/공시 비율 1.75(법정동 64건, 기준일 시점보정)",공시비율,법정동,64,법정동,258000000.0,0.16151829342600776,,,1168010700105450023,11680,40.83,[],신사동,B,False,40.83,2026-03-18,800000000,766367713.8780444,0.4098504985192317,-0.5273793818405036
B,B1 공시비율,"공시가격 1.25억 × 실거래/공시 비율 2.09(같은 건물 4건+법정동, 기준일 시점보정)",261153287.02947888,231806067.5475483,294215936.82966006,0.8,"공시가격 1.25억 × 실거래/공시 비율 2.09(같은 건물 4건+법정동, 기준일 시점보정)",공시비율,같은 건물,4,법정동,125000000.0,0.11626720037590875,0.08321628589768318,0.3106923668212406,1150010300109550007,11500,59.4,[],화곡동,B,False,59.4,2026-03-19,260000000,263734446.36298013,0.009786963246919883,-0.009835170363780845
B,B1 공시비율,"공시가격 1.78억 × 실거래/공시 비율 1.84(같은 건물 5건+법정동, 기준일 시점보정)",327060062.6373185,290306539.2519977,368466672.6693123,0.8,"공시가격 1.78억 × 실거래/공시 비율 1.84(같은 건물 5건+법정동, 기준일 시점보정)",공시비율,같은 건물,5,법정동,178000000.0,0.11626720037590875,0.10691250103759546,0.11017261055671124,1150010300103410025,11500,65.08,[],화곡동,B,False,65.08,2026-03-20,280000000,284021711.46782476,0.15153190559648222,0.14109314775100637
B,B1 공시비율,"공시가격 1.80억 × 실거래/공시 비율 1.82(법정동 3592건, 기준일 시점보정)",327092798.2159761,274158183.32201034,390248058.067606,0.65,"공시가격 1.80억 × 실거래/공시 비율 1.82(법정동 3592건, 기준일 시점보정)",공시비율,법정동,3592,법정동,180000000.0,0.1377486470259829,,,1162010100115130014,11620,80.34,[],봉천동,B,False,80.34,2026-03-20,330000000,335678378.055869,0.025576803277046083,-0.02590957614919958
B,B1 공시비율,"공시가격 2.07억 × 실거래/공시 비율 1.81(같은 건물 1건+법정동, 기준일 시점보정)",375590620.84856874,326121119.0136006,432564180.1306655,0.8,"공시가격 2.07억 × 실거래/공시 비율 1.81(같은 건물 1건+법정동, 기준일 시점보정)",공시비율,같은 건물,1,법정동,207000000.0,0.1377486470259829,0.0,-0.0045182511005456005,1162010100115150005,11620,62.4,[],봉천동,B,False,62.4,2026-03-20,390000000,396710810.42966336,0.0532382507001009,-0.054707802137392104
B,B1 공시비율,"공시가격 3.65억 × 실거래/공시 비율 2.25(같은 건물 3건+법정동, 기준일 시점보정)",821541107.4107574,682837171.5912348,988419815.5072397,0.8,"공시가격 3.65억 × 실거래/공시 비율 2.25(같은 건물 3건+법정동, 기준일 시점보정)",공시비율,같은 건물,3,법정동,365000000.0,0.1803658964378039,0.01603627715500423,0.20199548591338845,1168010300101620004,11680,71.99,[],개포동,B,False,71.99,2026-03-21,900000000,862163678.1127999,0.047117005428669506,-0.04826315876128289
B,B1 공시비율,"공시가격 4.82억 × 실거래/공시 비율 1.93(법정동 235건, 기준일 시점보정)",930848551.5230896,707217633.3928753,1225194317.788292,0.65,"공시가격 4.82억 × 실거래/공시 비율 1.93(법정동 235건, 기준일 시점보정)",공시비율,법정동,235,법정동,482000000.0,0.214386818061813,,,1168010500101000007,11680,59.58,[],삼성동,B,False,59.58,2026-03-21,1400000000,1341143499.2865777,0.3059291925000902,-0.3651812955819922
B,B1 공시비율,"공시가격 3.81억 × 실거래/공시 비율 1.85(같은 건물 6건+법정동, 기준일 시점보정)",703507556.94531,597125780.1156924,828841927.7145729,0.8,"공시가격 3.81억 × 실거래/공시 비율 1.85(같은 건물 6건+법정동, 기준일 시점보정)",공시비율,같은 건물,6,법정동,381000000.0,0.15990835699622905,0.06640719033886114,0.0492085134160154,1168010100107820029,11680,43.28,[],역삼동,B,False,43.28,2026-03-21,800000000,766367713.8780444,0.08202349315401561,-0.08558348036015993
B,B1 공시비율,"공시가격 1.74억 × 실거래/공시 비율 1.67(같은 건물 5건+법정동, 기준일 시점보정)",291047563.6626771,247460158.6555272,342312414.14460343,0.8,"공시가격 1.74억 × 실거래/공시 비율 1.67(같은 건물 5건+법정동, 기준일 시점보정)",공시비율,같은 건물,5,법정동,174000000.0,0.15823688056542393,0.18656826709446622,-0.09420953655621628,1162010200105690014,11620,34.88,[],신림동,B,False,34.88,2026-03-21,282000000,286852432.15683347,0.014624702584184458,0.014518792970352912
B,B1 공시비율,"공시가격 2.10억 × 실거래/공시 비율 1.60(같은 건물 9건+법정동, 기준일 시점보정)",335038987.0991637,298531354.1240377,376011167.0876422,0.8,"공시가격 2.10억 × 실거래/공시 비율 1.60(같은 건물 9건+법정동, 기준일 시점보정)",공시비율,같은 건물,9,법정동,209500000.0,0.1125272493329099,0.050055017244272026,-0.1038666807261095,1162010300110700039,11620,29.99,[],남현동,B,False,29.99,2026-03-21,340000000,345850450.11816806,0.0312605145238653,-0.03175955207553671
B,B1 공시비율,"공시가격 1.01억 × 실거래/공시 비율 1.72(같은 건물 1건+법정동, 기준일 시점보정)",173402132.09597552,153915988.58562836,195355269.40206212,0.8,"공시가격 1.01억 × 실거래/공시 비율 1.72(같은 건물 1건+법정동, 기준일 시점보정)",공시비율,같은 건물,1,법정동,101000000.0,0.11626720037590875,0.0,0.03248185065575615,1150010300103940026,11500,42.46,[],화곡동,B,False,42.46,2026-03-22,170000000,172441753.39117932,0.005569293317364981,0.005553842144865903
B,B1 공시비율,"공시가격 1.16억 × 실거래/공시 비율 1.74(같은 건물 3건+법정동, 기준일 시점보정)",202158698.11022934,179441022.40679255,227752487.54978016,0.8,"공시가격 1.16억 × 실거래/공시 비율 1.74(같은 건물 3건+법정동, 기준일 시점보정)",공시비율,같은 건물,3,법정동,116000000.0,0.11626720037590875,0.07746396024016816,0.0429954539211137,1150010300100730079,11500,57.11,[],화곡동,B,False,57.11,2026-03-23,210000000,213016283.60086855,0.05097068311915164,-0.05231558845648382
B,B1 공시비율,"공시가격 1.39억 × 실거래/공시 비율 1.85(같은 건물 16건+법정동, 기준일 시점보정)",257739517.7284622,228775922.12535456,290369975.92124695,0.8,"공시가격 1.39억 × 실거래/공시 비율 1.85(같은 건물 16건+법정동, 기준일 시점보정)",공시비율,같은 건물,16,법정동,139000000.0,0.11626720037590875,0.13476158512329334,0.09878620597920096,1150010300111340007,11500,51.3,[],화곡동,B,False,51.3,2026-03-23,236000000,239389728.23716658,0.07665236777877213,0.07385656777743528
B,B1 공시비율,"공시가격 1.69억 × 실거래/공시 비율 1.78(같은 건물 1건+법정동, 기준일 시점보정)",301455232.0337838,267579063.14040458,339620207.40336543,0.8,"공시가격 1.69억 × 실거래/공시 비율 1.78(같은 건물 1건+법정동, 기준일 시점보정)",공시비율,같은 건물,1,법정동,169000000.0,0.11626720037590875,0.0,0.14717173915112058,1150010300103500030,11500,69.72,[],화곡동,B,False,69.72,2026-03-24,310000000,314452609.1250917,0.0413333415406244,-0.04221185737046149
B,B1 공시비율,"공시가격 0.98억 × 실거래/공시 비율 2.59(같은 건물 1건+법정동, 기준일 시점보정)",253081459.02871093,215179873.7494405,297658994.71937776,0.8,"공시가격 0.98억 × 실거래/공시 비율 2.59(같은 건물 1건+법정동, 기준일 시점보정)",공시비율,같은 건물,1,법정동,97900000.0,0.15823688056542393,0.0,1.1041227902691075,1162010200104120196,11620,34.95,[],신림동,B,False,34.95,2026-03-24,285000000,289904053.7755232,0.12701648792853554,-0.13583860983696464
B,B1 공시비율,"공시가격 1.10억 × 실거래/공시 비율 1.87(같은 건물 1건+법정동, 기준일 시점보정)",206097379.4496272,175232149.6021968,242399182.5268981,0.8,"공시가격 1.10억 × 실거래/공시 비율 1.87(같은 건물 1건+법정동, 기준일 시점보정)",공시비율,같은 건물,1,법정동,110000000.0,0.15823688056542393,0.0,0.13843343205691094,1162010200107130006,11620,44.46,[],신림동,B,False,44.46,2026-03-25,210000000,213613513.30828026,0.035185666591261114,-0.035819596767229255
B,B1 공시비율,"공시가격 1.30억 × 실거래/공시 비율 1.82(법정동 3592건, 기준일 시점보정)",236233687.6004269,198003132.39922947,281845819.7154929,0.65,"공시가격 1.30억 × 실거래/공시 비율 1.82(법정동 3592건, 기준일 시점보정)",공시비율,법정동,3592,법정동,130000000.0,0.1377486470259829,,,1162010100115570014,11620,48.36,[],봉천동,B,False,48.36,2026-03-25,260000000,264473873.61977556,0.10677873633729332,-0.11292095313883056
B,B1 공시비율,"공시가격 1.72억 × 실거래/공시 비율 1.82(법정동 3592건, 기준일 시점보정)",312555340.51748765,261973375.1743649,372903699.93126714,0.65,"공시가격 1.72억 × 실거래/공시 비율 1.82(법정동 3592건, 기준일 시점보정)",공시비율,법정동,3592,법정동,172000000.0,0.1377486470259829,,,1162010100102150023,11620,52.24,[],봉천동,B,False,52.24,2026-03-25,281000000,285835224.9506036,0.09348083523121287,0.08936603490082107
B,B1 공시비율,"공시가격 1.51억 × 실거래/공시 비율 1.72(같은 건물 2건+법정동, 기준일 시점보정)",259283675.8962122,225133104.58656165,298614567.1899773,0.8,"공시가격 1.51억 × 실거래/공시 비율 1.72(같은 건물 2건+법정동, 기준일 시점보정)",공시비율,같은 건물,2,법정동,151000000.0,0.1377486470259829,0.19934695320940898,-0.11328833419987971,1162010100101800068,11620,44.66,[],봉천동,B,False,44.66,2026-03-25,215000000,218699549.3394298,0.18557023404650153,0.17022386900843686
B,B1 공시비율,"공시가격 1.22억 × 실거래/공시 비율 1.67(같은 건물 2건+법정동, 기준일 시점보정)",203951326.00807983,181032202.92878938,229772066.557773,0.8,"공시가격 1.22억 × 실거래/공시 비율 1.67(같은 건물 2건+법정동, 기준일 시점보정)",공시비율,같은 건물,2,법정동,122000000.0,0.11626720037590875,0.12928922398712572,-0.03161047411978701,1150010300109540017,11500,57.5,[],화곡동,B,False,57.5,2026-03-25,200000000,202872651.04844624,0.005317005294005844,0.005302919927277556
B,B1 공시비율,"공시가격 0.91억 × 실거래/공시 비율 1.74(같은 건물 1건+법정동, 기준일 시점보정)",158883799.52705818,141029160.24649918,178998880.14671108,0.8,"공시가격 0.91억 × 실거래/공시 비율 1.74(같은 건물 1건+법정동, 기준일 시점보정)",공시비율,같은 건물,1,법정동,91100000.0,0.11626720037590875,0.0,0.07964925146407253,1150010300101560015,11500,62.01,[],화곡동,B,False,62.01,2026-03-26,130000000,131867223.18149006,0.20487711573622022,0.18637758310030209
B,B1 공시비율,"공시가격 4.68억 × 실거래/공시 비율 1.76(법정동 215건, 기준일 시점보정)",825799263.2819841,630248594.7306833,1082024504.2013538,0.65,"공시가격 4.68억 × 실거래/공시 비율 1.76(법정동 215건, 기준일 시점보정)",공시비율,법정동,215,법정동,468000000.0,0.2108593827723311,,,1168010600109160069,11680,72.66,[],대치동,B,False,72.66,2026-03-26,550000000,526877803.2911555,0.5673449481523194,0.44938307198312627
B,B1 공시비율,"공시가격 4.19억 × 실거래/공시 비율 1.74(법정동 978건, 기준일 시점보정)",730963936.7918541,621144490.3138644,860199655.9935027,0.65,"공시가격 4.19억 × 실거래/공시 비율 1.74(법정동 978건, 기준일 시점보정)",공시비율,법정동,978,법정동,419000000.0,0.12702902307760694,,,1168010800101310019,11680,73.17,[],논현동,B,False,73.17,2026-03-26,560000000,536457399.7146311,0.3625759234203703,0.30937696961404026
B,B1 공시비율,"공시가격 1.44억 × 실거래/공시 비율 1.72(같은 건물 8건+법정동, 기준일 시점보정)",247778400.3997146,219934189.88977265,279147756.5876001,0.8,"공시가격 1.44억 × 실거래/공시 비율 1.72(같은 건물 8건+법정동, 기준일 시점보정)",공시비율,같은 건물,8,법정동,144000000.0,0.11626720037590875,0.06366357715553121,0.01631992582566888,1150010300103510030,11500,37.58,[],화곡동,B,False,37.58,2026-03-28,240000000,243447181.2581355,0.017791206779209118,0.017634795696494572
B,B1 공시비율,"공시가격 1.37억 × 실거래/공시 비율 1.69(같은 건물 5건+법정동, 기준일 시점보정)",232204727.18514708,206110615.29033834,261602417.95977062,0.8,"공시가격 1.37억 × 실거래/공시 비율 1.69(같은 건물 5건+법정동, 기준일 시점보정)",공시비율,같은 건물,5,법정동,137000000.0,0.11626720037590875,0.3121693856827503,-0.0028378815163125903,1150010300110780011,11500,60.4,[],화곡동,B,False,60.4,2026-03-28,260000000,263734446.36298013,0.11955100902685427,-0.12732328461139114
B,B1 공시비율,"공시가격 1.17억 × 실거래/공시 비율 1.99(같은 건물 2건+법정동, 기준일 시점보정)",232047694.84833276,201484408.04376698,267247144.3682548,0.8,"공시가격 1.17억 × 실거래/공시 비율 1.99(같은 건물 2건+법정동, 기준일 시점보정)",공시비율,같은 건물,2,법정동,116500000.0,0.1377486470259829,0.02568077059620804,0.18352918486799252,1162010100116880001,11620,43.96,[],봉천동,B,False,43.96,2026-03-28,230000000,233957657.43287838,0.008163710500023166,-0.008197216062327328
B,B1 공시비율,"공시가격 4.01억 × 실거래/공시 비율 2.00(같은 건물 3건+법정동, 기준일 시점보정)",802916982.0942389,647315072.7124671,995922553.5007445,0.8,"공시가격 4.01억 × 실거래/공시 비율 2.00(같은 건물 3건+법정동, 기준일 시점보정)",공시비율,같은 건물,3,법정동,401000000.0,0.21010667634145774,0.04106495119748179,-0.0851721731660472,1168011400106760007,11680,27.89,[],일원동,B,False,27.89,2026-03-28,890000000,852584081.6893244,0.058254781741496134,-0.06002050992911145
B,B1 공시비율,"공시가격 1.20억 × 실거래/공시 비율 1.79(같은 건물 3건+법정동, 기준일 시점보정)",214723016.36732408,190593419.68167058,241907479.4653897,0.8,"공시가격 1.20억 × 실거래/공시 비율 1.79(같은 건물 3건+법정동, 기준일 시점보정)",공시비율,같은 건물,3,법정동,120000000.0,0.11626720037590875,0.05969665233220399,0.0869859985180036,1150010300103520036,11500,55.2,[],화곡동,B,False,55.2,2026-03-30,222500000,225695824.29139647,0.0486176824871397,-0.04983928091149739
B,B1 공시비율,"공시가격 2.11억 × 실거래/공시 비율 1.70(법정동 12904건, 기준일 시점보정)",358354848.77289206,308744986.32180715,415936139.30038404,0.65,"공시가격 2.11억 × 실거래/공시 비율 1.70(법정동 12904건, 기준일 시점보정)",공시비율,법정동,12904,법정동,211000000.0,0.11626720037590875,,,1150010300108420022,11500,73.29,[],화곡동,B,False,73.29,2026-03-31,510000000,517325260.1735379,0.3072929617767338,-0.3671481134403537
B,B1 공시비율,"공시가격 1.32억 × 실거래/공시 비율 1.78(같은 건물 4건+법정동, 기준일 시점보정)",235183133.53597492,204206874.252061,270858199.57034075,0.8,"공시가격 1.32억 × 실거래/공시 비율 1.78(같은 건물 4건+법정동, 기준일 시점보정)",공시비율,같은 건물,4,법정동,132000000.0,0.1377486470259829,0.11398409309145593,-0.02958672994541578,1162010100115260013,11620,41.97,[],봉천동,B,False,41.97,2026-03-31,200000000,203441441.24598122,0.15602372896884267,0.14498629682917033
B,B1 공시비율,"공시가격 1.57억 × 실거래/공시 비율 1.66(같은 건물 1건+법정동, 기준일 시점보정)",260326119.51354444,231071853.35766453,293284047.8674957,0.8,"공시가격 1.57억 × 실거래/공시 비율 1.66(같은 건물 1건+법정동, 기준일 시점보정)",공시비율,같은 건물,1,법정동,157000000.0,0.11626720037590875,0.0,-0.07192864259412013,1150010300101000016,11500,78.97,[],화곡동,B,False,78.97,2026-03-31,200000000,202872651.04844624,0.28319967313572614,0.24935670340418126
B,B1 공시비율,"공시가격 10.83억 × 실거래/공시 비율 1.67(같은 건물 3건+법정동, 기준일 시점보정)",1809897184.874176,1588880567.9261944,2061657676.442569,0.8,"공시가격 10.83억 × 실거래/공시 비율 1.67(같은 건물 3건+법정동, 기준일 시점보정)",공시비율,같은 건물,3,법정동,1083000000.0,0.12702902307760694,0.03777536818979586,-0.07159688804674486,1168010800100450000,11680,129.13,[],논현동,B,False,129.13,2026-04-01,1450000000,1456205906.2735565,0.24288548554628417,0.21743568080773434
B,B1 공시비율,"공시가격 2.10억 × 실거래/공시 비율 1.90(같은 건물 3건+법정동, 기준일 시점보정)",399116173.2245469,339344367.996847,469416129.31347257,0.8,"공시가격 2.10억 × 실거래/공시 비율 1.90(같은 건물 3건+법정동, 기준일 시점보정)",공시비율,같은 건물,3,법정동,210000000.0,0.15823688056542393,0.05857124234113252,0.10070179172032478,1162010200116150003,11620,54.23,[],신림동,B,False,54.23,2026-04-01,310000000,317333953.4223845,0.25771657561429273,0.22929783529103018
B,B1 공시비율,"공시가격 3.05억 × 실거래/공시 비율 1.71(같은 건물 1건+법정동, 기준일 시점보정)",520058716.5172537,463390348.12074953,583657104.0428683,0.8,"공시가격 3.05억 × 실거래/공시 비율 1.71(같은 건물 1건+법정동, 기준일 시점보정)",공시비율,같은 건물,1,법정동,305000000.0,0.1125272493329099,0.0,-0.0626251494119539,1162010300106020139,11620,56.28,[],남현동,B,False,56.28,2026-04-01,455000000,465764350.9909192,0.11657046188876975,0.11026189992499162
B,B1 공시비율,"공시가격 1.51억 × 실거래/공시 비율 1.71(같은 건물 6건+법정동, 기준일 시점보정)",258779323.43415305,229698879.19164833,291541423.59207845,0.8,"공시가격 1.51억 × 실거래/공시 비율 1.71(같은 건물 6건+법정동, 기준일 시점보정)",공시비율,같은 건물,6,법정동,151000000.0,0.11626720037590875,0.049487342341613845,0.012040358564189835,1150010300108640045,11500,39.35,[],화곡동,B,False,39.35,2026-04-02,239000000,245008348.40505293,0.0562061461119425,0.05468338035343029
B,B1 공시비율,"공시가격 1.14억 × 실거래/공시 비율 1.85(같은 건물 2건+법정동, 기준일 시점보정)",210679199.22496426,179127794.1293918,247788039.8282047,0.8,"공시가격 1.14억 × 실거래/공시 비율 1.85(같은 건물 2건+법정동, 기준일 시점보정)",공시비율,같은 건물,2,법정동,114000000.0,0.15823688056542393,0.03250213872549904,0.06482843116372405,1162010200100980049,11620,46.18,[],신림동,B,False,46.18,2026-04-02,172000000,176069161.25371012,0.19657069826885903,0.17945971418346368
B,B1 공시비율,"공시가격 1.16억 × 실거래/공시 비율 1.70(법정동 12904건, 기준일 시점보정)",197010248.61448088,169736580.15796027,228666313.54902625,0.65,"공시가격 1.16억 × 실거래/공시 비율 1.70(법정동 12904건, 기준일 시점보정)",공시비율,법정동,12904,법정동,116000000.0,0.11626720037590875,,,1150010300101540013,11500,50.78,[],화곡동,B,False,50.78,2026-04-04,160000000,164022325.29208565,0.20111849569045806,0.18325320241941356
B,B1 공시비율,"공시가격 1.66억 × 실거래/공시 비율 1.67(같은 건물 2건+법정동, 기준일 시점보정)",277653678.0191342,246452219.59034166,312805317.9869768,0.8,"공시가격 1.66억 × 실거래/공시 비율 1.67(같은 건물 2건+법정동, 기준일 시점보정)",공시비율,같은 건물,2,법정동,166000000.0,0.11626720037590875,0.023617153454698676,-0.030557546992785622,1150010300103380006,11500,29.94,[],화곡동,B,False,29.94,2026-04-04,260000000,266536278.59963918,0.04171064246077493,0.04086421039149664
B,B1 공시비율,"공시가격 1.91억 × 실거래/공시 비율 1.79(같은 건물 2건+법정동, 기준일 시점보정)",342033118.9869248,296983516.92520165,393916321.3337128,0.8,"공시가격 1.91억 × 실거래/공시 비율 1.79(같은 건물 2건+법정동, 기준일 시점보정)",공시비율,같은 건물,2,법정동,191000000.0,0.1377486470259829,0.13163132951678025,-0.02930584574004058,1162010100106350511,11620,63.84,[],봉천동,B,False,63.84,2026-04-04,300000000,307097374.2797269,0.11376113126703537,0.10774269415656161
B,B1 공시비율,"공시가격 1.07억 × 실거래/공시 비율 1.79(같은 건물 1건+법정동, 기준일 시점보정)",191891584.74391463,166617308.50624642,220999730.61412475,0.8,"공시가격 1.07억 × 실거래/공시 비율 1.79(같은 건물 1건+법정동, 기준일 시점보정)",공시비율,같은 건물,1,법정동,107000000.0,0.1377486470259829,0.0,-0.03955605314625066,1162010100116900128,11620,46.74,[],봉천동,B,False,46.74,2026-04-04,155000000,158666976.71119225,0.20939838094475235,0.19012303013006018
B,B1 공시비율,"공시가격 0.98억 × 실거래/공시 비율 1.73(같은 건물 4건+법정동, 기준일 시점보정)",169118585.256649,150113807.27183187,190529414.97525597,0.8,"공시가격 0.98억 × 실거래/공시 비율 1.73(같은 건물 4건+법정동, 기준일 시점보정)",공시비율,같은 건물,4,법정동,97800000.0,0.11626720037590875,0.023330450386656418,0.02701503003209449,1150010300101580001,11500,42.02,[],화곡동,B,False,42.02,2026-04-07,148000000,151720650.8951792,0.11467083919571149,0.10855914984492737
B,B1 공시비율,"공시가격 1.34억 × 실거래/공시 비율 1.59(같은 건물 1건+법정동, 기준일 시점보정)",213711217.9130673,189695322.53918478,240767584.8330531,0.8,"공시가격 1.34억 × 실거래/공시 비율 1.59(같은 건물 1건+법정동, 기준일 시점보정)",공시비율,같은 건물,1,법정동,134000000.0,0.11626720037590875,0.0,-0.18863911488566448,1150010300104660001,11500,59.88,[],화곡동,B,False,59.88,2026-04-07,213000000,218354720.545089,0.021265867852226436,-0.021495244173528272
B,B1 공시비율,"공시가격 1.61억 × 실거래/공시 비율 1.82(법정동 3592건, 기준일 시점보정)",292566336.1820676,245219263.97135374,349055207.49380314,0.65,"공시가격 1.61억 × 실거래/공시 비율 1.82(법정동 3592건, 기준일 시점보정)",공시비율,법정동,3592,법정동,161000000.0,0.1377486470259829,,,1162010100106350169,11620,76.68,[],봉천동,B,False,76.68,2026-04-08,340000000,348043690.8503572,0.1593976737022431,-0.17363658898959092
B,B1 공시비율,"공시가격 1.94억 × 실거래/공시 비율 1.57(같은 건물 5건+법정동, 기준일 시점보정)",305274781.459854,259556702.3579049,359045601.0142148,0.8,"공시가격 1.94억 × 실거래/공시 비율 1.57(같은 건물 5건+법정동, 기준일 시점보정)",공시비율,같은 건물,5,법정동,194000000.0,0.15823688056542393,0.04191374535685762,-0.17971771292853367,1162010200116330040,11620,30.85,[],신림동,B,False,30.85,2026-04-08,320000000,327570532.5650421,0.068063970622147,-0.07049110465883711
B,B1 공시비율,"공시가격 1.92억 × 실거래/공시 비율 1.87(같은 건물 2건+법정동, 기준일 시점보정)",358864591.727172,319760793.9394048,402750423.5554113,0.8,"공시가격 1.92억 × 실거래/공시 비율 1.87(같은 건물 2건+법정동, 기준일 시점보정)",공시비율,같은 건물,2,법정동,192000000.0,0.1125272493329099,0.07271281146442655,0.14188953742855015,1162010300110720055,11620,63.99,[],남현동,B,False,63.99,2026-04-08,345000000,353161980.421686,0.016147296769252837,0.016018315783212316
B,B1 공시비율,"공시가격 0.95억 × 실거래/공시 비율 1.70(법정동 12904건, 기준일 시점보정)",162023945.84328878,139593704.71611577,188058330.28083733,0.65,"공시가격 0.95억 × 실거래/공시 비율 1.70(법정동 12904건, 기준일 시점보정)",공시비율,법정동,12904,법정동,95400000.0,0.11626720037590875,,,1150010300103620130,11500,40.05,[],화곡동,B,False,40.05,2026-04-09,123000000,126092162.56829084,0.284964446188616,0.2507310496287003
B,B1 공시비율,"공시가격 1.62억 × 실거래/공시 비율 1.71(같은 건물 2건+법정동, 기준일 시점보정)",276318538.9624842,245267117.39281023,311301147.03504914,0.8,"공시가격 1.62억 × 실거래/공시 비율 1.71(같은 건물 2건+법정동, 기준일 시점보정)",공시비율,같은 건물,2,법정동,162000000.0,0.11626720037590875,0.2866471222326312,0.008584863932041498,1150010300108970007,11500,60.6,[],화곡동,B,False,60.6,2026-04-10,340000000,348547441.245682,0.20722832457199292,-0.23222002386492674
B,B1 공시비율,"공시가격 1.05억 × 실거래/공시 비율 1.76(같은 건물 2건+법정동, 기준일 시점보정)",184961111.12590265,160599656.0779352,213017969.4303138,0.8,"공시가격 1.05억 × 실거래/공시 비율 1.76(같은 건물 2건+법정동, 기준일 시점보정)",공시비율,같은 건물,2,법정동,105000000.0,0.1377486470259829,0.07964078268087439,-0.062203647294283626,1162010100100660064,11620,34.73,[],봉천동,B,False,34.73,2026-04-10,160000000,163785266.28252104,0.12929029163621095,0.1215893749127051
B,B1 공시비율,"공시가격 2.04억 × 실거래/공시 비율 1.82(법정동 3592건, 기준일 시점보정)",370705171.31143916,310712607.7649447,442281132.47661954,0.65,"공시가격 2.04억 × 실거래/공시 비율 1.82(법정동 3592건, 기준일 시점보정)",공시비율,법정동,3592,법정동,204000000.0,0.1377486470259829,,,1162010100101800395,11620,64.07,[],봉천동,B,False,64.07,2026-04-10,360000000,368516849.13567233,0.005938187577852588,0.005920626030212463
B,B1 공시비율,"공시가격 1.54억 × 실거래/공시 비율 1.55(같은 건물 3건+법정동, 기준일 시점보정)",239372497.7365259,212472904.3639225,269677645.92929614,0.8,"공시가격 1.54억 × 실거래/공시 비율 1.55(같은 건물 3건+법정동, 기준일 시점보정)",공시비율,같은 건물,3,법정동,154500000.0,0.11626720037590875,0.010966554493299743,-0.15306458246622556,1150010300108240009,11500,29.94,[],화곡동,B,False,29.94,2026-04-11,230000000,235782092.60737312,0.015227641291366245,0.015112864481744991
B,B1 공시비율,"공시가격 2.42억 × 실거래/공시 비율 1.79(법정동 5579건, 기준일 시점보정)",432967062.0244739,353493560.8483813,530308038.2799653,0.65,"공시가격 2.42억 × 실거래/공시 비율 1.79(법정동 5579건, 기준일 시점보정)",공시비율,법정동,5579,법정동,242000000.0,0.15823688056542393,,,1162010200105450023,11620,43.51,[],신림동,B,False,43.51,2026-04-11,420000000,429936323.99161774,0.007049271865931605,0.007024541899831899
B,B1 공시비율,"공시가격 4.47억 × 실거래/공시 비율 1.75(같은 건물 1건+법정동, 기준일 시점보정)",783637966.9615241,663008861.955202,926214562.8832989,0.8,"공시가격 4.47억 × 실거래/공시 비율 1.75(같은 건물 1건+법정동, 기준일 시점보정)",공시비율,같은 건물,1,법정동,447000000.0,0.16303719990545099,0.0,-0.01357840520831477,1168010400100690019,11680,37.2,[],청담동,B,False,37.2,2026-04-13,387200000,388857190.9718076,1.0152333174117343,0.7007349789742459
B,B1 공시비율,"공시가격 4.65억 × 실거래/공시 비율 1.78(법정동 1027건, 기준일 시점보정)",827500957.0628055,674162859.8139877,1015715748.7566057,0.65,"공시가격 4.65억 × 실거래/공시 비율 1.78(법정동 1027건, 기준일 시점보정)",공시비율,법정동,1027,법정동,465000000.0,0.15990835699622905,,,1168010100107250044,11680,83.7,[],역삼동,B,False,83.7,2026-04-13,880000000,883766343.1177446,0.06366545466808161,-0.06578244613752961
B,B1 공시비율,"공시가격 0.98억 × 실거래/공시 비율 1.76(같은 건물 1건+법정동, 기준일 시점보정)",172262776.12268892,152904668.25836566,194071668.15439662,0.8,"공시가격 0.98억 × 실거래/공시 비율 1.76(같은 건물 1건+법정동, 기준일 시점보정)",공시비율,같은 건물,1,법정동,97800000.0,0.11626720037590875,0.0,0.10929282712545452,1150010300104080107,11500,58.0,[],화곡동,B,False,58.0,2026-04-13,162000000,166072604.35823673,0.03727388866076498,0.036596010730413374
B,B1 공시비율,"공시가격 1.24억 × 실거래/공시 비율 1.59(같은 건물 3건+법정동, 기준일 시점보정)",197171376.80156156,175014153.5999379,222133759.07122734,0.8,"공시가격 1.24억 × 실거래/공시 비율 1.59(같은 건물 3건+법정동, 기준일 시점보정)",공시비율,같은 건물,3,법정동,124000000.0,0.11626720037590875,0.08661133123859631,-0.10978973623136185,1150010300100560134,11500,64.05,[],화곡동,B,False,64.05,2026-04-14,210000000,215279301.9458624,0.08411363740325839,-0.08786298030437467
B,B1 공시비율,"공시가격 1.20억 × 실거래/공시 비율 1.81(같은 건물 1건+법정동, 기준일 시점보정)",217714694.2017164,193248906.3578975,245277911.08717856,0.8,"공시가격 1.20억 × 실거래/공시 비율 1.81(같은 건물 1건+법정동, 기준일 시점보정)",공시비율,같은 건물,1,법정동,120000000.0,0.11626720037590875,0.0,0.19808448287959124,1150010300108910031,11500,54.05,[],화곡동,B,False,54.05,2026-04-14,380000000,389553022.5687034,0.44111666040707154,-0.581814522431648
B,B1 공시비율,"공시가격 0.89억 × 실거래/공시 비율 1.67(같은 건물 8건+법정동, 기준일 시점보정)",148984570.84300968,129361630.08892801,171584126.86990052,0.8,"공시가격 0.89억 × 실거래/공시 비율 1.67(같은 건물 8건+법정동, 기준일 시점보정)",공시비율,같은 건물,8,법정동,89400000.0,0.1377486470259829,0.26206064356251263,-0.10820624915682919,1162010100106350412,11620,36.0,[],봉천동,B,False,36.0,2026-04-14,150000000,153548687.13986346,0.029724228724251137,-0.030174947606099182
B,B1 공시비율,"공시가격 2.34억 × 실거래/공시 비율 1.73(같은 건물 5건+법정동, 기준일 시점보정)",404386166.2633846,343825124.6714356,475614374.0846969,0.8,"공시가격 2.34억 × 실거래/공시 비율 1.73(같은 건물 5건+법정동, 기준일 시점보정)",공시비율,같은 건물,5,법정동,234000000.0,0.15823688056542393,0.04045538784703384,-0.04854467320401912,1162010200106110022,11620,49.48,[],신림동,B,False,49.48,2026-04-14,360000000,368516849.13567233,0.09733426629431177,0.09288384435380524
B,B1 공시비율,"공시가격 3.90억 × 실거래/공시 비율 2.02(같은 건물 1건+법정동, 기준일 시점보정)",789582417.8008409,656274190.1114941,949969393.7290229,0.8,"공시가격 3.90억 × 실거래/공시 비율 2.02(같은 건물 1건+법정동, 기준일 시점보정)",공시비율,같은 건물,1,법정동,390000000.0,0.1803658964378039,0.0,0.045810452930418966,1168010300111960008,11680,59.8,[],개포동,B,False,59.8,2026-04-15,805000000,808445347.9656641,0.023332350433197657,-0.023608859257248725
B,B1 공시비율,"공시가격 3.39억 × 실거래/공시 비율 1.96(같은 건물 4건+법정동, 기준일 시점보정)",663611413.388537,563262581.9030287,781838031.0150756,0.8,"공시가격 3.39억 × 실거래/공시 비율 1.96(같은 건물 4건+법정동, 기준일 시점보정)",공시비율,같은 건물,4,법정동,339000000.0,0.15990835699622905,0.1826647166421788,0.14298568762874042,1168010100106950023,11680,64.86,[],역삼동,B,False,64.86,2026-04-15,550000000,552353964.4485904,0.20142418829384864,0.18350767665379686
B,B1 공시비율,"공시가격 2.83억 × 실거래/공시 비율 1.82(법정동 3592건, 기준일 시점보정)",514262566.0840069,431037588.22293854,613556669.0729584,0.65,"공시가격 2.83억 × 실거래/공시 비율 1.82(법정동 3592건, 기준일 시점보정)",공시비율,법정동,3592,법정동,283000000.0,0.1377486470259829,,,1162010100116920006,11620,53.25,[],봉천동,B,False,53.25,2026-04-15,520000000,532302115.41819334,0.03388968183982135,-0.03447725029608237
B,B1 공시비율,"공시가격 1.50억 × 실거래/공시 비율 1.83(같은 건물 6건+법정동, 기준일 시점보정)",276158696.5816288,245125237.37224844,311121068.2148154,0.8,"공시가격 1.50억 × 실거래/공시 비율 1.83(같은 건물 6건+법정동, 기준일 시점보정)",공시비율,같은 건물,6,법정동,150500000.0,0.11626720037590875,0.03648225123442485,0.10312939226475426,1150010300104530018,11500,52.3,[],화곡동,B,False,52.3,2026-04-16,330000000,338296045.91492665,0.1836774330756556,-0.2029456995261564
B,B1 공시비율,"공시가격 1.19억 × 실거래/공시 비율 1.67(같은 건물 4건+법정동, 기준일 시점보정)",198822154.38466662,172635044.31002465,228981602.38642085,0.8,"공시가격 1.19억 × 실거래/공시 비율 1.67(같은 건물 4건+법정동, 기준일 시점보정)",공시비율,같은 건물,4,법정동,119000000.0,0.1377486470259829,0.15467542055515557,-0.12599974630770394,1162010100101000147,11620,24.02,[],봉천동,B,False,24.02,2026-04-16,202000000,206778898.6816828,0.03847947903651839,-0.039239371525326756
B,B1 공시비율,"공시가격 1.98억 × 실거래/공시 비율 2.08(같은 건물 7건+법정동, 기준일 시점보정)",412542830.45658493,342891642.26613855,496342185.05983526,0.8,"공시가격 1.98억 × 실거래/공시 비율 2.08(같은 건물 7건+법정동, 기준일 시점보정)",공시비율,같은 건물,7,법정동,198000000.0,0.1803658964378039,0.23634648574846057,0.056553004995412715,1168010300112190011,11680,39.9,[],개포동,B,False,39.9,2026-04-17,525000000,527246966.0645635,0.21755295523868903,-0.2453290332842857
B,B1 공시비율,"공시가격 1.06억 × 실거래/공시 비율 1.70(법정동 12904건, 기준일 시점보정)",180026606.49254286,155104116.35123953,208953700.3120412,0.65,"공시가격 1.06억 × 실거래/공시 비율 1.70(법정동 12904건, 기준일 시점보정)",공시비율,법정동,12904,법정동,106000000.0,0.11626720037590875,,,1150010300101050081,11500,47.26,[],화곡동,B,False,47.26,2026-04-17,210000000,215279301.9458624,0.16375329692486998,-0.17883161005852583
B,B1 공시비율,"공시가격 1.02억 × 실거래/공시 비율 1.80(같은 건물 5건+법정동, 기준일 시점보정)",183373721.24618644,155911595.96659005,215673000.043433,0.8,"공시가격 1.02억 × 실거래/공시 비율 1.80(같은 건물 5건+법정동, 기준일 시점보정)",공시비율,같은 건물,5,법정동,102000000.0,0.15823688056542393,0.02339161982337642,0.006761327991296473,1162010200115620000,11620,43.95,[],신림동,B,False,43.95,2026-04-17,210000000,214968161.99580887,0.14697265146751554,-0.15896367041885742
B,B1 공시비율,"공시가격 2.34억 × 실거래/공시 비율 1.77(같은 건물 3건+법정동, 기준일 시점보정)",413574410.03103685,359102016.685051,476309752.341306,0.8,"공시가격 2.34억 × 실거래/공시 비율 1.77(같은 건물 3건+법정동, 기준일 시점보정)",공시비율,같은 건물,3,법정동,234000000.0,0.1377486470259829,0.03972542837290441,-0.04628455286049782,1162010100106450039,11620,49.44,[],봉천동,B,False,49.44,2026-04-17,395000000,404344876.1349738,0.022825895518414165,0.022569282376432395
B,B1 공시비율,"공시가격 2.76억 × 실거래/공시 비율 1.57(같은 건물 3건+법정동, 기준일 시점보정)",434369615.1801112,387038387.7792574,487489015.4289489,0.8,"공시가격 2.76억 × 실거래/공시 비율 1.57(같은 건물 3건+법정동, 기준일 시점보정)",공시비율,같은 건물,3,법정동,276000000.0,0.1125272493329099,0.024457395238176707,-0.1683500682656643,1162010300110700022,11620,61.02,[],남현동,B,False,61.02,2026-04-17,370000000,378753428.2783299,0.1468400884305959,0.13701041119199836
B,B1 공시비율,"공시가격 1.14억 × 실거래/공시 비율 1.73(같은 건물 2건+법정동, 기준일 시점보정)",197698076.5179526,175481665.1959961,222727140.2698657,0.8,"공시가격 1.14억 × 실거래/공시 비율 1.73(같은 건물 2건+법정동, 기준일 시점보정)",공시비율,같은 건물,2,법정동,114000000.0,0.11626720037590875,0.11119088555224393,0.041753985470755706,1150010300101630010,11500,58.18,[],화곡동,B,False,58.18,2026-04-18,212000000,217329581.0120135,0.0903305679909985,-0.09467400699526304
B,B1 공시비율,"공시가격 2.34억 × 실거래/공시 비율 1.83(같은 건물 7건+법정동, 기준일 시점보정)",428022649.7127623,371647260.97825384,492949653.88660234,0.8,"공시가격 2.34억 × 실거래/공시 비율 1.83(같은 건물 7건+법정동, 기준일 시점보정)",공시비율,같은 건물,7,법정동,234000000.0,0.1377486470259829,0.08652822042519143,0.0084444844796705,1162010100100410113,11620,54.4,[],봉천동,B,False,54.4,2026-04-18,455000000,465764350.9909192,0.08103175178147697,-0.08450370758402052
B,B1 공시비율,"공시가격 1.65억 × 실거래/공시 비율 1.70(법정동 12904건, 기준일 시점보정)",280230095.0119766,241435652.8108913,325258118.4102522,0.65,"공시가격 1.65억 × 실거래/공시 비율 1.70(법정동 12904건, 기준일 시점보정)",공시비율,법정동,12904,법정동,165000000.0,0.11626720037590875,,,1150010300100580009,11500,63.3,[],화곡동,B,False,63.3,2026-04-19,220000000,225530697.27661777,0.24253637485219567,0.2171547540950929
B,B1 공시비율,"공시가격 0.92억 × 실거래/공시 비율 1.68(같은 건물 2건+법정동, 기준일 시점보정)",154467709.0862373,137109329.97874746,174023701.77178234,0.8,"공시가격 0.92억 × 실거래/공시 비율 1.68(같은 건물 2건+법정동, 기준일 시점보정)",공시비율,같은 건물,2,법정동,91900000.0,0.11626720037590875,0.09478117440757593,-0.02076303449646888,1150010300109950030,11500,60.87,[],화곡동,B,False,60.87,2026-04-20,120000000,123016743.96906424,0.25566409988125066,0.2276645958782376
B,B1 공시비율,"공시가격 0.92억 × 실거래/공시 비율 1.68(같은 건물 2건+법정동, 기준일 시점보정)",155288694.7506748,137838057.00550964,174948626.2448139,0.8,"공시가격 0.92억 × 실거래/공시 비율 1.68(같은 건물 2건+법정동, 기준일 시점보정)",공시비율,같은 건물,2,법정동,92400000.0,0.11626720037590875,0.02907875015042007,-0.021013214083073772,1150010300108550027,11500,28.81,[],화곡동,B,False,28.81,2026-04-20,120000000,123016743.96906424,0.262337871580524,0.23296545537092986
B,B1 공시비율,"공시가격 1.00억 × 실거래/공시 비율 1.77(같은 건물 3건+법정동, 기준일 시점보정)",177374808.76683006,157442233.90761322,199830896.7308687,0.8,"공시가격 1.00억 × 실거래/공시 비율 1.77(같은 건물 3건+법정동, 기준일 시점보정)",공시비율,같은 건물,3,법정동,100000000.0,0.11626720037590875,0.010044534562709184,0.07238218610016889,1150010300101050241,11500,44.68,[],화곡동,B,False,44.68,2026-04-21,206000000,211178743.81356028,0.16007262111841197,-0.17443984459451048
B,B1 공시비율,"공시가격 1.48억 × 실거래/공시 비율 1.70(법정동 12904건, 기준일 시점보정)",251357903.4046827,216560464.3394667,291746675.9073785,0.65,"공시가격 1.48억 × 실거래/공시 비율 1.70(법정동 12904건, 기준일 시점보정)",공시비율,법정동,12904,법정동,148000000.0,0.11626720037590875,,,1150010300101570004,11500,61.0,[],화곡동,B,False,61.0,2026-04-21,257000000,263460860.00041258,0.04593834771400554,-0.04702698458422824
B,B1 공시비율,"공시가격 1.14억 × 실거래/공시 비율 1.64(같은 건물 4건+법정동, 기준일 시점보정)",187461443.26647174,166395378.26488662,211194524.0186059,0.8,"공시가격 1.14억 × 실거래/공시 비율 1.64(같은 건물 4건+법정동, 기준일 시점보정)",공시비율,같은 건물,4,법정동,114000000.0,0.11626720037590875,0.09020803981398753,-0.04843622961653615,1150010300104580011,11500,58.97,[],화곡동,B,False,58.97,2026-04-21,180000000,184525115.95359635,0.015912886967722084,0.01578760430680372
B,B1 공시비율,"공시가격 0.90억 × 실거래/공시 비율 1.48(같은 건물 3건+법정동, 기준일 시점보정)",133511140.5030324,118507765.3275054,150413979.95447025,0.8,"공시가격 0.90억 × 실거래/공시 비율 1.48(같은 건물 3건+법정동, 기준일 시점보정)",공시비율,같은 건물,3,법정동,90000000.0,0.11626720037590875,0.0727775872763898,-0.225483843688279,1150010300104600011,11500,41.22,[],화곡동,B,False,41.22,2026-04-21,115000000,117891046.30368656,0.1324960180530469,0.12442406230092098
B,B1 공시비율,"공시가격 1.56억 × 실거래/공시 비율 1.59(같은 건물 4건+법정동, 기준일 시점보정)",248701936.83454522,220753943.49743375,280188215.0113126,0.8,"공시가격 1.56억 × 실거래/공시 비율 1.59(같은 건물 4건+법정동, 기준일 시점보정)",공시비율,같은 건물,4,법정동,156000000.0,0.11626720037590875,0.060144301356086526,-0.09489964250668792,1150010300109750001,11500,40.5,[],화곡동,B,False,40.5,2026-04-21,195000000,199902208.94972938,0.24411800220320629,0.21842684689487213
B,B1 공시비율,"공시가격 5.49억 × 실거래/공시 비율 1.67(같은 건물 2건+법정동, 기준일 시점보정)",916374665.523983,777803922.1145183,1079632673.1437516,0.8,"공시가격 5.49억 × 실거래/공시 비율 1.67(같은 건물 2건+법정동, 기준일 시점보정)",공시비율,같은 건물,2,법정동,549000000.0,0.15990835699622905,0.33274226080260183,-0.12809199039894903,1168010100106740043,11680,104.98,[],역삼동,B,False,104.98,2026-04-21,980000000,984194336.653852,0.06890882075225925,-0.07139806960719014
B,B1 공시비율,"공시가격 1.59억 × 실거래/공시 비율 1.95(같은 건물 2건+법정동, 기준일 시점보정)",309457915.6821878,257210948.98942482,372317749.1262293,0.8,"공시가격 1.59억 × 실거래/공시 비율 1.95(같은 건물 2건+법정동, 기준일 시점보정)",공시비율,같은 건물,2,법정동,159000000.0,0.1803658964378039,0.24989687060539234,-0.04833885013553452,1168010300101600004,11680,41.27,[],개포동,B,False,41.27,2026-04-21,590000000,592525161.8630333,0.47773033855780567,-0.6495712316864846
B,B1 공시비율,"공시가격 3.32억 × 실거래/공시 비율 2.41(같은 건물 2건+법정동, 기준일 시점보정)",798505550.4484503,640939713.5684259,994806688.6776116,0.8,"공시가격 3.32억 × 실거래/공시 비율 2.41(같은 건물 2건+법정동, 기준일 시점보정)",공시비율,같은 건물,2,법정동,332000000.0,0.214386818061813,0.5988626831994446,0.43890894544404424,1168010500100470026,11680,59.97,[],삼성동,B,False,59.97,2026-04-22,950000000,954065938.5930197,0.16304993381691987,-0.17799086835700711
B,B1 공시비율,"공시가격 1.76억 × 실거래/공시 비율 1.82(법정동 3592건, 기준일 시점보정)",319824069.3667312,268065779.24818707,381575878.9994358,0.65,"공시가격 1.76억 × 실거래/공시 비율 1.82(법정동 3592건, 기준일 시점보정)",공시비율,법정동,3592,법정동,176000000.0,0.1377486470259829,,,1162010100106350337,11620,68.67,[],봉천동,B,False,68.67,2026-04-23,180000000,184258424.56783617,0.7357364805264875,0.5514318077840913
B,B1 공시비율,"공시가격 1.89억 × 실거래/공시 비율 1.98(같은 건물 1건+법정동, 기준일 시점보정)",373552188.3309571,317608856.18556404,439349327.6060268,0.8,"공시가격 1.89억 × 실거래/공시 비율 1.98(같은 건물 1건+법정동, 기준일 시점보정)",공시비율,같은 건물,1,법정동,189000000.0,0.15823688056542393,0.0,0.2987603334632658,1162010200104150020,11620,55.44,[],신림동,B,False,55.44,2026-04-23,410000000,419699744.84896016,0.10995373974937832,-0.11648183979706374
B,B1 공시비율,"공시가격 2.62억 × 실거래/공시 비율 2.00(같은 건물 5건+법정동, 기준일 시점보정)",524787130.51107717,421233030.78515095,653798520.5878081,0.8,"공시가격 2.62억 × 실거래/공시 비율 2.00(같은 건물 5건+법정동, 기준일 시점보정)",공시비율,같은 건물,5,법정동,262000000.0,0.214386818061813,0.04485645683392381,0.051094027358688954,1168010500100240018,11680,29.68,[],삼성동,B,False,29.68,2026-04-24,510000000,512182767.03414744,0.024609112778074756,0.0243111864694323
B,B1 공시비율,"공시가격 1.38억 × 실거래/공시 비율 1.77(같은 건물 1건+법정동, 기준일 시점보정)",244203954.23177603,207631867.78825393,287217814.38315916,0.8,"공시가격 1.38억 × 실거래/공시 비율 1.77(같은 건물 1건+법정동, 기준일 시점보정)",공시비율,같은 건물,1,법정동,138000000.0,0.15823688056542393,0.0,-0.0329215822236929,1162010200104120451,11620,46.8,[],신림동,B,False,46.8,2026-04-24,370000000,378753428.2783299,0.35524292059392043,-0.4388816542017396
B,B1 공시비율,"공시가격 1.15억 × 실거래/공시 비율 1.65(같은 건물 6건+법정동, 기준일 시점보정)",189876914.44061577,168539409.7665448,213915799.79678747,0.8,"공시가격 1.15억 × 실거래/공시 비율 1.65(같은 건물 6건+법정동, 기준일 시점보정)",공시비율,같은 건물,6,법정동,115000000.0,0.11626720037590875,0.06707335821242759,-0.03762885941839966,1150010300103590028,11500,29.98,[],화곡동,B,False,29.98,2026-04-25,195000000,199902208.94972938,0.050150994137512166,-0.05145224821742239
B,B1 공시비율,"공시가격 1.75억 × 실거래/공시 비율 1.82(법정동 3592건, 기준일 시점보정)",318006887.1544208,266542678.22973192,379407834.23239416,0.65,"공시가격 1.75억 × 실거래/공시 비율 1.82(법정동 3592건, 기준일 시점보정)",공시비율,법정동,3592,법정동,175000000.0,0.1377486470259829,,,1162010100101000263,11620,55.26,[],봉천동,B,False,55.26,2026-04-25,400000000,409463165.7063026,0.2233565463553345,-0.25277390954831636
B,B1 공시비율,"공시가격 1.08억 × 실거래/공시 비율 1.79(법정동 5579건, 기준일 시점보정)",193224969.82910368,157757456.90754175,236666397.24890968,0.65,"공시가격 1.08억 × 실거래/공시 비율 1.79(법정동 5579건, 기준일 시점보정)",공시비율,법정동,5579,법정동,108000000.0,0.15823688056542393,,,1162010200106460472,11620,42.3,[],신림동,B,False,42.3,2026-04-25,205500000,210361701.38161296,0.08146317243090688,-0.08497327979151201
B,B1 공시비율,"공시가격 0.55억 × 실거래/공시 비율 1.84(같은 건물 9건+법정동, 기준일 시점보정)",101484040.36527179,86285747.98482162,119359346.00314058,0.8,"공시가격 0.55억 × 실거래/공시 비율 1.84(같은 건물 9건+법정동, 기준일 시점보정)",공시비율,같은 건물,9,법정동,55100000.0,0.15823688056542393,0.04266669354883804,0.03547854744425927,1162010200100920175,11620,34.08,[],신림동,B,False,34.08,2026-04-27,155000000,158666976.71119225,0.3603959534062693,-0.4469059712854244
B,B1 공시비율,"공시가격 1.83억 × 실거래/공시 비율 1.70(같은 건물 2건+법정동, 기준일 시점보정)",311767150.52180016,265076771.51052448,366681529.99827695,0.8,"공시가격 1.83억 × 실거래/공시 비율 1.70(같은 건물 2건+법정동, 기준일 시점보정)",공시비율,같은 건물,2,법정동,183000000.0,0.15823688056542393,0.04843685200237397,-0.09790697163335449,1162010200106260034,11620,44.39,[],신림동,B,False,44.39,2026-04-27,240000000,245677899.42378154,0.26900771804474816,0.2382352707033126
B,B1 공시비율,"공시가격 1.98억 × 실거래/공시 비율 1.82(법정동 3592건, 기준일 시점보정)",359802078.03757274,301574001.65421057,429272863.8743654,0.65,"공시가격 1.98억 × 실거래/공시 비율 1.82(법정동 3592건, 기준일 시점보정)",공시비율,법정동,3592,법정동,198000000.0,0.1377486470259829,,,1162010100101960105,11620,64.45,[],봉천동,B,False,64.45,2026-04-28,299000000,306073716.3654612,0.17554059299870853,0.16172812093999914
B,B1 공시비율,"공시가격 2.84억 × 실거래/공시 비율 1.57(같은 건물 2건+법정동, 기준일 시점보정)",444632129.42066133,378043835.53371567,522949224.2190526,0.8,"공시가격 2.84억 × 실거래/공시 비율 1.57(같은 건물 2건+법정동, 기준일 시점보정)",공시비율,같은 건물,2,법정동,284000000.0,0.15823688056542393,0.18508217420367432,-0.2669018061271803,1162010200103060056,11620,116.18,[],신림동,B,False,116.18,2026-04-28,392500000,401785731.34930944,0.10663991955976544,0.10132832489570957
B,B1 공시비율,"공시가격 1.59억 × 실거래/공시 비율 1.72(같은 건물 2건+법정동, 기준일 시점보정)",273426526.2831665,242700095.9544984,308042998.42261124,0.8,"공시가격 1.59억 × 실거래/공시 비율 1.72(같은 건물 2건+법정동, 기준일 시점보정)",공시비율,같은 건물,2,법정동,159000000.0,0.11626720037590875,0.13382203561408956,0.024926362748056374,1150010300103920012,11500,64.12,[],화곡동,B,False,64.12,2026-04-28,285000000,292164766.92652756,0.06413586703311577,-0.06628497012751672
B,B1 공시비율,"공시가격 2.03억 × 실거래/공시 비율 1.77(같은 건물 3건+법정동, 기준일 시점보정)",359538658.64204156,312183380.458443,414077286.4599251,0.8,"공시가격 2.03억 × 실거래/공시 비율 1.77(같은 건물 3건+법정동, 기준일 시점보정)",공시비율,같은 건물,3,법정동,203000000.0,0.1377486470259829,0.03650420133124888,-0.04278556588721638,1162010100106620123,11620,75.13,[],봉천동,B,False,75.13,2026-04-29,300000000,307097374.2797269,0.17076435278976776,0.1576568284894061
B,B1 공시비율,"공시가격 0.71억 × 실거래/공시 비율 2.12(같은 건물 5건+법정동, 기준일 시점보정)",151390002.42000124,131450239.3194429,174354439.7590003,0.8,"공시가격 0.71억 × 실거래/공시 비율 2.12(같은 건물 5건+법정동, 기준일 시점보정)",공시비율,같은 건물,5,법정동,71300000.0,0.1377486470259829,0.29406209531060873,0.21794627518762555,1162010100100410109,11620,31.34,[],봉천동,B,False,31.34,2026-04-29,190000000,194495003.71049374,0.22162523698888634,-0.25054717025577755
B,B1 공시비율,"공시가격 1.72억 × 실거래/공시 비율 1.70(같은 건물 3건+법정동, 기준일 시점보정)",292855429.43425363,259945667.27180406,329931648.59887564,0.8,"공시가격 1.72억 × 실거래/공시 비율 1.70(같은 건물 3건+법정동, 기준일 시점보정)",공시비율,같은 건물,3,법정동,172000000.0,0.11626720037590875,0.05168868122488528,0.004198393053423399,1150010300108320021,11500,42.535,[],화곡동,B,False,42.535,2026-04-29,280000000,287039069.2611499,0.020263304880674588,0.020060736023133276
B,B1 공시비율,"공시가격 1.69억 × 실거래/공시 비율 1.57(같은 건물 1건+법정동, 기준일 시점보정)",266098372.41620606,236195446.71341223,299787082.2144561,0.8,"공시가격 1.69억 × 실거래/공시 비율 1.57(같은 건물 1건+법정동, 기준일 시점보정)",공시비율,같은 건물,1,법정동,169000000.0,0.11626720037590875,0.0,-0.22709463929100177,1150010300111150034,11500,29.74,[],화곡동,B,False,29.74,2026-04-29,210000000,215279301.9458624,0.23606110764481866,0.21192979765547665
B,B1 공시비율,"공시가격 1.13억 × 실거래/공시 비율 1.72(같은 건물 3건+법정동, 기준일 시점보정)",193957418.50036895,172161365.32552814,218512905.7276885,0.8,"공시가격 1.13억 × 실거래/공시 비율 1.72(같은 건물 3건+법정동, 기준일 시점보정)",공시비율,같은 건물,3,법정동,113000000.0,0.11626720037590875,0.020869492262247484,0.017642107151138453,1150010300101050130,11500,40.92,[],화곡동,B,False,40.92,2026-04-30,182000000,186575395.01974744,0.03956590031520604,0.03880322247310287
B,B1 공시비율,"공시가격 2.64억 × 실거래/공시 비율 1.79(법정동 5579건, 기준일 시점보정)",472327704.0266985,385629339.10732484,578517859.9417801,0.65,"공시가격 2.64억 × 실거래/공시 비율 1.79(법정동 5579건, 기준일 시점보정)",공시비율,법정동,5579,법정동,264000000.0,0.15823688056542393,,,1162010200105630020,11620,49.005,[],신림동,B,False,49.005,2026-04-30,410000000,419699744.84896016,0.1253943082492888,0.11813347046852156
B,B1 공시비율,"공시가격 0.48억 × 실거래/공시 비율 1.70(법정동 12904건, 기준일 시점보정)",81181809.34286356,69943176.99612491,94226291.27278827,0.65,"공시가격 0.48억 × 실거래/공시 비율 1.70(법정동 12904건, 기준일 시점보정)",공시비율,법정동,12904,법정동,47800000.0,0.11626720037590875,,,1150010300109570002,11500,32.959,[],화곡동,B,False,32.959,2026-05-01,152000000,155667732.95956606,0.47849301971944214,-0.6510326196250247
B,B1 공시비율,"공시가격 1.92억 × 실거래/공시 비율 1.79(법정동 5579건, 기준일 시점보정)",343511057.4739626,280457701.16896355,420740261.7758401,0.65,"공시가격 1.92억 × 실거래/공시 비율 1.79(법정동 5579건, 기준일 시점보정)",공시비율,법정동,5579,법정동,192000000.0,0.15823688056542393,,,1162010200104930004,11620,61.39,[],신림동,B,False,61.39,2026-05-01,360000000,369584979.1523601,0.07054919206456331,-0.07316139636750084
B,B1 공시비율,"공시가격 2.46억 × 실거래/공시 비율 1.72(같은 건물 4건+법정동, 기준일 시점보정)",421851965.7797507,358061092.1271942,497007591.5677079,0.8,"공시가격 2.46억 × 실거래/공시 비율 1.72(같은 건물 4건+법정동, 기준일 시점보정)",공시비율,같은 건물,4,법정동,245500000.0,0.15990835699622905,0.011531984511412142,-0.05252301744920951,1168010100107960001,11680,23.63,[],역삼동,B,False,23.63,2026-05-02,385000000,390843418.67106533,0.07933751888190865,0.07634744448152114
B,B1 공시비율,"공시가격 1.57억 × 실거래/공시 비율 2.03(같은 건물 1건+법정동, 기준일 시점보정)",318514130.75739074,255663039.06151438,396816262.00072783,0.8,"공시가격 1.57억 × 실거래/공시 비율 2.03(같은 건물 1건+법정동, 기준일 시점보정)",공시비율,같은 건물,1,법정동,157000000.0,0.214386818061813,0.0,0.1478056745360803,1168010500100300005,11680,26.17,[],삼성동,B,False,26.17,2026-05-05,350000000,355312198.79187757,0.10356545077710975,-0.10932999560388597
B,B1 공시비율,"공시가격 1.21억 × 실거래/공시 비율 2.02(같은 건물 4건+법정동, 기준일 시점보정)",243977998.13483915,207439750.971011,286952058.58689076,0.8,"공시가격 1.21억 × 실거래/공시 비율 2.02(같은 건물 4건+법정동, 기준일 시점보정)",공시비율,같은 건물,4,법정동,121000000.0,0.15823688056542393,0.318718880251076,0.17934536149107272,1162010200116780042,11620,28.33,[],신림동,B,False,28.33,2026-05-05,160000000,164259990.73438227,0.4853160349276131,0.3956275677451693
B,B1 공시비율,"공시가격 2.11억 × 실거래/공시 비율 1.99(같은 건물 15건+법정동, 기준일 시점보정)",419071074.60430765,363874708.8183837,482640209.15414745,0.8,"공시가격 2.11억 × 실거래/공시 비율 1.99(같은 건물 15건+법정동, 기준일 시점보정)",공시비율,같은 건물,15,법정동,211000000.0,0.1377486470259829,0.007365877145867867,0.10074804616045363,1162010100115150004,11620,28.24,[],봉천동,B,False,28.24,2026-05-05,314000000,322360231.81622523,0.30000860293218934,0.2623708820857402
B,B1 공시비율,"공시가격 1.61억 × 실거래/공시 비율 1.78(같은 건물 7건+법정동, 기준일 시점보정)",286004109.21610075,253864267.28123164,322212934.3547149,0.8,"공시가격 1.61억 × 실거래/공시 비율 1.78(같은 건물 7건+법정동, 기준일 시점보정)",공시비율,같은 건물,7,법정동,161000000.0,0.11626720037590875,0.127610091625411,0.057775183609401703,1150010300109320008,11500,38.88,[],화곡동,B,False,38.88,2026-05-05,232000000,237598118.7277587,0.20373052929684982,0.18542550896041923
B,B1 공시비율,"공시가격 1.75억 × 실거래/공시 비율 1.78(같은 건물 4건+법정동, 기준일 시점보정)",312160427.7320727,265411151.36110604,367144078.6950683,0.8,"공시가격 1.75억 × 실거래/공시 비율 1.78(같은 건물 4건+법정동, 기준일 시점보정)",공시비율,같은 건물,4,법정동,175000000.0,0.15823688056542393,0.014725048433437735,-0.00448898481158122,1162010200116690001,11620,32.09,[],신림동,B,False,32.09,2026-05-05,285000000,292588108.4956184,0.06689376180422386,0.0647514001686821
B,B1 공시비율,"공시가격 1.20억 × 실거래/공시 비율 1.61(같은 건물 4건+법정동, 기준일 시점보정)",192854264.96321166,171182179.16915885,217270090.2337941,0.8,"공시가격 1.20억 × 실거래/공시 비율 1.61(같은 건물 4건+법정동, 기준일 시점보정)",공시비율,같은 건물,4,법정동,120000000.0,0.11626720037590875,0.11055457745315911,-0.082833753947119,1150010300101020147,11500,55.26,[],화곡동,B,False,55.26,2026-05-06,183000000,187415757.4447407,0.029018411219101894,0.0286053490330534
B,B1 공시비율,"공시가격 1.58억 × 실거래/공시 비율 1.67(같은 건물 7건+법정동, 기준일 시점보정)",263287363.67029387,233700326.35462415,296620192.83304244,0.8,"공시가격 1.58억 × 실거래/공시 비율 1.67(같은 건물 7건+법정동, 기준일 시점보정)",공시비율,같은 건물,7,법정동,158000000.0,0.11626720037590875,0.021780672090575614,-0.02444723937733373,1150010300103510042,11500,36.27,[],화곡동,B,False,36.27,2026-05-06,235000000,240670508.19406593,0.09397435375833718,0.08981726109094565
B,B1 공시비율,"공시가격 1.60억 × 실거래/공시 비율 1.71(같은 건물 9건+법정동, 기준일 시점보정)",274034190.8113357,243239473.9047638,308727594.77775216,0.8,"공시가격 1.60억 × 실거래/공시 비율 1.71(같은 건물 9건+법정동, 기준일 시점보정)",공시비율,같은 건물,9,법정동,160000000.0,0.11626720037590875,0.1176590489981556,0.010283176016827489,1150010300103570014,11500,38.12,[],화곡동,B,False,38.12,2026-05-06,265000000,271394402.85713816,0.009726759013475708,0.00967975862158098
B,B1 공시비율,"공시가격 1.18억 × 실거래/공시 비율 1.70(법정동 12904건, 기준일 시점보정)",200406977.03886858,172663072.9193045,232608836.19642335,0.65,"공시가격 1.18억 × 실거래/공시 비율 1.70(법정동 12904건, 기준일 시점보정)",공시비율,법정동,12904,법정동,118000000.0,0.11626720037590875,,,1150010300104090081,11500,59.92,[],화곡동,B,False,59.92,2026-05-06,245000000,250911806.41509002,0.20128518501305584,-0.22475132435521897
B,B1 공시비율,"공시가격 4.70억 × 실거래/공시 비율 1.87(같은 건물 1건+법정동, 기준일 시점보정)",879385214.397801,763560308.0702403,1012779667.9949067,0.8,"공시가격 4.70억 × 실거래/공시 비율 1.87(같은 건물 1건+법정동, 기준일 시점보정)",공시비율,같은 건물,1,법정동,470000000.0,0.1377486470259829,0.0,0.08760984682959616,1162010100100040039,11620,46.85,[],봉천동,B,False,46.85,2026-05-06,810000000,831566203.0928103,0.05750475563718135,0.055912128984620446
B,B1 공시비율,"공시가격 2.21억 × 실거래/공시 비율 1.79(법정동 5579건, 기준일 시점보정)",395395540.1132579,322818499.7830248,484289572.14823115,0.65,"공시가격 2.21억 × 실거래/공시 비율 1.79(법정동 5579건, 기준일 시점보정)",공시비율,법정동,5579,법정동,221000000.0,0.15823688056542393,,,1162010200103060003,11620,75.7,[],신림동,B,False,75.7,2026-05-06,365000000,374718103.86280954,0.05518131106368614,0.05371261099013162
B,B1 공시비율,"공시가격 0.87억 × 실거래/공시 비율 1.74(법정동 978건, 기준일 시점보정)",152473145.76517406,129565700.36618532,179430668.09983772,0.65,"공시가격 0.87억 × 실거래/공시 비율 1.74(법정동 978건, 기준일 시점보정)",공시비율,법정동,978,법정동,87400000.0,0.12702902307760694,,,1168010800101740000,11680,24.67,[],논현동,B,False,24.67,2026-05-07,115000000,116745436.74590263,0.30603088236359144,0.26699267710115127
B,B1 공시비율,"공시가격 1.41억 × 실거래/공시 비율 2.04(같은 건물 2건+법정동, 기준일 시점보정)",287506485.81009614,244449394.1049369,338147614.09221107,0.8,"공시가격 1.41억 × 실거래/공시 비율 2.04(같은 건물 2건+법정동, 기준일 시점보정)",공시비율,같은 건물,2,법정동,141000000.0,0.15823688056542393,0.11621000729776058,0.2615231984387876,1162010200100990025,11620,62.98,[],신림동,B,False,62.98,2026-05-07,210000000,215591237.83887672,0.33357222070855064,0.287861221934967
B,B1 공시비율,"공시가격 0.89억 × 실거래/공시 비율 1.83(같은 건물 3건+법정동, 기준일 시점보정)",163130336.1991943,138699868.74093455,191863963.75159866,0.8,"공시가격 0.89억 × 실거래/공시 비율 1.83(같은 건물 3건+법정동, 기준일 시점보정)",공시비율,같은 건물,3,법정동,89100000.0,0.15823688056542393,0.08339518739787238,0.03844370945421893,1162010200100980242,11620,33.41,[],신림동,B,False,33.41,2026-05-07,120000000,123194993.0507867,0.3241636868467893,0.2807810804221246
B,B1 공시비율,"공시가격 1.23억 × 실거래/공시 비율 1.67(같은 건물 1건+법정동, 기준일 시점보정)",206001921.82856867,182852362.11071572,232082272.86322153,0.8,"공시가격 1.23억 × 실거래/공시 비율 1.67(같은 건물 1건+법정동, 기준일 시점보정)",공시비율,같은 건물,1,법정동,123000000.0,0.11626720037590875,0.0,-0.0418932511910195,1150010300107730006,11500,39.38,[],화곡동,B,False,39.38,2026-05-07,175000000,179222718.86792144,0.14941857332485964,0.13925622610907562
B,B1 공시비율,"공시가격 0.72억 × 실거래/공시 비율 1.70(법정동 12904건, 기준일 시점보정)",121942550.43551476,105061090.1322546,141536563.04155228,0.65,"공시가격 0.72억 × 실거래/공시 비율 1.70(법정동 12904건, 기준일 시점보정)",공시비율,법정동,12904,법정동,71800000.0,0.11626720037590875,,,1150010300104210025,11500,39.25,[],화곡동,B,False,39.25,2026-05-08,99000000,101388852.38813841,0.2027214783800132,0.18458688764343023
B,B1 공시비율,"공시가격 1.58억 × 실거래/공시 비율 1.76(같은 건물 2건+법정동, 기준일 시점보정)",277916172.1207742,241311491.85577083,320073437.581778,0.8,"공시가격 1.58억 × 실거래/공시 비율 1.76(같은 건물 2건+법정동, 기준일 시점보정)",공시비율,같은 건물,2,법정동,158000000.0,0.1377486470259829,0.007713915537838886,-0.06512514056548602,1162010100101800099,11620,32.26,[],봉천동,B,False,32.26,2026-05-08,299000000,306960857.68487686,0.09462016031346789,-0.09940071097599731
B,B1 공시비율,"공시가격 1.96억 × 실거래/공시 비율 1.77(같은 건물 1건+법정동, 기준일 시점보정)",346514281.0977935,300874459.6723238,399077233.52619815,0.8,"공시가격 1.96억 × 실거래/공시 비율 1.77(같은 건물 1건+법정동, 기준일 시점보정)",공시비율,같은 건물,1,법정동,196000000.0,0.1377486470259829,0.0,-0.0824330775026425,1162010100101800327,11620,66.82,[],봉천동,B,False,66.82,2026-05-08,300000000,307987482.6269668,0.12509209186754597,0.11786489174390118
B,B1 공시비율,"공시가격 1.20억 × 실거래/공시 비율 1.88(같은 건물 8건+법정동, 기준일 시점보정)",225614380.9262963,195898433.7974447,259837957.32327035,0.8,"공시가격 1.20억 × 실거래/공시 비율 1.88(같은 건물 8건+법정동, 기준일 시점보정)",공시비율,같은 건물,8,법정동,120000000.0,0.1377486470259829,0.12975472828678447,0.042560567138063554,1162010100106350467,11620,29.99,[],봉천동,B,False,29.99,2026-05-08,210000000,215591237.83887672,0.04649142139491967,0.04544306544549239
B,B1 공시비율,"공시가격 0.94억 × 실거래/공시 비율 1.70(법정동 12904건, 기준일 시점보정)",159816072.3674366,137691484.42124185,185495690.56002897,0.65,"공시가격 0.94억 × 실거래/공시 비율 1.70(법정동 12904건, 기준일 시점보정)",공시비율,법정동,12904,법정동,94100000.0,0.11626720037590875,,,1150010300103420076,11500,19.69,[],화곡동,B,False,19.69,2026-05-09,145000000,148498824.20484918,0.0762110287619223,0.07344656589460194
B,B1 공시비율,"공시가격 2.64억 × 실거래/공시 비율 1.76(법정동 137건, 기준일 시점보정)",464919271.3270579,377252719.00871575,572957908.479087,0.65,"공시가격 2.64억 × 실거래/공시 비율 1.76(법정동 137건, 기준일 시점보정)",공시비율,법정동,137,법정동,264000000.0,0.16303719990545099,,,1168010400100220005,11680,50.94,[],청담동,B,False,50.94,2026-05-09,380000000,385767530.1168957,0.20517989470543976,0.18662884601192678
B,B1 공시비율,"공시가격 2.20억 × 실거래/공시 비율 1.71(같은 건물 5건+법정동, 기준일 시점보정)",375428760.1546273,329583065.0688485,427651687.5094827,0.8,"공시가격 2.20억 × 실거래/공시 비율 1.71(같은 건물 5건+법정동, 기준일 시점보정)",공시비율,같은 건물,5,법정동,220000000.0,0.12702902307760694,0.15123949818605503,-0.030872824702904644,1168010800102190009,11680,29.9,[],논현동,B,False,29.9,2026-05-09,339000000,344145243.9727043,0.09090207326649637,0.08700494412989405
B,B1 공시비율,"공시가격 2.77억 × 실거래/공시 비율 1.72(같은 건물 1건+법정동, 기준일 시점보정)",477991662.4414842,416293692.7628184,548833752.0735561,0.8,"공시가격 2.77억 × 실거래/공시 비율 1.72(같은 건물 1건+법정동, 기준일 시점보정)",공시비율,같은 건물,1,법정동,277500000.0,0.13479467693117134,0.0,-0.023690871296371374,1168011800104540001,11680,39.68,[],도곡동,B,False,39.68,2026-05-09,535000000,543120075.2961557,0.11991531121208855,-0.12773713888140253
B,B1 공시비율,"공시가격 1.49억 × 실거래/공시 비율 1.80(같은 건물 2건+법정동, 기준일 시점보정)",268437563.38046414,233081322.31080684,309157013.17994326,0.8,"공시가격 1.49억 × 실거래/공시 비율 1.80(같은 건물 2건+법정동, 기준일 시점보정)",공시비율,같은 건물,2,법정동,149000000.0,0.1377486470259829,0.15219477910721868,-0.01723004799704919,1162010100104570139,11620,55.63,[],봉천동,B,False,55.63,2026-05-10,300000000,307987482.6269668,0.12841404757480143,-0.13744079303880055
B,B1 공시비율,"공시가격 2.13억 × 실거래/공시 비율 1.71(같은 건물 1건+법정동, 기준일 시점보정)",364447833.4969354,309867973.34383583,428641340.0755931,0.8,"공시가격 2.13억 × 실거래/공시 비율 1.71(같은 건물 1건+법정동, 기준일 시점보정)",공시비율,같은 건물,1,법정동,213000000.0,0.15823688056542393,0.0,-0.1338980166184346,1162010200104120172,11620,67.05,[],신림동,B,False,67.05,2026-05-11,500000000,513312471.0449446,0.29000783332804486,-0.34250134186403963
B,B1 공시비율,"공시가격 1.59억 × 실거래/공시 비율 1.66(같은 건물 8건+법정동, 기준일 시점보정)",264207444.24552673,234517012.4564826,297656757.8768145,0.8,"공시가격 1.59억 × 실거래/공시 비율 1.66(같은 건물 8건+법정동, 기준일 시점보정)",공시비율,같은 건물,8,법정동,159000000.0,0.11626720037590875,0.06200091369036303,-0.027293992096651065,1150010300101600006,11500,44.15,[],화곡동,B,False,44.15,2026-05-11,230000000,235549859.08355388,0.12166250183069512,0.11481196134355584
B,B1 공시비율,"공시가격 1.30억 × 실거래/공시 비율 1.82(같은 건물 2건+법정동, 기준일 시점보정)",237238813.87639934,210578994.19862646,267273832.43360537,0.8,"공시가격 1.30억 × 실거래/공시 비율 1.82(같은 건물 2건+법정동, 기준일 시점보정)",공시비율,같은 건물,2,법정동,130000000.0,0.11626720037590875,0.1055651729568386,0.14373455424452897,1150010300104100239,11500,45.66,[],화곡동,B,False,45.66,2026-05-12,210000000,215067262.64150572,0.1030912420727242,0.09811645858422217
B,B1 공시비율,"공시가격 1.77억 × 실거래/공시 비율 1.67(같은 건물 16건+법정동, 기준일 시점보정)",294977889.95726544,261829615.32760143,332322817.85531086,0.8,"공시가격 1.77억 × 실거래/공시 비율 1.67(같은 건물 16건+법정동, 기준일 시점보정)",공시비율,같은 건물,16,법정동,177000000.0,0.11626720037590875,0.02885784937893205,-0.021279249047773674,1150010300110700011,11500,29.94,[],화곡동,B,False,29.94,2026-05-12,310000000,317480244.85174656,0.07087796881657636,-0.07351519122398689
B,B1 공시비율,"공시가격 1.47억 × 실거래/공시 비율 1.70(같은 건물 4건+법정동, 기준일 시점보정)",249255660.5747573,216425891.47583562,287065396.4038096,0.8,"공시가격 1.47억 × 실거래/공시 비율 1.70(같은 건물 4건+법정동, 기준일 시점보정)",공시비율,같은 건물,4,법정동,147000000.0,0.1377486470259829,0.07841150542851351,-0.10386080115718699,1162010100106220106,11620,29.92,[],봉천동,B,False,29.92,2026-05-13,255000000,261789360.23292175,0.047877039949266224,-0.049061092814012476
B,B1 공시비율,"공시가격 1.02억 × 실거래/공시 비율 2.40(같은 건물 3건+법정동, 기준일 시점보정)",244675201.81488615,208032541.13598764,287772067.08262926,0.8,"공시가격 1.02억 × 실거래/공시 비율 2.40(같은 건물 3건+법정동, 기준일 시점보정)",공시비율,같은 건물,3,법정동,102000000.0,0.15823688056542393,0.060380523134156615,0.4887248018846919,1162010200104090307,11620,36.42,[],신림동,B,False,36.42,2026-05-13,335000000,343919355.60011286,0.2885680964714919,-0.3404755743551104
B,B1 공시비율,"공시가격 0.96억 × 실거래/공시 비율 1.96(같은 건물 3건+법정동, 기준일 시점보정)",188276610.35675567,160080226.35092852,221439479.53771734,0.8,"공시가격 0.96억 × 실거래/공시 비율 1.96(같은 건물 3건+법정동, 기준일 시점보정)",공시비율,같은 건물,3,법정동,96000000.0,0.15823688056542393,0.6025809811446412,0.15306681995703775,1162010200104120316,11620,53.76,[],신림동,B,False,53.76,2026-05-13,285000000,292588108.4956184,0.35651311557121884,-0.4408536337717195
B,B1 공시비율,"공시가격 2.41억 × 실거래/공시 비율 1.69(같은 건물 3건+법정동, 기준일 시점보정)",406753801.3141981,345838181.7056176,478399042.19824517,0.8,"공시가격 2.41억 × 실거래/공시 비율 1.69(같은 건물 3건+법정동, 기준일 시점보정)",공시비율,같은 건물,3,법정동,241000000.0,0.15823688056542393,0.06032303675091566,-0.09718795263529029,1162010200105240006,11620,72.72,[],신림동,B,False,72.72,2026-05-13,425000000,436315600.3882029,0.06775324798770162,-0.07015774396006363
B,B1 공시비율,"공시가격 1.76억 × 실거래/공시 비율 1.89(같은 건물 5건+법정동, 기준일 시점보정)",332430264.34133095,288645466.05569214,382856804.09310514,0.8,"공시가격 1.76억 × 실거래/공시 비율 1.89(같은 건물 5건+법정동, 기준일 시점보정)",공시비율,같은 건물,5,법정동,176000000.0,0.1377486470259829,0.025336936336634006,0.05412266358291051,1162010100108990004,11620,26.41,[],봉천동,B,False,26.41,2026-05-14,350000000,359318729.7314612,0.07483179463042608,-0.07777971435848041
B,B1 공시비율,"공시가격 1.35억 × 실거래/공시 비율 1.40(같은 건물 7건+법정동, 기준일 시점보정)",189040686.28803653,160454662.01314017,222719493.61823636,0.8,"공시가격 1.35억 × 실거래/공시 비율 1.40(같은 건물 7건+법정동, 기준일 시점보정)",공시비율,같은 건물,7,법정동,135500000.0,0.15990835699622905,0.18748274382726127,-0.3129200168103751,1168010100107410021,11680,14.55,[],역삼동,B,False,14.55,2026-05-14,205000000,208111430.72095686,0.09163717901921045,-0.09611139761473973
B,B1 공시비율,"공시가격 12.19억 × 실거래/공시 비율 1.93(법정동 235건, 기준일 시점보정)",2354158473.665239,1788585674.4935975,3098572351.4189343,0.65,"공시가격 12.19억 × 실거래/공시 비율 1.93(법정동 235건, 기준일 시점보정)",공시비율,법정동,235,법정동,1219000000.0,0.214386818061813,,,1168010500100950000,11680,84.99,[],삼성동,B,False,84.99,2026-05-14,2150000000,2182632078.292962,0.07858694879369119,0.07565180371213542
B,B1 공시비율,"공시가격 2.49억 × 실거래/공시 비율 1.64(같은 건물 5건+법정동, 기준일 시점보정)",408643541.00080013,358741804.19251865,465486713.98234296,0.8,"공시가격 2.49억 × 실거래/공시 비율 1.64(같은 건물 5건+법정동, 기준일 시점보정)",공시비율,같은 건물,5,법정동,249000000.0,0.12702902307760694,0.03555995276603714,-0.08554400800935757,1168010800101760001,11680,29.26,[],논현동,B,False,29.26,2026-05-15,450000000,456829969.87527114,0.10548000799428157,-0.11146802636057186
B,B1 공시비율,"공시가격 1.19억 × 실거래/공시 비율 1.73(같은 건물 1건+법정동, 기준일 시점보정)",205377781.8010417,174620319.1987872,241552835.60957575,0.8,"공시가격 1.19억 × 실거래/공시 비율 1.73(같은 건물 1건+법정동, 기준일 시점보정)",공시비율,같은 건물,1,법정동,119000000.0,0.15823688056542393,0.0,-0.10798890476072626,1162010200105460021,11620,42.68,[],신림동,B,False,42.68,2026-05-15,198000000,203271738.53379807,0.010360728365067096,0.010307423884957695
B,B1 공시비율,"공시가격 2.66억 × 실거래/공시 비율 2.38(같은 건물 2건+법정동, 기준일 시점보정)",633475543.2224271,550039701.6216751,729567816.064599,0.8,"공시가격 2.66억 × 실거래/공시 비율 2.38(같은 건물 2건+법정동, 기준일 시점보정)",공시비율,같은 건물,2,법정동,266000000.0,0.1377486470259829,0.06373412512651191,0.5408760361773208,1162010100100010618,11620,34.01,[],봉천동,B,False,34.01,2026-05-15,810000000,831566203.0928103,0.23821393790853046,-0.27208952112565676
B,B1 공시비율,"공시가격 1.20억 × 실거래/공시 비율 1.95(같은 건물 5건+법정동, 기준일 시점보정)",233511590.46161202,207270619.2113514,263074733.34805065,0.8,"공시가격 1.20억 × 실거래/공시 비율 1.95(같은 건물 5건+법정동, 기준일 시점보정)",공시비율,같은 건물,5,법정동,120000000.0,0.11626720037590875,0.055154658988689154,0.19050417588160062,1150010300103390011,11500,59.94,[],화곡동,B,False,59.94,2026-05-15,278000000,284708090.5444695,0.17982102294652183,-0.19823269784074865
B,B1 공시비율,"공시가격 1.27억 × 실거래/공시 비율 2.17(같은 건물 3건+법정동, 기준일 시점보정)",274961072.85213804,244062197.15440297,309771822.36939824,0.8,"공시가격 1.27억 × 실거래/공시 비율 2.17(같은 건물 3건+법정동, 기준일 시점보정)",공시비율,같은 건물,3,법정동,127000000.0,0.11626720037590875,0.08073713364299767,0.4046281470353398,1150010300101050102,11500,29.93,[],화곡동,B,False,29.93,2026-05-15,198000000,202777704.77627683,0.35597290222561995,0.304519205709104
B,B1 공시비율,"공시가격 1.73억 × 실거래/공시 비율 1.86(같은 건물 5건+법정동, 기준일 시점보정)",322015976.9309826,279602857.2271789,370862767.3806743,0.8,"공시가격 1.73억 × 실거래/공시 비율 1.86(같은 건물 5건+법정동, 기준일 시점보정)",공시비율,같은 건물,5,법정동,173000000.0,0.1377486470259829,0.041287264066498394,0.03363150178268748,1162010100100410775,11620,29.56,[],봉천동,B,False,29.56,2026-05-16,300000000,307987482.6269668,0.045548910573768586,0.04454202078539114
B,B1 공시비율,"공시가격 0.64억 × 실거래/공시 비율 1.82(같은 건물 1건+법정동, 기준일 시점보정)",116787720.53383489,101405466.46636803,134503317.6491795,0.8,"공시가격 0.64억 × 실거래/공시 비율 1.82(같은 건물 1건+법정동, 기준일 시점보정)",공시비율,같은 건물,1,법정동,64100000.0,0.1377486470259829,0.0,0.007879506553387428,1162010100101000318,11620,34.32,[],봉천동,B,False,34.32,2026-05-16,127000000,130381367.64541593,0.1042606574625771,-0.1101058206770379
B,B1 공시비율,"공시가격 2.52억 × 실거래/공시 비율 1.87(같은 건물 1건+법정동, 기준일 시점보정)",472249957.7570702,401525606.33379626,555431631.4664962,0.8,"공시가격 2.52억 × 실거래/공시 비율 1.87(같은 건물 1건+법정동, 기준일 시점보정)",공시비율,같은 건물,1,법정동,252000000.0,0.15823688056542393,0.0,0.13906619908496076,1162010200104080018,11620,79.06,[],신림동,B,False,79.06,2026-05-16,500000000,513312471.0449446,0.07999516007137697,-0.08337634816090742
B,B1 공시비율,"공시가격 1.96억 × 실거래/공시 비율 1.78(같은 건물 1건+법정동, 기준일 시점보정)",349026695.6730843,296756311.5779197,410503937.202648,0.8,"공시가격 1.96억 × 실거래/공시 비율 1.78(같은 건물 1건+법정동, 기준일 시점보정)",공시비율,같은 건물,1,법정동,196000000.0,0.15823688056542393,0.0,-0.014070533335024171,1162010200106290022,11620,29.96,[],신림동,B,False,29.96,2026-05-16,338000000,346999230.42638254,0.0058428522858984065,0.005825849024030937
B,B1 공시비율,"공시가격 1.12억 × 실거래/공시 비율 1.84(같은 건물 4건+법정동, 기준일 시점보정)",206032936.0973983,182879891.1369709,232117213.6149256,0.8,"공시가격 1.12억 × 실거래/공시 비율 1.84(같은 건물 4건+법정동, 기준일 시점보정)",공시비율,같은 건물,4,법정동,112000000.0,0.11626720037590875,0.1274944156339655,0.11980741347022372,1150010300100730044,11500,56.87,[],화곡동,B,False,56.87,2026-05-18,200000000,204825964.42048165,0.005892669322131932,0.005875375451047433
B,B1 공시비율,"공시가격 1.98억 × 실거래/공시 비율 1.58(같은 건물 16건+법정동, 기준일 시점보정)",313226911.49851704,278027894.76794606,352882210.50189054,0.8,"공시가격 1.98억 × 실거래/공시 비율 1.58(같은 건물 16건+법정동, 기준일 시점보정)",공시비율,같은 건물,16,법정동,198000000.0,0.11626720037590875,0.10149461065738076,-0.07988029385244017,1150010300101020092,11500,29.22,[],화곡동,B,False,29.22,2026-05-18,360000000,368686735.956867,0.150425331452223,-0.16301944467839455
B,B1 공시비율,"공시가격 2.08억 × 실거래/공시 비율 1.65(같은 건물 4건+법정동, 기준일 시점보정)",342420898.58501077,303941194.269285,385772228.307702,0.8,"공시가격 2.08억 × 실거래/공시 비율 1.65(같은 건물 4건+법정동, 기준일 시점보정)",공시비율,같은 건물,4,법정동,208000000.0,0.11626720037590875,0.004838050915734531,-0.04674444211721096,1150010300104880038,11500,45.32,[],화곡동,B,False,45.32,2026-05-18,250000000,256032455.52560204,0.3374120788009639,0.2907364621514387
B,B1 공시비율,"공시가격 2.35억 × 실거래/공시 비율 1.81(같은 건물 5건+법정동, 기준일 시점보정)",425275875.887367,373343072.11058784,484432641.5094019,0.8,"공시가격 2.35억 × 실거래/공시 비율 1.81(같은 건물 5건+법정동, 기준일 시점보정)",공시비율,같은 건물,5,법정동,235000000.0,0.12702902307760694,0.06531790465374537,0.051323103148165794,1168010800100270009,11680,36.66,[],논현동,B,False,36.66,2026-05-19,410000000,416222861.4419137,0.02175040172971538,0.021517236640264274
B,B1 공시비율,"공시가격 2.13억 × 실거래/공시 비율 1.63(같은 건물 3건+법정동, 기준일 시점보정)",347759106.71176136,301955327.7762365,400510887.4600879,0.8,"공시가격 2.13억 × 실거래/공시 비율 1.63(같은 건물 3건+법정동, 기준일 시점보정)",공시비율,같은 건물,3,법정동,213000000.0,0.1377486470259829,0.047519182319488804,-0.17844869010728026,1162010100100410147,11620,60.09,[],봉천동,B,False,60.09,2026-05-20,205000000,210458113.1284273,0.6523910698541198,0.5022233721771154
B,B1 공시비율,"공시가격 1.92억 × 실거래/공시 비율 1.71(같은 건물 5건+법정동, 기준일 시점보정)",329123403.0421277,279833744.3856643,387094896.8925712,0.8,"공시가격 1.92억 × 실거래/공시 비율 1.71(같은 건물 5건+법정동, 기준일 시점보정)",공시비율,같은 건물,5,법정동,192000000.0,0.15823688056542393,0.044258453126424895,-0.059901150511592505,1162010200105700024,11620,58.1,[],신림동,B,False,58.1,2026-05-21,270000000,277188734.3642701,0.18736211916032353,0.17173414000457027
B,B1 공시비율,"공시가격 1.35억 × 실거래/공시 비율 1.81(같은 건물 3건+법정동, 기준일 시점보정)",244739898.34410802,212504905.83319235,281864635.57929105,0.8,"공시가격 1.35억 × 실거래/공시 비율 1.81(같은 건물 3건+법정동, 기준일 시점보정)",공시비율,같은 건물,3,법정동,135000000.0,0.1377486470259829,0.04343937004055233,-0.003943062640391792,1162010100116410021,11620,41.58,[],봉천동,B,False,41.58,2026-05-21,220000000,225857487.2597756,0.08360321065032629,0.08029179417229682
B,B1 공시비율,"공시가격 1.05억 × 실거래/공시 비율 1.58(같은 건물 5건+법정동, 기준일 시점보정)",166164068.29808047,147491305.50109598,187200848.88776028,0.8,"공시가격 1.05억 × 실거래/공시 비율 1.58(같은 건물 5건+법정동, 기준일 시점보정)",공시비율,같은 건물,5,법정동,105000000.0,0.11626720037590875,0.27063982819916155,-0.09891034491953488,1150010300100420088,11500,29.87,[],화곡동,B,False,29.87,2026-05-22,155000000,158740122.42587328,0.046767923312355686,0.045707248591019274
B,B1 공시비율,"공시가격 2.05억 × 실거래/공시 비율 1.70(같은 건물 1건+법정동, 기준일 시점보정)",348592941.55077237,302679337.2047905,401471207.1898146,0.8,"공시가격 2.05억 × 실거래/공시 비율 1.70(같은 건물 1건+법정동, 기준일 시점보정)",공시비율,같은 건물,1,법정동,205000000.0,0.1377486470259829,0.0,-0.1991764817630215,1162010100101800188,11620,68.58,[],봉천동,B,False,68.58,2026-05-22,389000000,399357102.4729669,0.12711470663184424,-0.13595112539724766
B,B1 공시비율,"공시가격 1.45억 × 실거래/공시 비율 1.81(같은 건물 2건+법정동, 기준일 시점보정)",262550559.88804615,233046321.23272914,295790107.8759683,0.8,"공시가격 1.45억 × 실거래/공시 비율 1.81(같은 건물 2건+법정동, 기준일 시점보정)",공시비율,같은 건물,2,법정동,145000000.0,0.11626720037590875,0.04266018129762134,0.12808874091892097,1150010300104090043,11500,65.64,[],화곡동,B,False,65.64,2026-05-23,270000000,276515051.96765023,0.05050174296203524,-0.05182158439449895
B,B1 공시비율,"공시가격 2.78억 × 실거래/공시 비율 1.51(같은 건물 2건+법정동, 기준일 시점보정)",420309637.57695997,364950139.14115804,484066650.46302545,0.8,"공시가격 2.78억 × 실거래/공시 비율 1.51(같은 건물 2건+법정동, 기준일 시점보정)",공시비율,같은 건물,2,법정동,278000000.0,0.1377486470259829,0.16608100448365484,-0.3678330160996598,1162010100104800152,11620,34.35,[],봉천동,B,False,34.35,2026-05-23,691000000,709397834.9841135,0.40751209427306395,-0.5234248184563974
B,B1 공시비율,"공시가격 2.17억 × 실거래/공시 비율 1.79(같은 건물 3건+법정동, 기준일 시점보정)",387585692.55619574,329540696.9416524,455854680.3731009,0.8,"공시가격 2.17억 × 실거래/공시 비율 1.79(같은 건물 3건+법정동, 기준일 시점보정)",공시비율,같은 건물,3,법정동,217000000.0,0.15823688056542393,0.030379681709287853,-0.0028071947328467406,1162010200106080007,11620,53.56,[],신림동,B,False,53.56,2026-05-23,390000000,400383727.41505677,0.0319644230835435,-0.03248643936806721
B,B1 공시비율,"공시가격 0.96억 × 실거래/공시 비율 1.56(같은 건물 2건+법정동, 기준일 시점보정)",150346963.61676887,133451655.15677966,169381259.76951346,0.8,"공시가격 0.96억 × 실거래/공시 비율 1.56(같은 건물 2건+법정동, 기준일 시점보정)",공시비율,같은 건물,2,법정동,96200000.0,0.11626720037590875,0.056959656228352466,-0.16629840715093314,1150010300103950009,11500,26.42,[],화곡동,B,False,26.42,2026-05-25,128000000,131088617.22910826,0.14691089733597623,0.13707215190042082
B,B1 공시비율,"공시가격 1.73억 × 실거래/공시 비율 1.64(같은 건물 2건+법정동, 기준일 시점보정)",283570486.26096857,251704123.8132348,319471208.7353335,0.8,"공시가격 1.73억 × 실거래/공시 비율 1.64(같은 건물 2건+법정동, 기준일 시점보정)",공시비율,같은 건물,2,법정동,173000000.0,0.11626720037590875,0.0380743248720491,-0.07099286629742763,1150010300108940027,11500,56.71,[],화곡동,B,False,56.71,2026-05-25,315000000,322600893.9622586,0.12098666938553562,-0.1289552157527261
B,B1 공시비율,"공시가격 2.32억 × 실거래/공시 비율 2.04(같은 건물 2건+법정동, 기준일 시점보정)",473869543.5822783,393864331.2235009,570126123.4733466,0.8,"공시가격 2.32억 × 실거래/공시 비율 2.04(같은 건물 2건+법정동, 기준일 시점보정)",공시비율,같은 건물,2,법정동,232000000.0,0.1803658964378039,0.10628254713505525,0.04821471417916501,1168010300112620002,11680,67.53,[],개포동,B,False,67.53,2026-05-25,590000000,598954849.3920223,0.20883929053536102,-0.23425415932955726
B,B1 공시비율,"공시가격 1.18억 × 실거래/공시 비율 1.70(같은 건물 3건+법정동, 기준일 시점보정)",200088061.22525224,173734217.00631306,230439535.37043032,0.8,"공시가격 1.18억 × 실거래/공시 비율 1.70(같은 건물 3건+법정동, 기준일 시점보정)",공시비율,같은 건물,3,법정동,118000000.0,0.1377486470259829,0.008863244928287136,-0.1153568583968469,1162010100116140013,11620,21.69,[],봉천동,B,False,21.69,2026-05-26,167000000,171446365.3290115,0.16705921902325743,0.15448709668126853
B,B1 공시비율,"공시가격 1.76억 × 실거래/공시 비율 1.67(같은 건물 2건+법정동, 기준일 시점보정)",294311414.5496936,261238035.3972713,331571965.01848423,0.8,"공시가격 1.76억 × 실거래/공시 비율 1.67(같은 건물 2건+법정동, 기준일 시점보정)",공시비율,같은 건물,2,법정동,176000000.0,0.11626720037590875,0.193087625709872,-0.03102222966214796,1150010300108080016,11500,59.88,[],화곡동,B,False,59.88,2026-05-27,350000000,358445437.7358429,0.17892269348232856,-0.19713801255254132
B,B1 공시비율,"공시가격 2.20억 × 실거래/공시 비율 2.06(같은 건물 10건+법정동, 기준일 시점보정)",453320574.2361373,397963076.28105164,516378416.17409813,0.8,"공시가격 2.20억 × 실거래/공시 비율 2.06(같은 건물 10건+법정동, 기준일 시점보정)",공시비율,같은 건물,10,법정동,220000000.0,0.12702902307760694,0.03447526480234249,0.1997745524515172,1168010800101580015,11680,19.55,[],논현동,B,False,19.55,2026-05-27,420000000,426374638.5502531,0.06319779191723265,0.06128115158745883
B,B1 공시비율,"공시가격 0.98억 × 실거래/공시 비율 1.91(같은 건물 2건+법정동, 기준일 시점보정)",187305666.61147577,159254691.54751396,220297514.65313727,0.8,"공시가격 0.98억 × 실거래/공시 비율 1.91(같은 건물 2건+법정동, 기준일 시점보정)",공시비율,같은 건물,2,법정동,98000000.0,0.15823688056542393,0.021023371010266554,0.1321009095919773,1162010200101200096,11620,35.97,[],신림동,B,False,35.97,2026-05-28,170000000,174526240.15528116,0.07322352469648333,0.07066675947117215
B,B1 공시비율,"공시가격 4.75억 × 실거래/공시 비율 1.77(같은 건물 2건+법정동, 기준일 시점보정)",841305329.1450677,711799213.8590511,994374035.6364689,0.8,"공시가격 4.75억 × 실거래/공시 비율 1.77(같은 건물 2건+법정동, 기준일 시점보정)",공시비율,같은 건물,2,법정동,475000000.0,0.16303719990545099,0.00396291036265995,0.01145033519877936,1168010400100560011,11680,42.82,[],청담동,B,False,42.82,2026-05-30,710000000,720776174.6920946,0.16722133539508502,0.1546259971847076
B,B1 공시비율,"공시가격 1.07억 × 실거래/공시 비율 1.87(같은 건물 1건+법정동, 기준일 시점보정)",199978217.37252393,177505574.18433303,225295952.5764692,0.8,"공시가격 1.07억 × 실거래/공시 비율 1.87(같은 건물 1건+법정동, 기준일 시점보정)",공시비율,같은 건물,1,법정동,107000000.0,0.11626720037590875,0.0,0.28714215994521797,1150010300100460333,11500,29.0,[],화곡동,B,False,29.0,2026-05-30,175000000,179222718.86792144,0.11580841221306491,0.10957917557730536
B,B1 공시비율,"공시가격 0.98억 × 실거래/공시 비율 1.88(같은 건물 3건+법정동, 기준일 시점보정)",185144784.54045898,157417424.0802987,217756016.79930586,0.8,"공시가격 0.98억 × 실거래/공시 비율 1.88(같은 건물 3건+법정동, 기준일 시점보정)",공시비율,같은 건물,3,법정동,98350000.0,0.15823688056542393,0.16292831542884195,0.0848027726155921,1162010200106000002,11620,41.22,[],신림동,B,False,41.22,2026-06-01,235000000,239496966.72535914,0.22694309213205197,-0.2574026136116794
B,B1 공시비율,"공시가격 2.53억 × 실거래/공시 비율 1.78(같은 건물 2건+법정동, 기준일 시점보정)",451560414.09312594,402355985.657672,506782090.5973574,0.8,"공시가격 2.53억 × 실거래/공시 비율 1.78(같은 건물 2건+법정동, 기준일 시점보정)",공시비율,같은 건물,2,법정동,253000000.0,0.1125272493329099,0.03818331453795807,0.04962937583303251,1162010300106020285,11620,74.9,[],남현동,B,False,74.9,2026-06-01,500000000,509568014.3092748,0.1138368158660406,-0.1208541645981427
B,B1 공시비율,"공시가격 2.49억 × 실거래/공시 비율 1.70(법정동 12904건, 기준일 시점보정)",422892688.83625597,364348348.7873454,490844069.6009265,0.65,"공시가격 2.49억 × 실거래/공시 비율 1.70(법정동 12904건, 기준일 시점보정)",공시비율,법정동,12904,법정동,249000000.0,0.11626720037590875,,,1150010300100240618,11500,121.26,[],화곡동,B,False,121.26,2026-06-02,550000000,556010129.5858569,0.23941549562910522,-0.2736680565973031
B,B1 공시비율,"공시가격 3.04억 × 실거래/공시 비율 1.56(같은 건물 2건+법정동, 기준일 시점보정)",474061816.0880792,422405515.0136527,532035206.65553844,0.8,"공시가격 3.04억 × 실거래/공시 비율 1.56(같은 건물 2건+법정동, 기준일 시점보정)",공시비율,같은 건물,2,법정동,304000000.0,0.1125272493329099,0.14554863814402513,-0.22038993860629458,1162010300110720040,11620,56.6,[],남현동,B,False,56.6,2026-06-02,430000000,438228492.30597633,0.0817685851359104,0.07859728059548036
B,B1 공시비율,"공시가격 1.07억 × 실거래/공시 비율 1.79(같은 건물 4건+법정동, 기준일 시점보정)",192050187.4573145,170468460.23892602,216364214.53384745,0.8,"공시가격 1.07억 × 실거래/공시 비율 1.79(같은 건물 4건+법정동, 기준일 시점보정)",공시비율,같은 건물,4,법정동,107000000.0,0.11626720037590875,0.07598565079309322,0.08289350506996251,1150010300107720001,11500,29.46,[],화곡동,B,False,29.46,2026-06-04,178000000,179945096.48415005,0.06727102438287715,0.06510494604763646
B,B1 공시비율,"공시가격 2.07억 × 실거래/공시 비율 1.70(같은 건물 15건+법정동, 기준일 시점보정)",352645702.4499046,313016981.1465089,397291517.54287714,0.8,"공시가격 2.07억 × 실거래/공시 비율 1.70(같은 건물 15건+법정동, 기준일 시점보정)",공시비율,같은 건물,15,법정동,207000000.0,0.11626720037590875,0.09907951629425993,0.003490127388809827,1150010300110810000,11500,44.86,[],화곡동,B,False,44.86,2026-06-04,344000000,347759062.86824507,0.014051796497711834,0.013953985223073404
B,B1 공시비율,"공시가격 1.30억 × 실거래/공시 비율 1.55(같은 건물 2건+법정동, 기준일 시점보정)",201130101.97561118,171008773.6826833,236556973.36198223,0.8,"공시가격 1.30억 × 실거래/공시 비율 1.55(같은 건물 2건+법정동, 기준일 시점보정)",공시비율,같은 건물,2,법정동,130000000.0,0.15823688056542393,0.0,-0.29061281600400196,1162010200102510236,11620,29.97,[],신림동,B,False,29.97,2026-06-05,158000000,161023492.52173084,0.24907303167870223,0.2224017015546711
B,B1 공시비율,"공시가격 3.26억 × 실거래/공시 비율 1.75(같은 건물 6건+법정동, 기준일 시점보정)",571015234.8364614,501285386.9290591,650444650.7264382,0.8,"공시가격 3.26억 × 실거래/공시 비율 1.75(같은 건물 6건+법정동, 기준일 시점보정)",공시비율,같은 건물,6,법정동,326000000.0,0.12702902307760694,0.16337411911886685,0.005367072495074066,1168010800101890019,11680,51.12,[],논현동,B,False,51.12,2026-06-05,700000000,722209183.7379866,0.20934924715160844,-0.23489893482406404
B,B1 공시비율,"공시가격 1.76억 × 실거래/공시 비율 1.81(같은 건물 3건+법정동, 기준일 시점보정)",318610255.43518734,276645707.49125606,366940430.01438516,0.8,"공시가격 1.76억 × 실거래/공시 비율 1.81(같은 건물 3건+법정동, 기준일 시점보정)",공시비율,같은 건물,3,법정동,176000000.0,0.1377486470259829,0.09956104447825222,-0.0063374589309906915,1162010100101800400,11620,62.65,[],봉천동,B,False,62.65,2026-06-05,289000000,294530312.27076083,0.08175709650655545,0.07858666031077328
B,B1 공시비율,"공시가격 3.68억 × 실거래/공시 비율 1.90(같은 건물 15건+법정동, 기준일 시점보정)",699785987.2665639,581638435.3185726,841932716.6823542,0.8,"공시가격 3.68억 × 실거래/공시 비율 1.90(같은 건물 15건+법정동, 기준일 시점보정)",공시비율,같은 건물,15,법정동,368000000.0,0.1803658964378039,0.0980359689392746,-0.053715141281652,1168010300112060000,11680,41.23,[],개포동,B,False,41.23,2026-06-06,800000000,825381924.2719846,0.15216705541037945,-0.16507166190183856
B,B1 공시비율,"공시가격 1.46억 × 실거래/공시 비율 1.66(같은 건물 5건+법정동, 기준일 시점보정)",242911780.6664206,213248471.37549272,276701318.4475865,0.8,"공시가격 1.46억 × 실거래/공시 비율 1.66(같은 건물 5건+법정동, 기준일 시점보정)",공시비율,같은 건물,5,법정동,146000000.0,0.12702902307760694,0.07748982892433204,-0.06636208788342124,1168010800101670022,11680,16.57,[],논현동,B,False,16.57,2026-06-06,195000000,201186844.04129624,0.20739396168747382,0.188464286280615
B,B1 공시비율,"공시가격 2.00억 × 실거래/공시 비율 1.95(같은 건물 1건+법정동, 기준일 시점보정)",389946547.7859282,331547989.5035975,458631374.4741113,0.8,"공시가격 2.00억 × 실거래/공시 비율 1.95(같은 건물 1건+법정동, 기준일 시점보정)",공시비율,같은 건물,1,법정동,200000000.0,0.15823688056542393,0.0,0.25790512949545186,1162010200117100001,11620,59.93,[],신림동,B,False,59.93,2026-06-07,353000000,359755018.10234797,0.08392246991532144,0.08058637824128043
B,B1 공시비율,"공시가격 0.77억 × 실거래/공시 비율 1.70(법정동 12904건, 기준일 시점보정)",129924862.23282562,111938348.12141334,150801491.26293525,0.65,"공시가격 0.77억 × 실거래/공시 비율 1.70(법정동 12904건, 기준일 시점보정)",공시비율,법정동,12904,법정동,76500000.0,0.11626720037590875,,,1150010300103920006,11500,36.72,[],화곡동,B,False,36.72,2026-06-08,140000000,141529851.16730905,0.08199675784838228,-0.08555435661230831
B,B1 공시비율,"공시가격 0.69억 × 실거래/공시 비율 1.84(같은 건물 6건+법정동, 기준일 시점보정)",127591466.23504144,113253317.14944933,143744860.33398163,0.8,"공시가격 0.69억 × 실거래/공시 비율 1.84(같은 건물 6건+법정동, 기준일 시점보정)",공시비율,같은 건물,6,법정동,69200000.0,0.11626720037590875,0.17799015766099618,0.10955608975016518,1150010300101000045,11500,29.7,[],화곡동,B,False,29.7,2026-06-09,120000000,121311301.0005506,0.05176900406386984,0.05047351231870931
B,B1 공시비율,"공시가격 1.65억 × 실거래/공시 비율 1.88(같은 건물 1건+법정동, 기준일 시점보정)",309796308.9568935,268992656.7256831,356789490.8788845,0.8,"공시가격 1.65억 × 실거래/공시 비율 1.88(같은 건물 1건+법정동, 기준일 시점보정)",공시비율,같은 건물,1,법정동,165000000.0,0.1377486470259829,0.0,0.0980474201804189,1162010100101800369,11620,61.2,[],봉천동,B,False,61.2,2026-06-09,325000000,331219209.3010286,0.06467891880227544,-0.06686540629203461
B,B1 공시비율,"공시가격 2.79억 × 실거래/공시 비율 2.00(같은 건물 5건+법정동, 기준일 시점보정)",557407119.9198854,489339034.6512873,634943618.5053055,0.8,"공시가격 2.79억 × 실거래/공시 비율 2.00(같은 건물 5건+법정동, 기준일 시점보정)",공시비율,같은 건물,5,법정동,279000000.0,0.12702902307760694,0.1202369709688919,0.1898272628787394,1168010800101480006,11680,51.91,[],논현동,B,False,51.91,2026-06-09,545000000,562291435.9102895,0.008686449194263372,-0.008724396304306667
B,B1 공시비율,"공시가격 2.10억 × 실거래/공시 비율 2.10(같은 건물 4건+법정동, 기준일 시점보정)",439997158.0945078,365710750.48009336,529373278.9563739,0.8,"공시가격 2.10억 × 실거래/공시 비율 2.10(같은 건물 4건+법정동, 기준일 시점보정)",공시비율,같은 건물,4,법정동,210000000.0,0.1803658964378039,0.25752920000399065,0.07436011012477783,1168010300112560000,11680,40.53,[],개포동,B,False,40.53,2026-06-10,647000000,667527631.2549676,0.34085551295112254,-0.41681251654084817
B,B1 공시비율,"공시가격 1.21억 × 실거래/공시 비율 1.77(같은 건물 1건+법정동, 기준일 시점보정)",214491457.48515674,190387882.33427024,241646604.6580188,0.8,"공시가격 1.21억 × 실거래/공시 비율 1.77(같은 건물 1건+법정동, 기준일 시점보정)",공시비율,같은 건물,1,법정동,121000000.0,0.11626720037590875,0.0,0.12844142109614143,1150010300108110009,11500,62.4,[],화곡동,B,False,62.4,2026-06-10,260000000,262841152.16785964,0.1839502463138842,-0.20327995322223316
B,B1 공시비율,"공시가격 1.80억 × 실거래/공시 비율 1.81(같은 건물 1건+법정동, 기준일 시점보정)",327512175.10802484,287517840.8681587,373069805.06011635,0.8,"공시가격 1.80억 × 실거래/공시 비율 1.81(같은 건물 1건+법정동, 기준일 시점보정)",공시비율,같은 건물,1,법정동,180500000.0,0.12702902307760694,0.0,0.1179037439313797,1168010800102190010,11680,28.725,[],논현동,B,False,28.725,2026-06-11,310000000,319835495.655394,0.02400196212399776,0.0237184427521968
B,B1 공시비율,"공시가격 1.38억 × 실거래/공시 비율 1.76(같은 건물 4건+법정동, 기준일 시점보정)",242468540.247451,215221027.68866006,273165655.0528936,0.8,"공시가격 1.38억 × 실거래/공시 비율 1.76(같은 건물 4건+법정동, 기준일 시점보정)",공시비율,같은 건물,4,법정동,138000000.0,0.11626720037590875,0.1663160882162658,0.05092908924598616,1150010300104100018,11500,62.22,[],화곡동,B,False,62.22,2026-06-11,220000000,222404051.83434278,0.0902163798169164,0.08637619013333751
B,B1 공시비율,"공시가격 1.49억 × 실거래/공시 비율 1.64(같은 건물 2건+법정동, 기준일 시점보정)",244967806.7619208,217439437.9911393,275981334.8680158,0.8,"공시가격 1.49억 × 실거래/공시 비율 1.64(같은 건물 2건+법정동, 기준일 시점보정)",공시비율,같은 건물,2,법정동,149000000.0,0.11626720037590875,0.0008273125805065384,-0.06497012941711966,1150010300101580019,11500,46.66,[],화곡동,B,False,46.66,2026-06-12,246000000,248688167.05112872,0.014959940930534998,-0.015072969530957993
B,B1 공시비율,"공시가격 1.34억 × 실거래/공시 비율 1.62(같은 건물 1건+법정동, 기준일 시점보정)",217742656.28918263,193273726.19305906,245309413.24383593,0.8,"공시가격 1.34억 × 실거래/공시 비율 1.62(같은 건물 1건+법정동, 기준일 시점보정)",공시비율,같은 건물,1,법정동,134000000.0,0.11626720037590875,0.0,-0.13257440973611512,1150010300104090197,11500,59.875,[],화곡동,B,False,59.875,2026-06-13,230000000,232513326.917722,0.0635261248219383,-0.06563365371981675
B,B1 공시비율,"공시가격 0.86억 × 실거래/공시 비율 1.79(법정동 5579건, 기준일 시점보정)",154579975.8632831,126205965.52603354,189333117.79912794,0.65,"공시가격 0.86억 × 실거래/공시 비율 1.79(법정동 5579건, 기준일 시점보정)",공시비율,법정동,5579,법정동,86400000.0,0.15823688056542393,,,1162010200104120233,11620,30.36,[],신림동,B,False,30.36,2026-06-13,300000000,305740808.58556485,0.49440842856925254,-0.682026106718135
B,B1 공시비율,"공시가격 0.74억 × 실거래/공시 비율 1.90(같은 건물 4건+법정동, 기준일 시점보정)",140217659.20610517,119218603.84876676,164915468.88252565,0.8,"공시가격 0.74억 × 실거래/공시 비율 1.90(같은 건물 4건+법정동, 기준일 시점보정)",공시비율,같은 건물,4,법정동,73800000.0,0.15823688056542393,0.029000801931525353,0.09016989387720897,1162010200104090328,11620,36.33,[],신림동,B,False,36.33,2026-06-15,299000000,304721672.55694634,0.5398500604518003,-0.7762028870713975
B,B1 공시비율,"공시가격 2.48억 × 실거래/공시 비율 1.73(같은 건물 2건+법정동, 기준일 시점보정)",428924666.2664502,376546288.39171845,488588986.27728975,0.8,"공시가격 2.48억 × 실거래/공시 비율 1.73(같은 건물 2건+법정동, 기준일 시점보정)",공시비율,같은 건물,2,법정동,247500000.0,0.12702902307760694,0.0566507141204665,-0.013244972291747814,1168010800102440015,11680,22.9,[],논현동,B,False,22.9,2026-06-16,427000000,440547602.08017176,0.0263829283347373,-0.02673720288442337
B,B1 공시비율,"공시가격 2.15억 × 실거래/공시 비율 1.78(같은 건물 1건+법정동, 기준일 시점보정)",382033565.39072585,324820058.6653767,449324606.6293723,0.8,"공시가격 2.15억 × 실거래/공시 비율 1.78(같은 건물 1건+법정동, 기준일 시점보정)",공시비율,같은 건물,1,법정동,215000000.0,0.15823688056542393,0.0,-0.02056045677320739,1162010200116110009,11620,69.29,[],신림동,B,False,69.29,2026-06-16,473000000,482051341.53657395,0.2074836589543224,-0.23254215382728577
B,B1 공시비율,"공시가격 4.02억 × 실거래/공시 비율 2.02(같은 건물 2건+법정동, 기준일 시점보정)",813118923.8478591,706022032.0126479,936461405.368234,0.8,"공시가격 4.02억 × 실거래/공시 비율 2.02(같은 건물 2건+법정동, 기준일 시점보정)",공시비율,같은 건물,2,법정동,402000000.0,0.1377486470259829,0.09944351844169173,0.21427644337287255,1162010100104690002,11620,50.88,[],봉천동,B,False,50.88,2026-06-16,805000000,820404503.0379324,0.008880471966078902,-0.008920138369454735
B,B1 공시비율,"공시가격 1.86억 × 실거래/공시 비율 1.61(같은 건물 3건+법정동, 기준일 시점보정)",298761363.1727214,265187919.01859546,336585288.10493726,0.8,"공시가격 1.86억 × 실거래/공시 비율 1.61(같은 건물 3건+법정동, 기준일 시점보정)",공시비율,같은 건물,3,법정동,186000000.0,0.11626720037590875,0.04632799194376484,-0.09294515861407598,1150010300108050013,11500,56.52,[],화곡동,B,False,56.52,2026-06-16,280000000,283059702.3346181,0.05547119815572203,0.05398730054001496
B,B1 공시비율,"공시가격 1.79억 × 실거래/공시 비율 1.57(같은 건물 2건+법정동, 기준일 시점보정)",280208781.81360203,248720192.43306732,315683904.21936643,0.8,"공시가격 1.79억 × 실거래/공시 비율 1.57(같은 건물 2건+법정동, 기준일 시점보정)",공시비율,같은 건물,2,법정동,179000000.0,0.11626720037590875,0.07373463839234165,-0.16303278179554592,1150010300103790020,11500,67.07,[],화곡동,B,False,67.07,2026-06-16,280000000,283059702.3346181,0.010071799332445616,-0.010122863061763725
B,B1 공시비율,"공시가격 1.78억 × 실거래/공시 비율 1.58(같은 건물 7건+법정동, 기준일 시점보정)",281470287.8849061,249839936.18549174,317105120.0685208,0.8,"공시가격 1.78억 × 실거래/공시 비율 1.58(같은 건물 7건+법정동, 기준일 시점보정)",공시비율,같은 건물,7,법정동,178000000.0,0.11626720037590875,0.06914360715300322,-0.0918285650223365,1150010300103770016,11500,42.04,[],화곡동,B,False,42.04,2026-06-16,290000000,293168977.4179973,0.03990425465928926,-0.040722264763525626
B,B1 공시비율,"공시가격 0.82억 × 실거래/공시 비율 1.85(같은 건물 1건+법정동, 기준일 시점보정)",151652721.66666758,134610678.05156484,170852330.0068199,0.8,"공시가격 0.82억 × 실거래/공시 비율 1.85(같은 건물 1건+법정동, 기준일 시점보정)",공시비율,같은 건물,1,법정동,81900000.0,0.11626720037590875,0.0,0.25928589131838453,1150010300100560429,11500,32.66,[],화곡동,B,False,32.66,2026-06-16,80000000,80874200.66703373,0.8751681057230514,0.628698311789108
B,B1 공시비율,"공시가격 1.28억 × 실거래/공시 비율 1.58(같은 건물 8건+법정동, 기준일 시점보정)",202337329.35635722,179599579.88534096,227953733.9519387,0.8,"공시가격 1.28억 × 실거래/공시 비율 1.58(같은 건물 8건+법정동, 기준일 시점보정)",공시비율,같은 건물,8,법정동,128000000.0,0.11626720037590875,0.04312345725696589,-0.08969946465441658,1150010300103790035,11500,23.59,[],화곡동,B,False,23.59,2026-06-16,199000000,201174574.1592464,0.005779831780284443,0.005763192636097141
B,B1 공시비율,"공시가격 1.30억 × 실거래/공시 비율 1.63(같은 건물 3건+법정동, 기준일 시점보정)",212511250.4588652,188630201.97375903,239415698.5415996,0.8,"공시가격 1.30억 × 실거래/공시 비율 1.63(같은 건물 3건+법정동, 기준일 시점보정)",공시비율,같은 건물,3,법정동,130000000.0,0.11626720037590875,0.0008964518507901095,-0.06367513309822614,1150010300103570009,11500,29.37,[],화곡동,B,False,29.37,2026-06-17,197000000,199152719.14257056,0.0670768211140088,0.06492296702316384
B,B1 공시비율,"공시가격 2.98억 × 실거래/공시 비율 1.77(같은 건물 2건+법정동, 기준일 시점보정)",527599965.2195178,458109125.9951828,607631910.1806401,0.8,"공시가격 2.98억 × 실거래/공시 비율 1.77(같은 건물 2건+법정동, 기준일 시점보정)",공시비율,같은 건물,2,법정동,298000000.0,0.1377486470259829,0.0,-0.05208439584951163,1162010100116260051,11620,99.6,[],봉천동,B,False,99.6,2026-06-17,600000000,611481617.1711297,0.1371777165430906,-0.1475465378918484
B,B1 공시비율,"공시가격 2.24억 × 실거래/공시 비율 2.00(같은 건물 2건+법정동, 기준일 시점보정)",447929569.02698237,380847449.2038268,526827471.80831605,0.8,"공시가격 2.24억 × 실거래/공시 비율 2.00(같은 건물 2건+법정동, 기준일 시점보정)",공시비율,같은 건물,2,법정동,224000000.0,0.15823688056542393,0.01781742797931483,0.22253205296530254,1162010200116570045,11620,38.11,[],신림동,B,False,38.11,2026-06-17,430000000,438228492.30597633,0.022137028722068186,0.02189556177814012
B,B1 공시비율,"공시가격 1.19억 × 실거래/공시 비율 1.74(같은 건물 13건+법정동, 기준일 시점보정)",207120023.4934868,181827444.84466186,235930852.84012863,0.8,"공시가격 1.19억 × 실거래/공시 비율 1.74(같은 건물 13건+법정동, 기준일 시점보정)",공시비율,같은 건물,13,법정동,119000000.0,0.12702902307760694,0.044626794215518795,-0.0026749024332806126,1168010800101490018,11680,17.61,[],논현동,B,False,17.61,2026-06-17,220000000,226980029.17479578,0.0874967095277573,-0.09156358753501383
B,B1 공시비율,"공시가격 2.73억 × 실거래/공시 비율 1.80(같은 건물 1건+법정동, 기준일 시점보정)",490803646.63682425,430868882.1253557,559075462.5021199,0.8,"공시가격 2.73억 × 실거래/공시 비율 1.80(같은 건물 1건+법정동, 기준일 시점보정)",공시비율,같은 건물,1,법정동,273000000.0,0.12702902307760694,0.0,0.09023742921891054,1168010800101960002,11680,53.07,[],논현동,B,False,53.07,2026-06-18,504000000,519990612.2913503,0.05612979343206416,-0.05776661533211205
B,B1 공시비율,"공시가격 1.70억 × 실거래/공시 비율 1.70(같은 건물 1건+법정동, 기준일 시점보정)",289434185.81257087,256908887.4591307,326077267.10237825,0.8,"공시가격 1.70억 × 실거래/공시 비율 1.70(같은 건물 1건+법정동, 기준일 시점보정)",공시비율,같은 건물,1,법정동,170000000.0,0.11626720037590875,0.0,0.007391810941551391,1150010300100700061,11500,57.42,[],화곡동,B,False,57.42,2026-06-18,285000000,288114339.87630767,0.0045809796792128975,0.004570518926632875
B,B1 공시비율,"공시가격 0.89억 × 실거래/공시 비율 1.93(같은 건물 3건+법정동, 기준일 시점보정)",171784532.2498905,152480167.25842384,193532877.42857838,0.8,"공시가격 0.89억 × 실거래/공시 비율 1.93(같은 건물 3건+법정동, 기준일 시점보정)",공시비율,같은 건물,3,법정동,88800000.0,0.11626720037590875,0.18578581915453599,0.2169812705446278,1150010300110200014,11500,59.46,[],화곡동,B,False,59.46,2026-06-18,150000000,151639126.25068825,0.13285097650785768,0.12473744339314909
B,B1 공시비율,"공시가격 1.99억 × 실거래/공시 비율 1.80(같은 건물 9건+법정동, 기준일 시점보정)",357957856.58119625,314245630.7527292,407750544.63375837,0.8,"공시가격 1.99억 × 실거래/공시 비율 1.80(같은 건물 9건+법정동, 기준일 시점보정)",공시비율,같은 건물,9,법정동,199000000.0,0.12702902307760694,0.051293043659189644,0.03742106031061687,1168010800101560022,11680,19.85,[],논현동,B,False,19.85,2026-06-18,445000000,459118695.37629145,0.22033700612471088,-0.24889351179718566
B,B1 공시비율,"공시가격 1.19억 × 실거래/공시 비율 1.74(같은 건물 3건+법정동, 기준일 시점보정)",206797250.7863733,183558315.61492938,232978292.4273246,0.8,"공시가격 1.19억 × 실거래/공시 비율 1.74(같은 건물 3건+법정동, 기준일 시점보정)",공시비율,같은 건물,3,법정동,119000000.0,0.11626720037590875,0.017654391027676918,0.03824965943733705,1150010300101050055,11500,41.58,[],화곡동,B,False,41.58,2026-06-19,194000000,196119936.6175568,0.054442777990683054,0.05301245487511092
B,B1 공시비율,"공시가격 1.22억 × 실거래/공시 비율 1.65(같은 건물 4건+법정동, 기준일 시점보정)",200772470.38550252,178210572.65351015,226190759.97847942,0.8,"공시가격 1.22억 × 실거래/공시 비율 1.65(같은 건물 4건+법정동, 기준일 시점보정)",공시비율,같은 건물,4,법정동,122000000.0,0.11626720037590875,0.04054388495490238,-0.047271488536059,1150010300104620001,11500,55.58,[],화곡동,B,False,55.58,2026-06-19,173000000,174890458.94246045,0.14798984232500265,0.1380124497092771
B,B1 공시비율,"공시가격 1.10억 × 실거래/공시 비율 2.01(같은 건물 1건+법정동, 기준일 시점보정)",220902500.62349814,187820049.62958407,259812064.14306208,0.8,"공시가격 1.10억 × 실거래/공시 비율 2.01(같은 건물 1건+법정동, 기준일 시점보정)",공시비율,같은 건물,1,법정동,110000000.0,0.15823688056542393,0.0,0.3465514050163018,1162010200100880088,11620,37.8,[],신림동,B,False,37.8,2026-06-20,465000000,473898253.30762553,0.533860909843654,-0.7632712126614527
B,B1 공시비율,"공시가격 1.93억 × 실거래/공시 비율 1.76(법정동 215건, 기준일 시점보정)",340553969.686801,259910211.074833,446219507.07448983,0.65,"공시가격 1.93억 × 실거래/공시 비율 1.76(법정동 215건, 기준일 시점보정)",공시비율,법정동,215,법정동,193000000.0,0.2108593827723311,,,1168010600109270001,11680,29.41,[],대치동,B,False,29.41,2026-06-20,378000000,389992959.2185127,0.12676892842060533,-0.13555507136247652
B,B1 공시비율,"공시가격 1.56억 × 실거래/공시 비율 1.76(같은 건물 2건+법정동, 기준일 시점보정)",275039530.71600103,244131838.28010786,309860213.1922007,0.8,"공시가격 1.56억 × 실거래/공시 비율 1.76(같은 건물 2건+법정동, 기준일 시점보정)",공시비율,같은 건물,2,법정동,156000000.0,0.11626720037590875,0.0014203392031143843,0.07478653688448622,1150010300104510004,11500,47.06,[],화곡동,B,False,47.06,2026-06-20,255000000,257786514.62617004,0.0669275354253907,0.0647830556978621
B,B1 공시비율,"공시가격 2.29억 × 실거래/공시 비율 1.74(같은 건물 2건+법정동, 기준일 시점보정)",399093061.04329723,346528023.9531819,459631719.1201484,0.8,"공시가격 2.29억 × 실거래/공시 비율 1.74(같은 건물 2건+법정동, 기준일 시점보정)",공시비율,같은 건물,2,법정동,229000000.0,0.1377486470259829,0.03773889852605792,-0.08362888900510146,1162010100101800281,11620,73.59,[],봉천동,B,False,73.59,2026-06-20,400000000,407654411.4474198,0.021001490879798447,-0.021225159312641597
B,B1 공시비율,"공시가격 1.76억 × 실거래/공시 비율 1.86(같은 건물 4건+법정동, 기준일 시점보정)",326951044.30371535,287025232.8689402,372430619.78491884,0.8,"공시가격 1.76억 × 실거래/공시 비율 1.86(같은 건물 4건+법정동, 기준일 시점보정)",공시비율,같은 건물,4,법정동,176000000.0,0.12702902307760694,0.1647961283340332,0.09424987275774832,1168010800101880012,11680,21.84,[],논현동,B,False,21.84,2026-06-21,300000000,309518221.6019942,0.05632244399535802,0.05479348336844044
B,B1 공시비율,"공시가격 2.37억 × 실거래/공시 비율 1.71(같은 건물 8건+법정동, 기준일 시점보정)",406217844.18759006,345382489.74271667,477768682.07573324,0.8,"공시가격 2.37억 × 실거래/공시 비율 1.71(같은 건물 8건+법정동, 기준일 시점보정)",공시비율,같은 건물,8,법정동,237000000.0,0.15823688056542393,0.049150994446785445,-0.05361811639723524,1162010200100870092,11620,52.52,[],신림동,B,False,52.52,2026-06-22,380000000,387271690.8750488,0.048922123044243176,0.04776308742496787
B,B1 공시비율,"공시가격 1.25억 × 실거래/공시 비율 1.69(같은 건물 1건+법정동, 기준일 시점보정)",211307832.2138807,187562018.4017355,238059924.58074552,0.8,"공시가격 1.25억 × 실거래/공시 비율 1.69(같은 건물 1건+법정동, 기준일 시점보정)",공시비율,같은 건물,1,법정동,125000000.0,0.11626720037590875,0.0,-0.013989918821998626,1150010300100460145,11500,62.55,[],화곡동,B,False,62.55,2026-06-22,220000000,222404051.83434278,0.04989216486364685,-0.05117979015955377
B,B1 공시비율,"공시가격 1.74억 × 실거래/공시 비율 1.76(같은 건물 20건+법정동, 기준일 시점보정)",306011244.2030328,271623091.3686733,344753021.94240516,0.8,"공시가격 1.74억 × 실거래/공시 비율 1.76(같은 건물 20건+법정동, 기준일 시점보정)",공시비율,같은 건물,20,법정동,174000000.0,0.11626720037590875,0.04721305273351842,0.03839108693428239,1150010300103700030,11500,29.08,[],화곡동,B,False,29.08,2026-06-25,206000000,208251066.71761185,0.4694342220008102,0.3848774437115295
B,B1 공시비율,"공시가격 0.72억 × 실거래/공시 비율 1.82(법정동 3592건, 기준일 시점보정)",131563992.17131463,110272513.73618622,156966441.13385904,0.65,"공시가격 0.72억 × 실거래/공시 비율 1.82(법정동 3592건, 기준일 시점보정)",공시비율,법정동,3592,법정동,72400000.0,0.1377486470259829,,,1162010100106350403,11620,34.94,[],봉천동,B,False,34.94,2026-06-25,165000000,168157444.72206068,0.2176142282087457,-0.24540734576526108
B,B1 공시비율,"공시가격 0.70억 × 실거래/공시 비율 2.15(같은 건물 2건+법정동, 기준일 시점보정)",150150395.56293672,127663809.44957303,176597748.2961736,0.8,"공시가격 0.70억 × 실거래/공시 비율 2.15(같은 건물 2건+법정동, 기준일 시점보정)",공시비율,같은 건물,2,법정동,69800000.0,0.15823688056542393,0.06662588385276431,0.36855897876897115,1162010200100920231,11620,28.9,[],신림동,B,False,28.9,2026-06-25,218000000,222171654.2388438,0.324169430716311,-0.39181287150822
B,B1 공시비율,"공시가격 2.42억 × 실거래/공시 비율 1.79(법정동 5579건, 기준일 시점보정)",432967062.0244739,353493560.8483813,530308038.2799653,0.65,"공시가격 2.42억 × 실거래/공시 비율 1.79(법정동 5579건, 기준일 시점보정)",공시비율,법정동,5579,법정동,242000000.0,0.15823688056542393,,,1162010200105220002,11620,99.52,[],신림동,B,False,99.52,2026-06-25,407000000,414788363.64774966,0.04382644251843604,0.04289323284214839
B,B1 공시비율,"공시가격 4.35억 × 실거래/공시 비율 1.78(법정동 1027건, 기준일 시점보정)",774113798.5426284,630668481.7614756,950185700.4497327,0.65,"공시가격 4.35억 × 실거래/공시 비율 1.78(법정동 1027건, 기준일 시점보정)",공시비율,법정동,1027,법정동,435000000.0,0.15990835699622905,,,1168010100107400008,11680,70.4,[],역삼동,B,False,70.4,2026-06-25,928930000,958402538.6424683,0.19228740812902706,-0.2135489868683897
B,B1 공시비율,"공시가격 1.78억 × 실거래/공시 비율 2.50(같은 건물 10건+법정동, 기준일 시점보정)",445626481.3656777,370389653.5146271,536146080.2427962,0.8,"공시가격 1.78억 × 실거래/공시 비율 2.50(같은 건물 10건+법정동, 기준일 시점보정)",공시비율,같은 건물,10,법정동,178000000.0,0.1803658964378039,0.2306802661362096,0.2731322814788366,1168010300111640029,11680,42.84,[],개포동,B,False,42.84,2026-06-25,700000000,722209183.7379866,0.3829675786463711,-0.48283370969289163
B,B1 공시비율,"공시가격 2.38억 × 실거래/공시 비율 1.71(같은 건물 2건+법정동, 기준일 시점보정)",406941021.44045854,357247188.76985914,463547370.3830457,0.8,"공시가격 2.38억 × 실거래/공시 비율 1.71(같은 건물 2건+법정동, 기준일 시점보정)",공시비율,같은 건물,2,법정동,238500000.0,0.12702902307760694,0.2865206665799729,-0.04438850077728751,1168010800102700002,11680,23.19,[],논현동,B,False,23.19,2026-06-26,330000000,340470043.7621936,0.1952329695257788,0.1783411199605523
B,B1 공시비율,"공시가격 2.30억 × 실거래/공시 비율 1.64(같은 건물 2건+법정동, 기준일 시점보정)",376112531.40775484,319785761.2110645,442360647.16021776,0.8,"공시가격 2.30억 × 실거래/공시 비율 1.64(같은 건물 2건+법정동, 기준일 시점보정)",공시비율,같은 건물,2,법정동,230000000.0,0.15823688056542393,0.13060080477591138,-0.17982970875249493,1162010200116270013,11620,37.44,[],신림동,B,False,37.44,2026-06-26,430000000,438228492.30597633,0.14174331881381047,-0.15285206201260335
B,B1 공시비율,"공시가격 1.38억 × 실거래/공시 비율 1.70(법정동 12904건, 기준일 시점보정)",234374261.28274423,201928000.5327456,272034062.67039293,0.65,"공시가격 1.38억 × 실거래/공시 비율 1.70(법정동 12904건, 기준일 시점보정)",공시비율,법정동,12904,법정동,138000000.0,0.11626720037590875,,,1150010300101050079,11500,68.77,[],화곡동,B,False,68.77,2026-06-26,290000000,293168977.4179973,0.20054890068202602,-0.22382991265880933
B,B1 공시비율,"공시가격 1.57억 × 실거래/공시 비율 1.70(법정동 12904건, 기준일 시점보정)",266643181.31442642,229729681.76551494,309488027.82066447,0.65,"공시가격 1.57억 × 실거래/공시 비율 1.70(법정동 12904건, 기준일 시점보정)",공시비율,법정동,12904,법정동,157000000.0,0.11626720037590875,,,1150010300108570016,11500,65.55,[],화곡동,B,False,65.55,2026-06-26,515000000,520627666.79402965,0.4878428513866982,-0.6691237701509222
B,B1 공시비율,"공시가격 1.03억 × 실거래/공시 비율 1.64(같은 건물 5건+법정동, 기준일 시점보정)",168580084.4352989,149635820.72535503,189922738.62268463,0.8,"공시가격 1.03억 × 실거래/공시 비율 1.64(같은 건물 5건+법정동, 기준일 시점보정)",공시비율,같은 건물,5,법정동,103000000.0,0.11626720037590875,0.2337774035730415,-0.05177708550103416,1150010300109600003,11500,49.67,[],화곡동,B,False,49.67,2026-06-27,180000000,181966951.5008259,0.07356757342536599,-0.07641416999680747
B,B1 공시비율,"공시가격 1.23억 × 실거래/공시 비율 1.70(같은 건물 5건+법정동, 기준일 시점보정)",209185835.96660545,181633712.6659238,240917356.84295744,0.8,"공시가격 1.23억 × 실거래/공시 비율 1.70(같은 건물 5건+법정동, 기준일 시점보정)",공시비율,같은 건물,5,법정동,123000000.0,0.1377486470259829,0.08687082836099334,-0.09274775652630984,1162010100201330015,11620,50.86,[],봉천동,B,False,50.86,2026-06-27,176000000,179367941.03686473,0.16623870886499378,0.1537837915591253
B,B1 공시비율,"공시가격 4.00억 × 실거래/공시 비율 1.85(같은 건물 6건+법정동, 기준일 시점보정)",741346034.9075559,630321742.2891461,871926044.4311966,0.8,"공시가격 4.00억 × 실거래/공시 비율 1.85(같은 건물 6건+법정동, 기준일 시점보정)",공시비율,같은 건물,6,법정동,400000000.0,0.15823688056542393,0.09371524090029264,0.04703869752163348,1162010200102540301,11620,79.39,[],신림동,B,False,79.39,2026-06-27,720000000,733777940.6053557,0.010313875470222823,0.010261050367159467
B,B1 공시비율,"공시가격 1.06억 × 실거래/공시 비율 2.23(같은 건물 1건+법정동, 기준일 시점보정)",236695057.43666768,201247506.52145055,278386307.4048864,0.8,"공시가격 1.06억 × 실거래/공시 비율 2.23(같은 건물 1건+법정동, 기준일 시점보정)",공시비율,같은 건물,1,법정동,106000000.0,0.15823688056542393,0.0,0.6648288340067803,1162010200104120114,11620,36.1,[],신림동,B,False,36.1,2026-06-27,360000000,366888970.30267787,0.3548591628650002,-0.43828663387443856
B,B1 공시비율,"공시가격 2.42억 × 실거래/공시 비율 1.87(같은 건물 1건+법정동, 기준일 시점보정)",453377150.80547595,385479198.8540571,533234585.6366509,0.8,"공시가격 2.42억 × 실거래/공시 비율 1.87(같은 건물 1건+법정동, 기준일 시점보정)",공시비율,같은 건물,1,법정동,242000000.0,0.15823688056542393,0.0,0.13818805709427284,1162010200105200017,11620,79.54,[],신림동,B,False,79.54,2026-06-28,450000000,458611212.8783473,0.011412852381042267,-0.011478478781529052
B,B1 공시비율,"공시가격 1.01억 × 실거래/공시 비율 1.63(같은 건물 8건+법정동, 기준일 시점보정)",164410091.64213067,145934432.7701009,185224814.46415612,0.8,"공시가격 1.01억 × 실거래/공시 비율 1.63(같은 건물 8건+법정동, 기준일 시점보정)",공시비율,같은 건물,8,법정동,101000000.0,0.11626720037590875,0.08540221432268899,-0.05302776390107444,1150010300101630019,11500,26.41,[],화곡동,B,False,26.41,2026-06-29,250000000,252731877.0844804,0.3494683237478053,-0.4299652869773428
B,B1 공시비율,"공시가격 1.80억 × 실거래/공시 비율 1.82(법정동 3592건, 기준일 시점보정)",327092798.2159761,274158183.32201034,390248058.067606,0.65,"공시가격 1.80억 × 실거래/공시 비율 1.82(법정동 3592건, 기준일 시점보정)",공시비율,법정동,3592,법정동,180000000.0,0.1377486470259829,,,1162010100106350482,11620,67.69,[],봉천동,B,False,67.69,2026-06-29,315000000,321027849.0148431,0.018892283706055023,0.018716040808227714
B,B1 공시비율,"공시가격 2.15억 × 실거래/공시 비율 1.69(같은 건물 2건+법정동, 기준일 시점보정)",363031309.6841874,323473484.10937774,407426692.7129427,0.8,"공시가격 2.15억 × 실거래/공시 비율 1.69(같은 건물 2건+법정동, 기준일 시점보정)",공시비율,같은 건물,2,법정동,214500000.0,0.1125272493329099,0.0012259128783589084,-0.056651300052091846,1162010300106020140,11620,43.35,[],남현동,B,False,43.35,2026-06-29,380000000,387271690.8750488,0.06259270109852268,-0.06463740719839403
B,B1 공시비율,"공시가격 1.07억 × 실거래/공시 비율 1.71(같은 건물 3건+법정동, 기준일 시점보정)",182598987.42592633,162079343.1123472,205716469.28419453,0.8,"공시가격 1.07억 × 실거래/공시 비율 1.71(같은 건물 3건+법정동, 기준일 시점보정)",공시비율,같은 건물,3,법정동,107000000.0,0.11626720037590875,0.020441568704058884,0.007996714448023412,1150010300110140011,11500,37.56,[],화곡동,B,False,37.56,2026-07-01,160000000,160702443.60524118,0.13625520141108177,0.12773794419859585
B,B1 공시비율,"공시가격 1.16억 × 실거래/공시 비율 1.64(같은 건물 5건+법정동, 기준일 시점보정)",190580049.97399685,169163530.12436214,214707954.02170667,0.8,"공시가격 1.16억 × 실거래/공시 비율 1.64(같은 건물 5건+법정동, 기준일 시점보정)",공시비율,같은 건물,5,법정동,116000000.0,0.11626720037590875,0.08971402021027533,-0.046456808535193295,1150010300103460075,11500,25.96,[],화곡동,B,False,25.96,2026-07-01,193000000,193847322.59882218,0.01685487620371797,-0.016998536164813383
B,B1 공시비율,"공시가격 1.09억 × 실거래/공시 비율 1.70(법정동 12904건, 기준일 시점보정)",185121699.12912443,159493855.49325588,214867484.2831369,0.65,"공시가격 1.09억 × 실거래/공시 비율 1.70(법정동 12904건, 기준일 시점보정)",공시비율,법정동,12904,법정동,109000000.0,0.11626720037590875,,,1150010300108060001,11500,50.77,[],화곡동,B,False,50.77,2026-07-01,229000000,230005372.41000143,0.19514184738636695,-0.21708922502339065
B,B1 공시비율,"공시가격 1.15억 × 실거래/공시 비율 1.87(같은 건물 2건+법정동, 기준일 시점보정)",215378808.67146692,191175517.02718145,242646296.69156262,0.8,"공시가격 1.15억 × 실거래/공시 비율 1.87(같은 건물 2건+법정동, 기준일 시점보정)",공시비율,같은 건물,2,법정동,115000000.0,0.11626720037590875,0.047432805265647617,0.19560138106651948,1150010300105040090,11500,59.97,[],화곡동,B,False,59.97,2026-07-02,200000000,200878054.50655147,0.07218685087595028,0.06970034865017477
B,B1 공시비율,"공시가격 0.76억 × 실거래/공시 비율 1.62(같은 건물 4건+법정동, 기준일 시점보정)",123222549.07543057,109375359.04396287,138822827.49393165,0.8,"공시가격 0.76억 × 실거래/공시 비율 1.62(같은 건물 4건+법정동, 기준일 시점보정)",공시비율,같은 건물,4,법정동,76100000.0,0.11626720037590875,0.17725438866703258,-0.07158264301258166,1150010300105040114,11500,37.44,[],화곡동,B,False,37.44,2026-07-02,150000000,150658540.8799136,0.18210711217727518,-0.20102389493530065
B,B1 공시비율,"공시가격 2.47억 × 실거래/공시 비율 1.66(같은 건물 2건+법정동, 기준일 시점보정)",410001000.5262583,330289549.35368556,508949861.60317373,0.8,"공시가격 2.47억 × 실거래/공시 비율 1.66(같은 건물 2건+법정동, 기준일 시점보정)",공시비율,같은 건물,2,법정동,247000000.0,0.2108593827723311,0.13263706974152997,-0.12222432406431333,1168010600109000057,11680,29.85,[],대치동,B,False,29.85,2026-07-02,350000000,355861215.4114935,0.1521373579645685,0.14161878951009366
B,B1 공시비율,"공시가격 1.28억 × 실거래/공시 비율 1.70(같은 건물 10건+법정동, 기준일 시점보정)",217114009.82866895,190601009.89399078,247315023.61976483,0.8,"공시가격 1.28억 × 실거래/공시 비율 1.70(같은 건물 10건+법정동, 기준일 시점보정)",공시비율,같은 건물,10,법정동,128000000.0,0.12702902307760694,0.09753472566878627,-0.03372103436366325,1168010800101480008,11680,18.25,[],논현동,B,False,18.25,2026-07-03,395000000,401614800.2501141,0.4593973885089478,-0.6150708144243913
B,B1 공시비율,"공시가격 6.80억 × 실거래/공시 비율 2.42(같은 건물 2건+법정동, 기준일 시점보정)",1647371080.549243,1322302077.8191879,2052353635.7938561,0.8,"공시가격 6.80억 × 실거래/공시 비율 2.42(같은 건물 2건+법정동, 기준일 시점보정)",공시비율,같은 건물,2,법정동,680000000.0,0.214386818061813,0.01093823734632117,0.45338147298999654,1168010500100960007,11680,76.25,[],삼성동,B,False,76.25,2026-07-04,2500000000,2541865824.3678107,0.35190478397538477,-0.4337176551146469
B,B1 공시비율,"공시가격 1.56억 × 실거래/공시 비율 1.57(같은 건물 1건+법정동, 기준일 시점보정)",244376983.91733024,216915009.13259563,275315712.3951041,0.8,"공시가격 1.56억 × 실거래/공시 비율 1.57(같은 건물 1건+법정동, 기준일 시점보정)",공시비율,같은 건물,1,법정동,156000000.0,0.11626720037590875,0.0,-0.24242855373986477,1150010300108180014,11500,53.94,[],화곡동,B,False,53.94,2026-07-06,240000000,241053665.40786177,0.013786633378278755,0.013692462295962738
B,B1 공시비율,"공시가격 1.81억 × 실거래/공시 비율 1.83(같은 건물 3건+법정동, 기준일 시점보정)",331745952.51266956,282063539.7493335,390179379.81755215,0.8,"공시가격 1.81억 × 실거래/공시 비율 1.83(같은 건물 3건+법정동, 기준일 시점보정)",공시비율,같은 건물,3,법정동,181000000.0,0.15823688056542393,0.13206323982669083,0.04024751955542982,1162010200105610001,11620,29.56,[],신림동,B,False,29.56,2026-07-06,320000000,321177854.0614807,0.03290419410164528,0.032374440533045515
B,B1 공시비율,"공시가격 1.81억 × 실거래/공시 비율 1.78(법정동 1027건, 기준일 시점보정)",322102523.0717593,262416080.91684297,395364624.78483,0.65,"공시가격 1.81억 × 실거래/공시 비율 1.78(법정동 1027건, 기준일 시점보정)",공시비율,법정동,1027,법정동,181000000.0,0.15990835699622905,,,1168010100108300063,11680,43.17,[],역삼동,B,False,43.17,2026-07-06,440000000,447368385.0887346,0.2800060670181893,-0.3285124934216903
B,B1 공시비율,"공시가격 4.17억 × 실거래/공시 비율 1.61(같은 건물 10건+법정동, 기준일 시점보정)",672344237.6616836,558829781.5401043,808916755.7803633,0.8,"공시가격 4.17억 × 실거래/공시 비율 1.61(같은 건물 10건+법정동, 기준일 시점보정)",공시비율,같은 건물,10,법정동,417000000.0,0.1803658964378039,0.08538757487884395,-0.2548837014697104,1168010300112060002,11680,55.92,[],개포동,B,False,55.92,2026-07-07,900000000,915071696.7724118,0.26525512696640335,-0.30823195154536426
B,B1 공시비율,"공시가격 1.46억 × 실거래/공시 비율 1.68(같은 건물 2건+법정동, 기준일 시점보정)",245047134.79737234,217509851.5025044,276070706.0282746,0.8,"공시가격 1.46억 × 실거래/공시 비율 1.68(같은 건물 2건+법정동, 기준일 시점보정)",공시비율,같은 건물,2,법정동,146000000.0,0.11626720037590875,0.03510420768879377,-0.02364320488352234,1150010300110380004,11500,25.77,[],화곡동,B,False,25.77,2026-07-07,227000000,227996591.86493593,0.07478420090830597,0.07211989808687397
B,B1 공시비율,"공시가격 2.01억 × 실거래/공시 비율 1.88(같은 건물 4건+법정동, 기준일 시점보정)",377092674.2395936,327425335.1082211,434294080.87241787,0.8,"공시가격 2.01억 × 실거래/공시 비율 1.88(같은 건물 4건+법정동, 기준일 시점보정)",공시비율,같은 건물,4,법정동,201000000.0,0.1377486470259829,0.1299236899716718,0.047848504655722435,1162010100100410047,11620,47.58,[],봉천동,B,False,47.58,2026-07-07,530000000,531950820.78932744,0.2911136527996137,-0.3440600654399492
B,B1 공시비율,"공시가격 1.00억 × 실거래/공시 비율 1.85(같은 건물 1건+법정동, 기준일 시점보정)",185480241.70546544,157702643.03980473,218150561.08117643,0.8,"공시가격 1.00억 × 실거래/공시 비율 1.85(같은 건물 1건+법정동, 기준일 시점보정)",공시비율,같은 건물,1,법정동,100000000.0,0.15823688056542393,0.0,0.10816274083317523,1162010200104120055,11620,43.62,[],신림동,B,False,43.62,2026-07-07,320000000,321177854.0614807,0.4224999035270958,-0.5490466695335545
B,B1 공시비율,"공시가격 1.60억 × 실거래/공시 비율 1.74(같은 건물 1건+법정동, 기준일 시점보정)",278190528.96412766,241549712.8224215,320389411.77394575,0.8,"공시가격 1.60억 × 실거래/공시 비율 1.74(같은 건물 1건+법정동, 기준일 시점보정)",공시비율,같은 건물,1,법정동,160000000.0,0.1377486470259829,0.0,-0.1324639399401739,1162010100101000016,11620,57.6,[],봉천동,B,False,57.6,2026-07-08,320000000,321177854.0614807,0.1338427433702334,-0.14368879726334238
B,B1 공시비율,"공시가격 1.26억 × 실거래/공시 비율 1.82(같은 건물 11건+법정동, 기준일 시점보정)",229563183.47636762,203765916.25801095,258626448.30686975,0.8,"공시가격 1.26억 × 실거래/공시 비율 1.82(같은 건물 11건+법정동, 기준일 시점보정)",공시비율,같은 건물,11,법정동,126000000.0,0.11626720037590875,0.11980508177036726,0.08300007680721133,1150010300103540006,11500,24.79,[],화곡동,B,False,24.79,2026-07-09,198000000,198869273.96148595,0.1543421409625401,0.14353060678013266
B,B1 공시비율,"공시가격 1.71억 × 실거래/공시 비율 1.73(같은 건물 1건+법정동, 기준일 시점보정)",296336395.08543783,257305564.6367792,341287834.85967565,0.8,"공시가격 1.71억 × 실거래/공시 비율 1.73(같은 건물 1건+법정동, 기준일 시점보정)",공시비율,같은 건물,1,법정동,171000000.0,0.1377486470259829,0.0,-0.14236603178653656,1162010100106490073,11620,45.44,[],봉천동,B,False,45.44,2026-07-09,235000000,235864986.57639992,0.25638145528416695,0.22823572837298145
B,B1 공시비율,"공시가격 1.10억 × 실거래/공시 비율 1.62(같은 건물 4건+법정동, 기준일 시점보정)",178481601.7788405,158424650.5511927,201077812.46610284,0.8,"공시가격 1.10억 × 실거래/공시 비율 1.62(같은 건물 4건+법정동, 기준일 시점보정)",공시비율,같은 건물,4,법정동,110000000.0,0.11626720037590875,0.046436898788217905,-0.0684906012812147,1150010300105040067,11500,48.02,[],화곡동,B,False,48.02,2026-07-10,175000000,175768297.69323254,0.015436822915264792,0.015318887316462904
B,B1 공시비율,"공시가격 1.49억 × 실거래/공시 비율 1.82(법정동 3592건, 기준일 시점보정)",270760149.63433504,226942051.74988574,323038670.2892952,0.65,"공시가격 1.49억 × 실거래/공시 비율 1.82(법정동 3592건, 기준일 시점보정)",공시비율,법정동,3592,법정동,149000000.0,0.1377486470259829,,,1162010100106350262,11620,62.61,[],봉천동,B,False,62.61,2026-07-10,325000000,326196258.03119135,0.16994710096139554,-0.18626584644095345
B,B1 공시비율,"공시가격 1.28억 × 실거래/공시 비율 1.56(같은 건물 5건+법정동, 기준일 시점보정)",200318979.37008914,177808042.89733958,225679855.88279936,0.8,"공시가격 1.28억 × 실거래/공시 비율 1.56(같은 건물 5건+법정동, 기준일 시점보정)",공시비율,같은 건물,5,법정동,128000000.0,0.11626720037590875,0.1332589315831315,-0.11449876300888473,1150010300104100191,11500,44.34,[],화곡동,B,False,44.34,2026-07-11,187000000,187820980.96362564,0.06654207821906717,0.06442171264610036
B,B1 공시비율,"공시가격 0.96억 × 실거래/공시 비율 1.65(같은 건물 3건+법정동, 기준일 시점보정)",159195025.50675723,141305412.06508926,179349508.102516,0.8,"공시가격 0.96억 × 실거래/공시 비율 1.65(같은 건물 3건+법정동, 기준일 시점보정)",공시비율,같은 건물,3,법정동,96300000.0,0.11626720037590875,0.03251627591674371,-0.045006420668426195,1150010300108130013,11500,29.73,[],화곡동,B,False,29.73,2026-07-11,194000000,194851712.87135494,0.18299396417489527,-0.20210879635859796
B,B1 공시비율,"공시가격 1.55억 × 실거래/공시 비율 1.68(같은 건물 4건+법정동, 기준일 시점보정)",260505184.77505603,226193727.03116262,300021367.45965827,0.8,"공시가격 1.55억 × 실거래/공시 비율 1.68(같은 건물 4건+법정동, 기준일 시점보정)",공시비율,같은 건물,4,법정동,155000000.0,0.1377486470259829,0.06663715353237737,-0.11713412864569928,1162010100116480022,11620,45.27,[],봉천동,B,False,45.27,2026-07-11,262500000,263466208.4098084,0.011238722615033196,-0.011302354266236473
B,B1 공시비율,"공시가격 1.61억 × 실거래/공시 비율 1.86(같은 건물 3건+법정동, 기준일 시점보정)",298967160.7219547,265370589.97457433,336817140.13113093,0.8,"공시가격 1.61억 × 실거래/공시 비율 1.86(같은 건물 3건+법정동, 기준일 시점보정)",공시비율,같은 건물,3,법정동,161000000.0,0.11626720037590875,0.17682607127674582,0.1487730205180945,1150010300110370004,11500,57.95,[],화곡동,B,False,57.95,2026-07-13,417000000,418830743.6461598,0.2861862094475789,-0.33713314820177515
B,B1 공시비율,"공시가격 0.99억 × 실거래/공시 비율 1.82(법정동 3592건, 기준일 시점보정)",180809630.12494197,151548551.3363332,215720454.32070398,0.65,"공시가격 0.99억 × 실거래/공시 비율 1.82(법정동 3592건, 기준일 시점보정)",공시비율,법정동,3592,법정동,99500000.0,0.1377486470259829,,,1162010100116440046,11620,50.19,[],봉천동,B,False,50.19,2026-07-13,240000000,240883390.54611054,0.2493893841537783,-0.28686824923411874
B,B1 공시비율,"공시가격 5.47억 × 실거래/공시 비율 1.70(같은 건물 3건+법정동, 기준일 시점보정)",932411639.9187421,818549665.890595,1062112053.1642344,0.8,"공시가격 5.47억 × 실거래/공시 비율 1.70(같은 건물 3건+법정동, 기준일 시점보정)",공시비율,같은 건물,3,법정동,547500000.0,0.12702902307760694,0.20829947433356266,-0.04013545886374259,1168010800102690000,11680,77.49,[],논현동,B,False,77.49,2026-07-13,920000000,935406623.3673543,0.0032017984198472143,-0.00320693514384161
B,B1 공시비율,"공시가격 3.03억 × 실거래/공시 비율 1.78(같은 건물 1건+법정동, 기준일 시점보정)",540255665.9045984,458560228.3591174,636505668.1571624,0.8,"공시가격 3.03억 × 실거래/공시 비율 1.78(같은 건물 1건+법정동, 기준일 시점보정)",공시비율,같은 건물,1,법정동,303000000.0,0.15990835699622905,0.0,0.005810457445924233,1168010100107290009,11680,55.83,[],역삼동,B,False,55.83,2026-07-14,660000000,671052577.6331019,0.19491306059778943,-0.21680500813766923
B,B1 공시비율,"공시가격 1.29억 × 실거래/공시 비율 1.81(같은 건물 2건+법정동, 기준일 시점보정)",233619273.62535852,198632353.38167435,274768757.8587359,0.8,"공시가격 1.29억 × 실거래/공시 비율 1.81(같은 건물 2건+법정동, 기준일 시점보정)",공시비율,같은 건물,2,법정동,129000000.0,0.15823688056542393,0.5971541546829692,0.024312840843814687,1162010200104090184,11620,39.9,[],신림동,B,False,39.9,2026-07-14,375000000,376380297.7282977,0.3792999393554756,-0.47690730785909624
B,B1 공시비율,"공시가격 1.30억 × 실거래/공시 비율 1.70(같은 건물 3건+법정동, 기준일 시점보정)",220993588.60873544,196159333.5136887,248971921.60758892,0.8,"공시가격 1.30억 × 실거래/공시 비율 1.70(같은 건물 3건+법정동, 기준일 시점보정)",공시비율,같은 건물,3,법정동,130000000.0,0.11626720037590875,0.03215681412629942,0.0015561335315564806,1150010300103420083,11500,30.0,[],화곡동,B,False,30.0,2026-07-14,123650000,124192857.19867545,0.7794387986034063,0.576298032908795
B,B1 공시비율,"공시가격 1.37억 × 실거래/공시 비율 1.86(같은 건물 9건+법정동, 기준일 시점보정)",254638361.03287137,226023259.3247806,286876205.1446003,0.8,"공시가격 1.37억 × 실거래/공시 비율 1.86(같은 건물 9건+법정동, 기준일 시점보정)",공시비율,같은 건물,9,법정동,137000000.0,0.11626720037590875,0.07455578682420082,0.11024183012824673,1150010300100800055,11500,33.43,[],화곡동,B,False,33.43,2026-07-15,230000000,231009762.6825342,0.10228398175019489,0.09738437422065155
B,B1 공시비율,"공시가격 1.36억 × 실거래/공시 비율 1.70(같은 건물 2건+법정동, 기준일 시점보정)",231618136.65208346,205589943.13538763,260941563.61945653,0.8,"공시가격 1.36억 × 실거래/공시 비율 1.70(같은 건물 2건+법정동, 기준일 시점보정)",공시비율,같은 건물,2,법정동,136000000.0,0.11626720037590875,0.07756774348570931,0.00553921487328668,1150010300108180010,11500,62.02,[],화곡동,B,False,62.02,2026-07-15,250000000,251097568.13318935,0.07757714113253954,-0.08075152838784555
B,B1 공시비율,"공시가격 1.62억 × 실거래/공시 비율 1.93(같은 건물 2건+법정동, 기준일 시점보정)",312589303.74974597,265775798.7267853,367648496.54049164,0.8,"공시가격 1.62억 × 실거래/공시 비율 1.93(같은 건물 2건+법정동, 기준일 시점보정)",공시비율,같은 건물,2,법정동,162000000.0,0.15823688056542393,0.10818219034754004,0.15113987078673996,1162010200104640001,11620,35.39,[],신림동,B,False,35.39,2026-07-15,280000000,281030622.30379564,0.11229623728276565,0.10642656078423753
B,B1 공시비율,"공시가격 1.73억 × 실거래/공시 비율 1.79(같은 건물 3건+법정동, 기준일 시점보정)",310196511.7697304,269340148.3346585,357250400.6886919,0.8,"공시가격 1.73억 × 실거래/공시 비율 1.79(같은 건물 3건+법정동, 기준일 시점보정)",공시비율,같은 건물,3,법정동,173000000.0,0.1377486470259829,0.005713301867886793,-0.02228775876635769,1162010100106370006,11620,45.13,[],봉천동,B,False,45.13,2026-07-16,300000000,301104238.18263817,0.030196431780469327,0.029749494525090157
B,B1 공시비율,"공시가격 2.75억 × 실거래/공시 비율 1.55(같은 건물 6건+법정동, 기준일 시점보정)",427353783.07057834,375167234.48453414,486799589.9366413,0.8,"공시가격 2.75억 × 실거래/공시 비율 1.55(같은 건물 6건+법정동, 기준일 시점보정)",공시비율,같은 건물,6,법정동,275000000.0,0.12702902307760694,0.16944667987125933,-0.15420280031510192,1168010800101490011,11680,27.43,[],논현동,B,False,27.43,2026-07-17,500000000,508373164.8735621,0.15936990266418596,-0.17360355246511122
B,B1 공시비율,"공시가격 2.03억 × 실거래/공시 비율 1.98(같은 건물 5건+법정동, 기준일 시점보정)",402488234.3817404,342211427.8631249,473382142.2250253,0.8,"공시가격 2.03억 × 실거래/공시 비율 1.98(같은 건물 5건+법정동, 기준일 시점보정)",공시비율,같은 건물,5,법정동,203000000.0,0.15823688056542393,0.051764984335949685,0.14383033884103535,1162010200106100368,11620,31.66,[],신림동,B,False,31.66,2026-07-17,415000000,416527529.48598284,0.033705563523178605,-0.034286691546153686
B,B1 공시비율,"공시가격 0.81억 × 실거래/공시 비율 1.85(같은 건물 2건+법정동, 기준일 시점보정)",150483946.26659843,127947407.46018359,176990050.3143496,0.8,"공시가격 0.81억 × 실거래/공시 비율 1.85(같은 건물 2건+법정동, 기준일 시점보정)",공시비율,같은 건물,2,법정동,81200000.0,0.15823688056542393,0.23133578404238567,0.07043446456388558,1162010200105970065,11620,51.76,[],신림동,B,False,51.76,2026-07-17,120000000,120441695.27305527,0.24943397654303937,0.2226906299952641
B,B1 공시비율,"공시가격 1.75억 × 실거래/공시 비율 1.73(같은 건물 3건+법정동, 기준일 시점보정)",301904947.97938395,262140676.5918041,347701084.7742821,0.8,"공시가격 1.75억 × 실거래/공시 비율 1.73(같은 건물 3건+법정동, 기준일 시점보정)",공시비율,같은 건물,3,법정동,175000000.0,0.1377486470259829,0.14860378082349782,-0.08660135703466254,1162010100106350491,11620,41.76,[],봉천동,B,False,41.76,2026-07-17,351000000,352291958.6736867,0.14302628673104095,-0.15434803381982415
B,B1 공시비율,"공시가격 1.68억 × 실거래/공시 비율 1.70(법정동 12904건, 기준일 시점보정)",284476005.54246134,245093768.7625717,330186271.71949875,0.65,"공시가격 1.68억 × 실거래/공시 비율 1.70(법정동 12904건, 기준일 시점보정)",공시비율,법정동,12904,법정동,167500000.0,0.11626720037590875,,,1150010300104800014,11500,29.84,[],화곡동,B,False,29.84,2026-07-17,350000000,351536595.3864651,0.19076417853532446,-0.21166490691663478
B,B1 공시비율,"공시가격 1.32억 × 실거래/공시 비율 1.66(같은 건물 1건+법정동, 기준일 시점보정)",218871893.50832105,194276064.86577603,246581614.6781385,0.8,"공시가격 1.32억 × 실거래/공시 비율 1.66(같은 건물 1건+법정동, 기준일 시점보정)",공시비율,같은 건물,1,법정동,132000000.0,0.11626720037590875,0.0,-0.07194265433346891,1150010300103510010,11500,63.38,[],화곡동,B,False,63.38,2026-07-17,219000000,219961469.68467388,0.004953486526139294,-0.0049657957062507465
B,B1 공시비율,"공시가격 1.54억 × 실거래/공시 비율 1.70(법정동 12904건, 기준일 시점보정)",261548088.6778457,225339942.6234993,303574243.84956974,0.65,"공시가격 1.54억 × 실거래/공시 비율 1.70(법정동 12904건, 기준일 시점보정)",공시비율,법정동,12904,법정동,154000000.0,0.11626720037590875,,,1150010300100990015,11500,67.96,[],화곡동,B,False,67.96,2026-07-17,296000000,297299520.66969615,0.12025391736696002,-0.1281219556087252
B,B1 공시비율,"공시가격 1.47억 × 실거래/공시 비율 1.71(같은 건물 1건+법정동, 기준일 시점보정)",252000674.31997317,214260947.81125024,296387841.58494586,0.8,"공시가격 1.47억 × 실거래/공시 비율 1.71(같은 건물 1건+법정동, 기준일 시점보정)",공시비율,같은 건물,1,법정동,147000000.0,0.15823688056542393,0.0,-0.12817425936850396,1162010200106670013,11620,52.38,[],신림동,B,False,52.38,2026-07-18,270000000,270993814.36437434,0.07008698736888241,-0.07266423201473803
B,B1 공시비율,"공시가격 2.44억 × 실거래/공시 비율 1.76(같은 건물 2건+법정동, 기준일 시점보정)",428551135.1480142,363747238.2043179,504900260.80553037,0.8,"공시가격 2.44억 × 실거래/공시 비율 1.76(같은 건물 2건+법정동, 기준일 시점보정)",공시비율,같은 건물,2,법정동,244000000.0,0.15990835699622905,0.12462615728076666,-0.026262034750475727,1168010100106900040,11680,28.71,[],역삼동,B,False,28.71,2026-07-20,360000000,366028678.7089647,0.1708129992971455,0.15769837869259826
B,B1 공시비율,"공시가격 1.66억 × 실거래/공시 비율 1.72(같은 건물 1건+법정동, 기준일 시점보정)",286209843.85610825,243346937.79293308,336622582.8156559,0.8,"공시가격 1.66억 × 실거래/공시 비율 1.72(같은 건물 1건+법정동, 기준일 시점보정)",공시비율,같은 건물,1,법정동,166000000.0,0.15823688056542393,0.0,-0.11095936957710062,1162010200105980122,11620,62.04,[],신림동,B,False,62.04,2026-07-20,328000000,329207300.41301775,0.1306090615334643,-0.13996238322556778
B,B1 공시비율,"공시가격 1.07억 × 실거래/공시 비율 1.77(같은 건물 1건+법정동, 기준일 시점보정)",189613203.39542538,168305333.3700737,213618702.2833096,0.8,"공시가격 1.07억 × 실거래/공시 비율 1.77(같은 건물 1건+법정동, 기준일 시점보정)",공시비율,같은 건물,1,법정동,107000000.0,0.11626720037590875,0.0,0.12747549418111037,1150010300100510026,11500,49.56,[],화곡동,B,False,49.56,2026-07-20,156000000,156684882.51511014,0.21015633641069204,0.19074955490777762
B,B1 공시비율,"공시가격 2.60억 × 실거래/공시 비율 1.70(같은 건물 5건+법정동, 기준일 시점보정)",442149170.40151423,383913160.2820653,509219034.6981444,0.8,"공시가격 2.60억 × 실거래/공시 비율 1.70(같은 건물 5건+법정동, 기준일 시점보정)",공시비율,같은 건물,5,법정동,260000000.0,0.1377486470259829,0.015900194336766635,-0.09284993566644373,1162010100100430006,11620,39.67,[],봉천동,B,False,39.67,2026-07-21,475000000,476748377.12251043,0.0725733078103488,-0.07534152569467661
B,B1 공시비율,"공시가격 2.18억 × 실거래/공시 비율 1.82(법정동 3592건, 기준일 시점보정)",396145722.2837925,332036022.023323,472633759.21521074,0.65,"공시가격 2.18억 × 실거래/공시 비율 1.82(법정동 3592건, 기준일 시점보정)",공시비율,법정동,3592,법정동,218000000.0,0.1377486470259829,,,1162010100101800206,11620,67.62,[],봉천동,B,False,67.62,2026-07-21,345000000,346269873.91003394,0.14403750407324503,0.13456367570105482
B,B1 공시비율,"공시가격 2.61억 × 실거래/공시 비율 1.75(같은 건물 5건+법정동, 기준일 시점보정)",457968444.987614,408065763.36671805,513973764.6059019,0.8,"공시가격 2.61억 × 실거래/공시 비율 1.75(같은 건물 5건+법정동, 기준일 시점보정)",공시비율,같은 건물,5,법정동,261000000.0,0.1125272493329099,0.18032356726260168,0.010884835127875747,1162010300110720052,11620,49.77,[],남현동,B,False,49.77,2026-07-21,410000000,411509125.5162722,0.112899852252498,0.10696908823822376
B,B1 공시비율,"공시가격 1.80억 × 실거래/공시 비율 1.81(같은 건물 1건+법정동, 기준일 시점보정)",326644709.1669149,283621933.45700085,376193634.6961488,0.8,"공시가격 1.80억 × 실거래/공시 비율 1.81(같은 건물 1건+법정동, 기준일 시점보정)",공시비율,같은 건물,1,법정동,180000000.0,0.1377486470259829,0.0,-0.004112559987819342,1162010100101800202,11620,69.36,[],봉천동,B,False,69.36,2026-07-22,310000000,311141046.12205946,0.04982840817078627,0.04862673002507241
B,B1 공시비율,"공시가격 0.56억 × 실거래/공시 비율 1.89(같은 건물 3건+법정동, 기준일 시점보정)",105555927.97626759,93694032.53097416,118919568.62084633,0.8,"공시가격 0.56억 × 실거래/공시 비율 1.89(같은 건물 3건+법정동, 기준일 시점보정)",공시비율,같은 건물,3,법정동,55900000.0,0.11626720037590875,0.07144632306213046,0.1766849926418247,1150010300110610016,11500,33.99,[],화곡동,B,False,33.99,2026-07-22,115000000,115504881.3412671,0.08613448409686374,-0.09007185631539656
B,B1 공시비율,"공시가격 1.12억 × 실거래/공시 비율 1.80(같은 건물 1건+법정동, 기준일 시점보정)",201834708.4609987,179153441.2418433,227387480.01242244,0.8,"공시가격 1.12억 × 실거래/공시 비율 1.80(같은 건물 1건+법정동, 기준일 시점보정)",공시비율,같은 건물,1,법정동,112000000.0,0.11626720037590875,0.0,0.17785396946598497,1150010300103720030,11500,29.79,[],화곡동,B,False,29.79,2026-07-23,198000000,198869273.96148595,0.014911476471156943,0.014801393390922448
B,B1 공시비율,"공시가격 2.47억 × 실거래/공시 비율 1.68(같은 건물 2건+법정동, 기준일 시점보정)",413789773.9649764,367289959.79814243,466176579.2130215,0.8,"공시가격 2.47억 × 실거래/공시 비율 1.68(같은 건물 2건+법정동, 기준일 시점보정)",공시비율,같은 건물,2,법정동,247000000.0,0.11626720037590875,0.0,-0.02739168766040878,1150010300105040009,11500,46.6,[],화곡동,B,False,46.6,2026-07-24,350000000,351536595.3864651,0.17708875660604462,0.16304423461601678
B,B1 공시비율,"공시가격 3.68억 × 실거래/공시 비율 1.98(같은 건물 2건+법정동, 기준일 시점보정)",727717605.7023784,604854251.4945744,875538052.912161,0.8,"공시가격 3.68억 × 실거래/공시 비율 1.98(같은 건물 2건+법정동, 기준일 시점보정)",공시비율,같은 건물,2,법정동,368000000.0,0.1803658964378039,0.09832881349950952,-0.016514400059094325,1168010300112110001,11680,40.28,[],개포동,B,False,40.28,2026-07-24,899000000,914054950.4426646,0.20385792413251036,-0.22797762179399617
B,B1 공시비율,"공시가격 1.28억 × 실거래/공시 비율 1.84(같은 건물 3건+법정동, 기준일 시점보정)",235046192.2036651,208632769.38423738,264803619.45296732,0.8,"공시가격 1.28억 × 실거래/공시 비율 1.84(같은 건물 3건+법정동, 기준일 시점보정)",공시비율,같은 건물,3,법정동,128000000.0,0.11626720037590875,0.013770973517244132,0.13014372295871635,1150010300109620015,11500,55.68,[],화곡동,B,False,55.68,2026-07-25,280000000,281229276.30917203,0.16421862158737385,-0.17938820917270232
B,B1 공시비율,"공시가격 1.82억 × 실거래/공시 비율 1.82(같은 건물 2건+법정동, 기준일 시점보정)",330523552.3734355,281024206.766818,388741667.2407965,0.8,"공시가격 1.82억 × 실거래/공시 비율 1.82(같은 건물 2건+법정동, 기준일 시점보정)",공시비율,같은 건물,2,법정동,182000000.0,0.15823688056542393,0.25864331983743855,0.02989460561118429,1162010200105090033,11620,60.66,[],신림동,B,False,60.66,2026-07-25,380000000,381398701.69800836,0.13339098716926368,-0.14316736951031261
B,B1 공시비율,"공시가격 1.92억 × 실거래/공시 비율 1.67(같은 건물 1건+법정동, 기준일 시점보정)",321486037.8725954,282227588.78475326,366205419.5057606,0.8,"공시가격 1.92억 × 실거래/공시 비율 1.67(같은 건물 1건+법정동, 기준일 시점보정)",공시비율,같은 건물,1,법정동,192000000.0,0.12702902307760694,0.0,-0.12310338572627627,1168010800100100014,11680,41.16,[],논현동,B,False,41.16,2026-07-25,298000000,302990406.264643,0.06104362126831715,0.05925297214045443
B,B1 공시비율,"공시가격 1.54억 × 실거래/공시 비율 1.65(같은 건물 8건+법정동, 기준일 시점보정)",253749434.48340902,225234226.30086842,285874738.3030464,0.8,"공시가격 1.54억 × 실거래/공시 비율 1.65(같은 건물 8건+법정동, 기준일 시점보정)",공시비율,같은 건물,8,법정동,154000000.0,0.11626720037590875,0.11492530670282289,-0.037838575498926774,1150010300104710020,11500,40.45,[],화곡동,B,False,40.45,2026-07-26,230000000,231009762.6825342,0.09843597749643546,0.09388732939299767
B,B1 공시비율,"공시가격 1.00억 × 실거래/공시 비율 1.70(법정동 12904건, 기준일 시점보정)",169666584.7981606,146178313.42913985,196929006.23748025,0.65,"공시가격 1.00억 × 실거래/공시 비율 1.70(법정동 12904건, 기준일 시점보정)",공시비율,법정동,12904,법정동,99900000.0,0.11626720037590875,,,1150010300100460303,11500,42.98,[],화곡동,B,False,42.98,2026-07-27,165000000,165724394.96790496,0.023787625418811287,0.023509108055631174
B,B1 공시비율,"공시가격 3.04억 × 실거래/공시 비율 2.01(같은 건물 2건+법정동, 기준일 시점보정)",611310131.2990234,530793723.31815326,704040119.9409748,0.8,"공시가격 3.04억 × 실거래/공시 비율 2.01(같은 건물 2건+법정동, 기준일 시점보정)",공시비율,같은 건물,2,법정동,304000000.0,0.1377486470259829,0.10700982751268515,0.2025792850346224,1162010100100090031,11620,28.06,[],봉천동,B,False,28.06,2026-07-27,820000000,823018251.0325444,0.25723380917484595,-0.2973739663914377
B,B1 공시비율,"공시가격 1.45억 × 실거래/공시 비율 1.55(같은 건물 4건+법정동, 기준일 시점보정)",225211176.07422963,195548335.55151242,259373590.09315985,0.8,"공시가격 1.45억 × 실거래/공시 비율 1.55(같은 건물 4건+법정동, 기준일 시점보정)",공시비율,같은 건물,4,법정동,145000000.0,0.1377486470259829,0.20247942882145908,-0.235473429598554,1162010100101800437,11620,55.72,[],봉천동,B,False,55.72,2026-07-27,245000000,245901794.5158212,0.0841417952330573,-0.08789372457986246
B,B1 공시비율,"공시가격 2.21억 × 실거래/공시 비율 1.74(같은 건물 3건+법정동, 기준일 시점보정)",384346619.3200392,326227163.63251346,452820427.75919336,0.8,"공시가격 2.21억 × 실거래/공시 비율 1.74(같은 건물 3건+법정동, 기준일 시점보정)",공시비율,같은 건물,3,법정동,221000000.0,0.15990835699622905,0.18258217049453074,-0.03831793305479925,1168010100106850023,11680,18.5,[],역삼동,B,False,18.5,2026-07-27,340000000,345693752.11402225,0.11181245530080582,0.10599152629945456
B,B1 공시비율,"공시가격 0.94억 × 실거래/공시 비율 1.54(같은 건물 3건+법정동, 기준일 시점보정)",145442055.18521017,129097938.04246244,163855377.841434,0.8,"공시가격 0.94억 × 실거래/공시 비율 1.54(같은 건물 3건+법정동, 기준일 시점보정)",공시비율,같은 건물,3,법정동,94500000.0,0.11626720037590875,0.08988954089223672,-0.1641460551019655,1150010300101110024,11500,43.32,[],화곡동,B,False,43.32,2026-07-28,136000000,136597077.064455,0.06475232348186744,0.0627422120041699
B,B1 공시비율,"공시가격 1.42억 × 실거래/공시 비율 1.64(같은 건물 3건+법정동, 기준일 시점보정)",232378890.96331495,206265207.3346719,261798631.3015145,0.8,"공시가격 1.42억 × 실거래/공시 비율 1.64(같은 건물 3건+법정동, 기준일 시점보정)",공시비율,같은 건물,3,법정동,142000000.0,0.11626720037590875,0.07331770931916198,-0.06187237845606475,1150010300104750016,11500,57.99,[],화곡동,B,False,57.99,2026-07-29,205000000,205900005.86921525,0.12860070101658333,0.12097854769091927
B,B1 공시비율,"공시가격 1.41억 × 실거래/공시 비율 1.81(같은 건물 2건+법정동, 기준일 시점보정)",254749622.96097067,226122018.14307398,287001553.10702324,0.8,"공시가격 1.41억 × 실거래/공시 비율 1.81(같은 건물 2건+법정동, 기준일 시점보정)",공시비율,같은 건물,2,법정동,141000000.0,0.11626720037590875,0.1836193530683163,0.12371148397182707,1150010300107730013,11500,75.66,[],화곡동,B,False,75.66,2026-07-29,309000000,310356594.21262205,0.17917122525695595,-0.1974407482319593
B,B1 공시비율,"공시가격 1.34억 × 실거래/공시 비율 1.74(같은 건물 4건+법정동, 기준일 시점보정)",233775590.7383182,198765260.37834105,274952608.5243658,0.8,"공시가격 1.34억 × 실거래/공시 비율 1.74(같은 건물 4건+법정동, 기준일 시점보정)",공시비율,같은 건물,4,법정동,134000000.0,0.15823688056542393,0.037471602360166674,-0.03780313260742951,1162010200106100225,11620,29.63,[],신림동,B,False,29.63,2026-07-29,247000000,247909156.10370544,0.05701106642255228,-0.058700731754286
B,B1 공시비율,"공시가격 1.69억 × 실거래/공시 비율 1.99(같은 건물 3건+법정동, 기준일 시점보정)",335904225.10364676,298156834.9361556,378430527.90200853,0.8,"공시가격 1.69억 × 실거래/공시 비율 1.99(같은 건물 3건+법정동, 기준일 시점보정)",공시비율,같은 건물,3,법정동,169000000.0,0.11626720037590875,0.09713298984232682,0.2621030006177957,1150010300108050009,11500,83.57,[],화곡동,B,False,83.57,2026-07-30,350000000,351536595.3864651,0.044468685445487474,-0.0454877428880065
B,B1 공시비율,"공시가격 1.87억 × 실거래/공시 비율 1.82(법정동 3592건, 기준일 시점보정)",339813073.7021527,284819890.4511995,405424371.43690145,0.65,"공시가격 1.87억 × 실거래/공시 비율 1.82(법정동 3592건, 기준일 시점보정)",공시비율,법정동,3592,법정동,187000000.0,0.1377486470259829,,,1162010100116070011,11620,70.49,[],봉천동,B,False,70.49,2026-07-30,300000000,301104238.18263817,0.12855626261904451,0.12093917214171242
B,B1 공시비율,"공시가격 0.55억 × 실거래/공시 비율 2.42(같은 건물 8건+법정동, 기준일 시점보정)",133604648.82350174,113595960.67018877,157137648.92641723,0.8,"공시가격 0.55억 × 실거래/공시 비율 2.42(같은 건물 8건+법정동, 기준일 시점보정)",공시비율,같은 건물,8,법정동,55100000.0,0.15823688056542393,0.16700179920958302,0.38001426399567007,1162010200100920203,11620,33.12,[],신림동,B,False,33.12,2026-07-30,158000000,158581565.4428561,0.15750201828064717,-0.17138401234382752
B,B1 공시비율,"공시가격 0.44억 × 실거래/공시 비율 1.66(같은 건물 1건+법정동, 기준일 시점보정)",73467065.65476303,65211170.71662902,82768177.2402977,0.8,"공시가격 0.44억 × 실거래/공시 비율 1.66(같은 건물 1건+법정동, 기준일 시점보정)",공시비율,같은 건물,1,법정동,44300000.0,0.11626720037590875,0.0,-0.07143905185482569,1150010300104090119,11500,20.67,[],화곡동,B,False,20.67,2026-08-01,68000000,68000000.0,0.0803980243347504,0.0773295142922509
B,B1 공시비율,"공시가격 0.97억 × 실거래/공시 비율 1.70(법정동 12904건, 기준일 시점보정)",165590510.68889573,142666522.1155271,192197979.06060413,0.65,"공시가격 0.97억 × 실거래/공시 비율 1.70(법정동 12904건, 기준일 시점보정)",공시비율,법정동,12904,법정동,97500000.0,0.11626720037590875,,,1150010300104100027,11500,44.36,[],화곡동,B,False,44.36,2026-08-01,158500000,158500000.0,0.04473508321069863,0.04376334438868038
B,B1 공시비율,"공시가격 1.99억 × 실거래/공시 비율 1.78(같은 건물 1건+법정동, 기준일 시점보정)",353824925.85696584,314063688.7865319,398620033.5396941,0.8,"공시가격 1.99억 × 실거래/공시 비율 1.78(같은 건물 1건+법정동, 기준일 시점보정)",공시비율,같은 건물,1,법정동,199000000.0,0.11626720037590875,0.0,0.13749553993795638,1150010300110160019,11500,25.84,[],화곡동,B,False,25.84,2026-08-01,270000000,270000000.0,0.31046268835913277,0.2703802720743169
B,B1 공시비율,"공시가격 1.83억 × 실거래/공시 비율 1.70(법정동 12904건, 기준일 시점보정)",310800650.8314654,267774087.66298896,360740822.23682576,0.65,"공시가격 1.83억 × 실거래/공시 비율 1.70(법정동 12904건, 기준일 시점보정)",공시비율,법정동,12904,법정동,183000000.0,0.11626720037590875,,,1150010300103710002,11500,62.56,[],화곡동,B,False,62.56,2026-08-02,288000000,288000000.0,0.07916892649814383,0.07619123240768802
B,B1 공시비율,"공시가격 2.61억 × 실거래/공시 비율 1.65(같은 건물 3건+법정동, 기준일 시점보정)",431141733.4726615,365946095.95687467,507952390.7906838,0.8,"공시가격 2.61억 × 실거래/공시 비율 1.65(같은 건물 3건+법정동, 기준일 시점보정)",공시비율,같은 건물,3,법정동,261000000.0,0.15990835699622905,0.033572067246745045,-0.1240939692462224,1168010100107280051,11680,29.69,[],역삼동,B,False,29.69,2026-08-03,380000000,380000000.0,0.13458350913858289,0.12626563128908744
B,B1 공시비율,"㎡당 650만원(법정동 5683건, 기준일 시점보정) × 48.48㎡",314986301.088878,159630146.56896058,621539051.4021208,0.45,"㎡당 650만원(법정동 5683건, 기준일 시점보정) × 48.48㎡",㎡단가,법정동,5683,법정동,,0.5303289589715827,,,1162010200104850030,11620,48.48,[],신림동,B,False,48.48,2026-08-03,495000000,495000000.0,0.36366403820428694,-0.45202861329545074
B,B1 공시비율,"공시가격 1.65억 × 실거래/공시 비율 1.72(같은 건물 1건+법정동, 기준일 시점보정)",283671942.1049151,251794178.51054484,319585509.139181,0.8,"공시가격 1.65억 × 실거래/공시 비율 1.72(같은 건물 1건+법정동, 기준일 시점보정)",공시비율,같은 건물,1,법정동,165000000.0,0.11626720037590875,0.0,0.036622210332503013,1150010300101560003,11500,54.32,[],화곡동,B,False,54.32,2026-08-03,280000000,280000000.0,0.013114078946125294,0.013028833877711156
B,B1 공시비율,"공시가격 1.54억 × 실거래/공시 비율 1.65(같은 건물 3건+법정동, 기준일 시점보정)",254521762.28123063,225919763.4109201,286744844.70362186,0.8,"공시가격 1.54억 × 실거래/공시 비율 1.65(같은 건물 3건+법정동, 기준일 시점보정)",공시비율,같은 건물,3,법정동,154000000.0,0.11626720037590875,0.00819197363046932,-0.045386366391896305,1150010300108030006,11500,40.44,[],화곡동,B,False,40.44,2026-08-04,240000000,240000000.0,0.06050734283846095,0.05874741893871557
B,B1 공시비율,"공시가격 1.51억 × 실거래/공시 비율 1.74(같은 건물 6건+법정동, 기준일 시점보정)",262036557.4204239,232590080.02633068,295211031.4290876,0.8,"공시가격 1.51억 × 실거래/공시 비율 1.74(같은 건물 6건+법정동, 기준일 시점보정)",공시비율,같은 건물,6,법정동,151000000.0,0.11626720037590875,0.0588800734276201,0.028718172865706104,1150010300103540038,11500,37.03,[],화곡동,B,False,37.03,2026-08-07,305000000,305000000.0,0.1408637461625446,-0.15182775044099575
B,B1 공시비율,"공시가격 1.95억 × 실거래/공시 비율 1.73(같은 건물 8건+법정동, 기준일 시점보정)",337083154.85747594,299203281.92236227,379758713.06837046,0.8,"공시가격 1.95억 × 실거래/공시 비율 1.73(같은 건물 8건+법정동, 기준일 시점보정)",공시비율,같은 건물,8,법정동,195000000.0,0.11626720037590875,0.1547041310196489,0.022080664959336027,1150010300108700001,11500,38.45,[],화곡동,B,False,38.45,2026-08-07,300000000,300000000.0,0.12361051619158646,0.11654717557722725
B,B1 공시비율,"공시가격 0.88억 × 실거래/공시 비율 1.44(같은 건물 2건+법정동, 기준일 시점보정)",126643824.90534748,112844039.04089788,142131197.3851224,0.8,"공시가격 0.88억 × 실거래/공시 비율 1.44(같은 건물 2건+법정동, 기준일 시점보정)",공시비율,같은 건물,2,법정동,87900000.0,0.1125272493329099,0.06121876379733687,-0.37865236274318737,1162010300110710038,11620,11.9,[],남현동,B,False,11.9,2026-08-07,225000000,225000000.0,0.4371385559762334,-0.5747217841080778
B,B1 공시비율,"공시가격 2.50억 × 실거래/공시 비율 1.80(같은 건물 5건+법정동, 기준일 시점보정)",450067855.42260367,382665504.9334555,529342394.00524616,0.8,"공시가격 2.50억 × 실거래/공시 비율 1.80(같은 건물 5건+법정동, 기준일 시점보정)",공시비율,같은 건물,5,법정동,250000000.0,0.15823688056542393,0.05818816427025972,0.008698919092691715,1162010200100110008,11620,41.38,[],신림동,B,False,41.38,2026-08-08,380000000,380000000.0,0.18438909321737806,0.16922710850429884
B,B1 공시비율,"공시가격 1.36억 × 실거래/공시 비율 1.82(법정동 3592건, 기준일 시점보정)",247136780.8742929,207141738.50996327,294854088.3177466,0.65,"공시가격 1.36억 × 실거래/공시 비율 1.82(법정동 3592건, 기준일 시점보정)",공시비율,법정동,3592,법정동,136000000.0,0.1377486470259829,,,1162010100116460035,11620,55.33,[],봉천동,B,False,55.33,2026-08-08,275000000,275000000.0,0.10132079682075305,-0.10682914559007635
B,B1 공시비율,"공시가격 3.06억 × 실거래/공시 비율 1.90(같은 건물 1건+법정동, 기준일 시점보정)",580681612.9233679,482642909.2675694,698634806.6295753,0.8,"공시가격 3.06억 × 실거래/공시 비율 1.90(같은 건물 1건+법정동, 기준일 시점보정)",공시비율,같은 건물,1,법정동,306000000.0,0.1803658964378039,0.0,-0.1484094727956372,1168010300111760004,11680,65.82,[],개포동,B,False,65.82,2026-08-09,960000000,960000000.0,0.3951233198714918,-0.502730676226704
B,B1 공시비율,"공시가격 2.38억 × 실거래/공시 비율 1.74(같은 건물 4건+법정동, 기준일 시점보정)",412361429.4677425,350606009.11875343,484994392.82309973,0.8,"공시가격 2.38억 × 실거래/공시 비율 1.74(같은 건물 4건+법정동, 기준일 시점보정)",공시비율,같은 건물,4,법정동,237500000.0,0.15823688056542393,0.1793607560129719,-0.044986998636745046,1162010200101060008,11620,43.04,[],신림동,B,False,43.04,2026-08-10,324000000,324000000.0,0.2727204613201929,0.24115670498271868
B,B1 공시비율,"공시가격 1.72억 × 실거래/공시 비율 1.72(같은 건물 2건+법정동, 기준일 시점보정)",295031946.62158424,261877597.349666,332383718.2265654,0.8,"공시가격 1.72억 × 실거래/공시 비율 1.72(같은 건물 2건+법정동, 기준일 시점보정)",공시비율,같은 건물,2,법정동,171500000.0,0.11626720037590875,0.0942444449924043,0.02566963560154034,1150010300110430015,11500,56.5,[],화곡동,B,False,56.5,2026-08-11,300000000,300000000.0,0.016560177928052543,-0.0166988305472244
B,B1 공시비율,"공시가격 1.19억 × 실거래/공시 비율 1.52(같은 건물 7건+법정동, 기준일 시점보정)",180752739.8863268,158680016.96724468,205895824.82309857,0.8,"공시가격 1.19억 × 실거래/공시 비율 1.52(같은 건물 7건+법정동, 기준일 시점보정)",공시비율,같은 건물,7,법정동,119000000.0,0.12702902307760694,0.1465301743469398,-0.17805430066316202,1168010800101820006,11680,14.06,[],논현동,B,False,14.06,2026-08-12,163000000,163000000.0,0.10891251464004166,0.10337981854780082
B,B1 공시비율,"공시가격 1.30억 × 실거래/공시 비율 1.64(같은 건물 15건+법정동, 기준일 시점보정)",212703192.6840957,186728822.17622527,242290652.5662643,0.8,"공시가격 1.30억 × 실거래/공시 비율 1.64(같은 건물 15건+법정동, 기준일 시점보정)",공시비율,같은 건물,15,법정동,130000000.0,0.12702902307760694,0.08190325828412875,-0.07268057898091063,1168010800101850010,11680,17.67,[],논현동,B,False,17.67,2026-08-13,190000000,190000000.0,0.11949048781103006,0.11287366020148551
B,B1 공시비율,"공시가격 0.79억 × 실거래/공시 비율 1.75(같은 건물 5건+법정동, 기준일 시점보정)",137645637.12296703,122177646.00814752,155071914.03674665,0.8,"공시가격 0.79억 × 실거래/공시 비율 1.75(같은 건물 5건+법정동, 기준일 시점보정)",공시비율,같은 건물,5,법정동,78600000.0,0.11626720037590875,0.03438864161214748,0.04290338711538422,1150010300103500026,11500,36.64,[],화곡동,B,False,36.64,2026-08-13,165000000,165000000.0,0.16578401743656343,-0.18126293825221915
B,B1 공시비율,"공시가격 1.34억 × 실거래/공시 비율 1.72(같은 건물 4건+법정동, 기준일 시점보정)",230429995.71243048,204535320.07455626,259603001.10844278,0.8,"공시가격 1.34억 × 실거래/공시 비율 1.72(같은 건물 4건+법정동, 기준일 시점보정)",공시비율,같은 건물,4,법정동,134000000.0,0.11626720037590875,0.01880453480345171,0.018662625628133034,1150010300103540041,11500,34.01,[],화곡동,B,False,34.01,2026-08-13,270000000,270000000.0,0.14655557143544268,-0.15847484892649458
B,B1 공시비율,"공시가격 3.64억 × 실거래/공시 비율 2.00(같은 건물 5건+법정동, 기준일 시점보정)",729541827.7010394,606370483.0972098,877732827.0446979,0.8,"공시가격 3.64억 × 실거래/공시 비율 2.00(같은 건물 5건+법정동, 기준일 시점보정)",공시비율,같은 건물,5,법정동,364000000.0,0.1803658964378039,0.2696386690388381,0.007245707878099972,1168010300112310008,11680,49.62,[],개포동,B,False,49.62,2026-08-13,880000000,880000000.0,0.17097519579427337,-0.18750520366028564
B,B1 공시비율,"공시가격 1.53억 × 실거래/공시 비율 1.65(같은 건물 3건+법정동, 기준일 시점보정)",252946539.60288292,219630640.29537937,291316147.01402336,0.8,"공시가격 1.53억 × 실거래/공시 비율 1.65(같은 건물 3건+법정동, 기준일 시점보정)",공시비율,같은 건물,3,법정동,153000000.0,0.1377486470259829,0.027923408572121118,-0.1575780454184325,1162010100106350147,11620,29.56,[],봉천동,B,False,29.56,2026-08-14,230000000,230000000.0,0.09976756349079531,0.09509885155862521
B,B1 공시비율,"공시가격 1.36억 × 실거래/공시 비율 1.63(같은 건물 6건+법정동, 기준일 시점보정)",222245784.10859513,197270812.9743721,250382648.1440063,0.8,"공시가격 1.36억 × 실거래/공시 비율 1.63(같은 건물 6건+법정동, 기준일 시점보정)",공시비율,같은 건물,6,법정동,136000000.0,0.11626720037590875,0.17296370601128128,-0.05138205381912969,1150010300100700037,11500,59.95,[],화곡동,B,False,59.95,2026-08-14,225000000,225000000.0,0.012240959517354965,-0.012316497130501935
B,B1 공시비율,"공시가격 1.25억 × 실거래/공시 비율 1.70(법정동 12904건, 기준일 시점보정)",212295526.5242252,182905797.58400902,246407665.46231288,0.65,"공시가격 1.25억 × 실거래/공시 비율 1.70(법정동 12904건, 기준일 시점보정)",공시비율,법정동,12904,법정동,125000000.0,0.11626720037590875,,,1150010300109830004,11500,59.21,[],화곡동,B,False,59.21,2026-08-17,232000000,232000000.0,0.0849330753266155,-0.08875807466179503
B,B1 공시비율,"공시가격 1.19억 × 실거래/공시 비율 1.60(같은 건물 9건+법정동, 기준일 시점보정)",189511326.26054066,168214904.7245864,213503927.2520528,0.8,"공시가격 1.19억 × 실거래/공시 비율 1.60(같은 건물 9건+법정동, 기준일 시점보정)",공시비율,같은 건물,9,법정동,118500000.0,0.11626720037590875,0.061846312832318714,-0.07349189021302666,1150010300103460093,11500,24.47,[],화곡동,B,False,24.47,2026-08-19,185000000,185000000.0,0.02438554735427386,0.02409296684296074
B,B1 공시비율,"공시가격 1.31억 × 실거래/공시 비율 1.70(법정동 12904건, 기준일 시점보정)",222485711.79738805,191685275.86804146,258235233.40450394,0.65,"공시가격 1.31억 × 실거래/공시 비율 1.70(법정동 12904건, 기준일 시점보정)",공시비율,법정동,12904,법정동,131000000.0,0.11626720037590875,,,1150010300103980003,11500,44.95,[],화곡동,B,False,44.95,2026-08-19,200000000,200000000.0,0.11242855898694024,0.10654551635532888
B,B1 공시비율,"공시가격 1.31억 × 실거래/공시 비율 1.74(같은 건물 3건+법정동, 기준일 시점보정)",227650780.96910727,202068420.85284668,256471930.9287083,0.8,"공시가격 1.31억 × 실거래/공시 비율 1.74(같은 건물 3건+법정동, 기준일 시점보정)",공시비율,같은 건물,3,법정동,131000000.0,0.11626720037590875,0.12090900493189638,0.03824984906811679,1150010300104640003,11500,65.65,[],화곡동,B,False,65.65,2026-08-19,256000000,256000000.0,0.11073913683942473,-0.11736465213532885
B,B1 공시비율,"공시가격 1.71억 × 실거래/공시 비율 1.76(같은 건물 1건+법정동, 기준일 시점보정)",300176277.9657088,260639691.82815024,345710191.80285364,0.8,"공시가격 1.71억 × 실거래/공시 비율 1.76(같은 건물 1건+법정동, 기준일 시점보정)",공시비율,같은 건물,1,법정동,171000000.0,0.1377486470259829,0.0,-0.10374218259951418,1162010100115340002,11620,55.92,[],봉천동,B,False,55.92,2026-08-20,300000000,300000000.0,0.0005875932190293074,0.000587420653729314
B,B1 공시비율,"공시가격 2.64억 × 실거래/공시 비율 1.81(같은 건물 3건+법정동, 기준일 시점보정)",477353863.768262,419061527.0881298,543754786.6487097,0.8,"공시가격 2.64억 × 실거래/공시 비율 1.81(같은 건물 3건+법정동, 기준일 시점보정)",공시비율,같은 건물,3,법정동,264000000.0,0.12702902307760694,0.1970025008496973,0.0596929348872125,1168010800101830014,11680,27.79,[],논현동,B,False,27.79,2026-08-20,550000000,550000000.0,0.1320838840577054,-0.14166020961126874
B,B1 공시비율,"공시가격 1.69억 × 실거래/공시 비율 1.65(같은 건물 9건+법정동, 기준일 시점보정)",279140911.8225475,247772324.81824985,314480839.2554745,0.8,"공시가격 1.69억 × 실거래/공시 비율 1.65(같은 건물 9건+법정동, 기준일 시점보정)",공시비율,같은 건물,9,법정동,169000000.0,0.11626720037590875,0.10319767543998905,-0.03403590667653417,1150010300110670013,11500,29.4,[],화곡동,B,False,29.4,2026-08-20,370000000,370000000.0,0.24556510318230407,-0.28178629102105823
B,B1 공시비율,"공시가격 0.73억 × 실거래/공시 비율 1.99(같은 건물 1건+법정동, 기준일 시점보정)",145634507.32254764,126452807.54806854,167725890.26952875,0.8,"공시가격 0.73억 × 실거래/공시 비율 1.99(같은 건물 1건+법정동, 기준일 시점보정)",공시비율,같은 건물,1,법정동,73200000.0,0.1377486470259829,0.0,0.27185286364887185,1162010100115180009,11620,14.475,[],봉천동,B,False,14.475,2026-08-20,157500000,157500000.0,0.07533646144414194,-0.07832534974169167
B,B1 공시비율,"공시가격 0.67억 × 실거래/공시 비율 1.74(같은 건물 3건+법정동, 기준일 시점보정)",116596365.48683357,103493795.85173933,131357752.73152086,0.8,"공시가격 0.67억 × 실거래/공시 비율 1.74(같은 건물 3건+법정동, 기준일 시점보정)",공시비율,같은 건물,3,법정동,67200000.0,0.11626720037590875,0.023706359308035878,0.035632159028971766,1150010300104300006,11500,33.2,[],화곡동,B,False,33.2,2026-08-21,130000000,130000000.0,0.10310488087051098,-0.10881634780688261
B,B1 공시비율,"공시가격 1.80억 × 실거래/공시 비율 1.85(같은 건물 3건+법정동, 기준일 시점보정)",332236632.68290895,288477337.86074847,382633800.3360267,0.8,"공시가격 1.80억 × 실거래/공시 비율 1.85(같은 건물 3건+법정동, 기준일 시점보정)",공시비율,같은 건물,3,법정동,180000000.0,0.1377486470259829,0.04410598112831068,0.02600591140961761,1162010100101800197,11620,56.4,[],봉천동,B,False,56.4,2026-08-21,365000000,365000000.0,0.08976265018381109,-0.09404988950606669
B,B1 공시비율,"공시가격 1.06억 × 실거래/공시 비율 1.84(같은 건물 2건+법정동, 기준일 시점보정)",194563523.63016304,165425608.85993332,228833763.93939713,0.8,"공시가격 1.06억 × 실거래/공시 비율 1.84(같은 건물 2건+법정동, 기준일 시점보정)",공시비율,같은 건물,2,법정동,106000000.0,0.15823688056542393,0.185824291547882,0.051191371080946846,1162010200105980031,11620,48.93,[],신림동,B,False,48.93,2026-08-21,170000000,170000000.0,0.1444913154715473,0.1349602723271272
B,B1 공시비율,"공시가격 3.96억 × 실거래/공시 비율 2.07(같은 건물 3건+법정동, 기준일 시점보정)",821559393.178162,682852370.1024015,988441815.6417204,0.8,"공시가격 3.96억 × 실거래/공시 비율 2.07(같은 건물 3건+법정동, 기준일 시점보정)",공시비율,같은 건물,3,법정동,396000000.0,0.1803658964378039,0.002466947114164752,0.06617115252206285,1168010300112330022,11680,55.22,[],개포동,B,False,55.22,2026-08-21,850000000,850000000.0,0.03345953743745649,-0.03403211616863634
B,B1 공시비율,"공시가격 3.06억 × 실거래/공시 비율 1.73(같은 건물 4건+법정동, 기준일 시점보정)",531587523.410445,466672412.7523219,605532462.0091214,0.8,"공시가격 3.06억 × 실거래/공시 비율 1.73(같은 건물 4건+법정동, 기준일 시점보정)",공시비율,같은 건물,4,법정동,306500000.0,0.12702902307760694,0.0435649473829277,-0.008764654847604803,1168010800101880010,11680,25.57,[],논현동,B,False,25.57,2026-08-22,550000000,550000000.0,0.03347723016282732,-0.034050421545382265
B,B1 공시비율,"공시가격 1.59억 × 실거래/공시 비율 2.39(같은 건물 9건+법정동, 기준일 시점보정)",380489775.85340583,306515829.080904,472316454.1390217,0.8,"공시가격 1.59억 × 실거래/공시 비율 2.39(같은 건물 9건+법정동, 기준일 시점보정)",공시비율,같은 건물,9,법정동,159000000.0,0.2108593827723311,0.05835208753463056,0.37237649657965,1168010600109530025,11680,24.67,[],대치동,B,False,24.67,2026-08-22,180000000,180000000.0,1.1138320880744768,0.7485024557572344
B,B1 공시비율,"공시가격 1.20억 × 실거래/공시 비율 1.76(같은 건물 1건+법정동, 기준일 시점보정)",211075486.27720517,187355782.44543552,237798163.07582584,0.8,"공시가격 1.20억 × 실거래/공시 비율 1.76(같은 건물 1건+법정동, 기준일 시점보정)",공시비율,같은 건물,1,법정동,120000000.0,0.11626720037590875,0.0,0.10517556564319819,1150010300103790062,11500,58.41,[],화곡동,B,False,58.41,2026-08-22,218000000,218000000.0,0.03176382441649005,-0.03227923842376572
B,B1 공시비율,"공시가격 1.40억 × 실거래/공시 비율 1.70(법정동 12904건, 기준일 시점보정)",237770989.70713225,204854493.2940901,275976585.31779045,0.65,"공시가격 1.40억 × 실거래/공시 비율 1.70(법정동 12904건, 기준일 시점보정)",공시비율,법정동,12904,법정동,140000000.0,0.11626720037590875,,,1150010300101620006,11500,46.6,[],화곡동,B,False,46.6,2026-08-22,208000000,208000000.0,0.1431297582073666,0.1337699026102002
B,B1 공시비율,"공시가격 1.25억 × 실거래/공시 비율 1.81(같은 건물 10건+법정동, 기준일 시점보정)",226798137.12719056,201311593.25070727,255511340.27490103,0.8,"공시가격 1.25억 × 실거래/공시 비율 1.81(같은 건물 10건+법정동, 기준일 시점보정)",공시비율,같은 건물,10,법정동,125000000.0,0.11626720037590875,0.07438496484764213,0.07929727330852943,1150010300101050021,11500,29.99,[],화곡동,B,False,29.99,2026-08-24,220000000,220000000.0,0.030900623305411636,0.030432811742593317
B,B1 공시비율,"공시가격 1.72억 × 실거래/공시 비율 1.79(법정동 5579건, 기준일 시점보정)",307728655.6537576,251243357.297196,376913151.1741893,0.65,"공시가격 1.72억 × 실거래/공시 비율 1.79(법정동 5579건, 기준일 시점보정)",공시비율,법정동,5579,법정동,172000000.0,0.15823688056542393,,,1162010200105870111,11620,66.89,[],신림동,B,False,66.89,2026-08-24,215000000,215000000.0,0.4312960728081748,0.3585803784106379
B,B1 공시비율,"공시가격 1.86억 × 실거래/공시 비율 1.75(같은 건물 8건+법정동, 기준일 시점보정)",324572021.8403506,282677076.100579,372676125.049665,0.8,"공시가격 1.86억 × 실거래/공시 비율 1.75(같은 건물 8건+법정동, 기준일 시점보정)",공시비율,같은 건물,8,법정동,186000000.0,0.13479467693117134,0.15966789314175528,0.0063643390793142185,1168011800109480026,11680,21.2,[],도곡동,B,False,21.2,2026-08-24,390000000,390000000.0,0.1677640465632035,-0.18363928048644104
B,B1 공시비율,"공시가격 1.52억 × 실거래/공시 비율 1.63(같은 건물 11건+법정동, 기준일 시점보정)",247493011.4626567,219680871.6643984,278826236.7077151,0.8,"공시가격 1.52억 × 실거래/공시 비율 1.63(같은 건물 11건+법정동, 기준일 시점보정)",공시비율,같은 건물,11,법정동,152000000.0,0.11626720037590875,0.03977832088174557,-0.04982986917163096,1150010300103510017,11500,40.62,[],화곡동,B,False,40.62,2026-08-25,245000000,245000000.0,0.010175556990435536,0.010124134550841829
B,B1 공시비율,"공시가격 3.13억 × 실거래/공시 비율 1.86(같은 건물 9건+법정동, 기준일 시점보정)",581956545.8731217,505306334.67003274,670233872.1039983,0.8,"공시가격 3.13억 × 실거래/공시 비율 1.86(같은 건물 9건+법정동, 기준일 시점보정)",공시비율,같은 건물,9,법정동,313000000.0,0.1377486470259829,0.10057517164551383,0.02799564119628495,1162010100102180042,11620,84.99,[],봉천동,B,False,84.99,2026-08-25,635000000,635000000.0,0.08353299862500514,-0.08722921739695232
B,B1 공시비율,"공시가격 3.84억 × 실거래/공시 비율 1.89(같은 건물 5건+법정동, 기준일 시점보정)",725314304.1323609,616690930.2279586,853070499.3254017,0.8,"공시가격 3.84억 × 실거래/공시 비율 1.89(같은 건물 5건+법정동, 기준일 시점보정)",공시비율,같은 건물,5,법정동,384000000.0,0.15823688056542393,0.07495361051022405,0.07593404215511534,1162010200103550000,11620,63.57,[],신림동,B,False,63.57,2026-08-26,710000000,710000000.0,0.021569442439944977,0.02134011381658124
B,B1 공시비율,"공시가격 2.05억 × 실거래/공시 비율 1.83(같은 건물 5건+법정동, 기준일 시점보정)",374242020.28854626,324950144.2891965,431011009.56891954,0.8,"공시가격 2.05억 × 실거래/공시 비율 1.83(같은 건물 5건+법정동, 기준일 시점보정)",공시비율,같은 건물,5,법정동,205000000.0,0.1377486470259829,0.12551513177778428,0.006447918006991404,1162010100100630016,11620,37.04,[],봉천동,B,False,37.04,2026-08-28,445000000,445000000.0,0.15900669598079492,-0.1731715809681087
B,B1 공시비율,"공시가격 1.10억 × 실거래/공시 비율 1.82(법정동 3592건, 기준일 시점보정)",199890043.35420716,167541112.03011703,238484924.37464753,0.65,"공시가격 1.10억 × 실거래/공시 비율 1.82(법정동 3592건, 기준일 시점보정)",공시비율,법정동,3592,법정동,110000000.0,0.1377486470259829,,,1162010100106730124,11620,37.95,[],봉천동,B,False,37.95,2026-08-28,182000000,182000000.0,0.09829694150663273,0.09376074505606213
B,B1 공시비율,"공시가격 1.10억 × 실거래/공시 비율 1.70(법정동 12904건, 기준일 시점보정)",186820063.34131783,160957101.87392762,216838745.60683495,0.65,"공시가격 1.10억 × 실거래/공시 비율 1.70(법정동 12904건, 기준일 시점보정)",공시비율,법정동,12904,법정동,110000000.0,0.11626720037590875,,,1150010300101050016,11500,52.86,[],화곡동,B,False,52.86,2026-08-29,195000000,195000000.0,0.04194839312144701,-0.042853633069118616
B,B1 공시비율,"공시가격 3.05억 × 실거래/공시 비율 1.95(같은 건물 4건+법정동, 기준일 시점보정)",595101464.9557078,516719920.3204704,685372751.5919802,0.8,"공시가격 3.05억 × 실거래/공시 비율 1.95(같은 건물 4건+법정동, 기준일 시점보정)",공시비율,같은 건물,4,법정동,305000000.0,0.1377486470259829,0.12986589551506142,0.10669961609493561,1162010100104800014,11620,32.13,[],봉천동,B,False,32.13,2026-08-29,750000000,750000000.0,0.20653138005905627,-0.23134128618587696
B,B1 공시비율,"공시가격 1.93억 × 실거래/공시 비율 1.88(같은 건물 3건+법정동, 기준일 시점보정)",362851379.62559336,315059778.8937791,417892516.01228786,0.8,"공시가격 1.93억 × 실거래/공시 비율 1.88(같은 건물 3건+법정동, 기준일 시점보정)",공시비율,같은 건물,3,법정동,193000000.0,0.1377486470259829,0.03849544056963523,0.05669345444035101,1162010100116070002,11620,71.64,[],봉천동,B,False,71.64,2026-08-29,300000000,300000000.0,0.20950459875197788,0.1902108532533399
B,B1 공시비율,"공시가격 4.70억 × 실거래/공시 비율 1.95(같은 건물 3건+법정동, 기준일 시점보정)",916313982.1215156,816467528.9104826,1028370736.2518348,0.8,"공시가격 4.70억 × 실거래/공시 비율 1.95(같은 건물 3건+법정동, 기준일 시점보정)",공시비율,같은 건물,3,법정동,470000000.0,0.1125272493329099,0.07791983157237055,0.18853565283506113,1162010300106020219,11620,135.7,[],남현동,B,False,135.7,2026-08-29,850000000,850000000.0,0.07801644955472427,0.07512273169758547
B,B1 공시비율,"공시가격 2.73억 × 실거래/공시 비율 1.96(같은 건물 8건+법정동, 기준일 시점보정)",534097682.3597291,443923922.3529275,642588335.3842936,0.8,"공시가격 2.73억 × 실거래/공시 비율 1.96(같은 건물 8건+법정동, 기준일 시점보정)",공시비율,같은 건물,8,법정동,273000000.0,0.1803658964378039,0.10267423750602969,-0.02372547216795895,1168010300111950003,11680,28.8,[],개포동,B,False,28.8,2026-08-29,577500000,577500000.0,0.07515552838142145,-0.07812969439734892
B,B1 공시비율,"공시가격 3.33억 × 실거래/공시 비율 1.99(같은 건물 4건+법정동, 기준일 시점보정)",662490075.7114416,550639335.5431752,797060929.152851,0.8,"공시가격 3.33억 × 실거래/공시 비율 1.99(같은 건물 4건+법정동, 기준일 시점보정)",공시비율,같은 건물,4,법정동,333500000.0,0.1803658964378039,0.1197563051354691,-0.005586927320572199,1168010300111980000,11680,40.72,[],개포동,B,False,40.72,2026-08-29,805000000,805000000.0,0.17703096184914083,-0.19483669972858955
B,B1 공시비율,"공시가격 2.92억 × 실거래/공시 비율 1.66(같은 건물 4건+법정동, 기준일 시점보정)",483383488.471519,389405182.8345364,600042339.5139564,0.8,"공시가격 2.92억 × 실거래/공시 비율 1.66(같은 건물 4건+법정동, 기준일 시점보정)",공시비율,같은 건물,4,법정동,292000000.0,0.2108593827723311,0.07689667406876638,-0.09574037559227,1168010600109340018,11680,28.24,[],대치동,B,False,28.24,2026-08-29,480000000,480000000.0,0.00704893431566457,0.007024206712336041
B,B1 공시비율,"공시가격 1.69억 × 실거래/공시 비율 1.94(같은 건물 5건+법정동, 기준일 시점보정)",327663292.00588316,278592300.18961346,385377603.2397876,0.8,"공시가격 1.69억 × 실거래/공시 비율 1.94(같은 건물 5건+법정동, 기준일 시점보정)",공시비율,같은 건물,5,법정동,169000000.0,0.15823688056542393,0.10250745360109006,0.11250944279626696,1162010200106520159,11620,28.02,[],신림동,B,False,28.02,2026-09-02,295000000,295000000.0,0.11072302374875646,0.10501117601972054
B,B1 공시비율,"공시가격 1.82억 × 실거래/공시 비율 1.65(같은 건물 13건+법정동, 기준일 시점보정)",300118106.26971215,266392197.49260223,338113798.22196,0.8,"공시가격 1.82억 × 실거래/공시 비율 1.65(같은 건물 13건+법정동, 기준일 시점보정)",공시비율,같은 건물,13,법정동,182000000.0,0.11626720037590875,0.04443113802134956,-0.03403403311351616,1150010300104240018,11500,29.95,[],화곡동,B,False,29.95,2026-09-02,215000000,215000000.0,0.3958981686963356,0.333538056619629
B,B1 공시비율,"공시가격 1.74억 × 실거래/공시 비율 1.53(같은 건물 15건+법정동, 기준일 시점보정)",266165613.0572372,236255131.15680596,299862835.6863692,0.8,"공시가격 1.74억 × 실거래/공시 비율 1.53(같은 건물 15건+법정동, 기준일 시점보정)",공시비율,같은 건물,15,법정동,174000000.0,0.11626720037590875,0.051738198650165095,-0.11854909018109694,1150010300104640012,11500,29.61,[],화곡동,B,False,29.61,2026-09-03,318000000,318000000.0,0.16300121680114085,-0.17793266225852236
B,B1 공시비율,"공시가격 1.73억 × 실거래/공시 비율 1.66(같은 건물 5건+법정동, 기준일 시점보정)",287973052.86204237,255611949.9888858,324431151.11907107,0.8,"공시가격 1.73억 × 실거래/공시 비율 1.66(같은 건물 5건+법정동, 기준일 시점보정)",공시비율,같은 건물,5,법정동,173000000.0,0.11626720037590875,0.010753344280963754,-0.028126342850064656,1150010300108140019,11500,29.01,[],화곡동,B,False,29.01,2026-09-03,270000000,270000000.0,0.06656686245200877,0.06444495030871598
B,B1 공시비율,"공시가격 1.29억 × 실거래/공시 비율 1.74(같은 건물 1건+법정동, 기준일 시점보정)",224704399.7762191,199453140.58742017,253152530.61488023,0.8,"공시가격 1.29억 × 실거래/공시 비율 1.74(같은 건물 1건+법정동, 기준일 시점보정)",공시비율,같은 건물,1,법정동,129000000.0,0.11626720037590875,0.0,0.07592338681269506,1150010300108680019,11500,57.2,[],화곡동,B,False,57.2,2026-09-03,195000000,195000000.0,0.15233025526266206,0.14178620110436965
B,B1 공시비율,"공시가격 1.53억 × 실거래/공시 비율 2.06(같은 건물 5건+법정동, 기준일 시점보정)",315723127.66652715,280243597.50803727,355694453.7891731,0.8,"공시가격 1.53억 × 실거래/공시 비율 2.06(같은 건물 5건+법정동, 기준일 시점보정)",공시비율,같은 건물,5,법정동,153000000.0,0.11626720037590875,0.08183074277490253,0.2726670382145371,1150010300109560002,11500,41.78,[],화곡동,B,False,41.78,2026-09-03,350000000,350000000.0,0.09793392095277957,-0.1030675032355698
B,B1 공시비율,"공시가격 1.44억 × 실거래/공시 비율 1.79(같은 건물 2건+법정동, 기준일 시점보정)",258292410.09566456,229266682.96116886,290992865.8248462,0.8,"공시가격 1.44억 × 실거래/공시 비율 1.79(같은 건물 2건+법정동, 기준일 시점보정)",공시비율,같은 건물,2,법정동,144000000.0,0.11626720037590875,0.0487687317142369,0.10922691265104967,1150010300109970020,11500,57.36,[],화곡동,B,False,57.36,2026-09-03,292000000,292000000.0,0.11543695172717616,-0.12266148666454636
B,B1 공시비율,"공시가격 1.35억 × 실거래/공시 비율 1.66(같은 건물 3건+법정동, 기준일 시점보정)",224460177.5478113,199236362.94307628,252877389.2504236,0.8,"공시가격 1.35억 × 실거래/공시 비율 1.66(같은 건물 3건+법정동, 기준일 시점보정)",공시비율,같은 건물,3,법정동,135000000.0,0.11626720037590875,0.09131469221286934,-0.03540338258843195,1150010300101590006,11500,56.03,[],화곡동,B,False,56.03,2026-09-04,263000000,263000000.0,0.14653924886763764,-0.15845572359018464
B,B1 공시비율,"공시가격 1.28억 × 실거래/공시 비율 1.70(법정동 12904건, 기준일 시점보정)",217390619.1608061,187295536.72602478,252321449.43340778,0.65,"공시가격 1.28억 × 실거래/공시 비율 1.70(법정동 12904건, 기준일 시점보정)",공시비율,법정동,12904,법정동,128000000.0,0.11626720037590875,,,1150010300109850008,11500,64.46,[],화곡동,B,False,64.46,2026-09-04,283000000,283000000.0,0.23183526798301735,-0.263751074021409
B,B1 공시비율,"공시가격 2.32억 × 실거래/공시 비율 1.72(같은 건물 1건+법정동, 기준일 시점보정)",398743947.5423796,353934914.9672058,449225914.0820056,0.8,"공시가격 2.32억 × 실거래/공시 비율 1.72(같은 건물 1건+법정동, 기준일 시점보정)",공시비율,같은 건물,1,법정동,232000000.0,0.11626720037590875,0.0,0.03574963211469895,1150010300110400024,11500,71.37,[],화곡동,B,False,71.37,2026-09-04,430000000,430000000.0,0.07268849408748926,-0.07546573328085392
B,B1 공시비율,"공시가격 1.04억 × 실거래/공시 비율 1.88(같은 건물 1건+법정동, 기준일 시점보정)",195946628.8700003,170138257.79156357,225669886.73738194,0.8,"공시가격 1.04억 × 실거래/공시 비율 1.88(같은 건물 1건+법정동, 기준일 시점보정)",공시비율,같은 건물,1,법정동,104000000.0,0.1377486470259829,0.0,0.10849306495258526,1162010100101960209,11620,40.35,[],봉천동,B,False,40.35,2026-09-04,185000000,185000000.0,0.0591709668648665,0.05748649538768547
B,B1 공시비율,"공시가격 1.08억 × 실거래/공시 비율 1.95(같은 건물 2건+법정동, 기준일 시점보정)",210108332.66468102,182434706.19122285,241979787.60061255,0.8,"공시가격 1.08억 × 실거래/공시 비율 1.95(같은 건물 2건+법정동, 기준일 시점보정)",공시비율,같은 건물,2,법정동,108000000.0,0.1377486470259829,0.047444132128206994,0.13640994813904428,1162010100100410056,11620,36.0,[],봉천동,B,False,36.0,2026-09-05,390000000,390000000.0,0.4612606854751769,-0.618523471589507
B,B1 공시비율,"공시가격 1.75억 × 실거래/공시 비율 1.88(같은 건물 3건+법정동, 기준일 시점보정)",328449324.60645986,285188860.7812348,378271993.2991786,0.8,"공시가격 1.75억 × 실거래/공시 비율 1.88(같은 건물 3건+법정동, 기준일 시점보정)",공시비율,같은 건물,3,법정동,174500000.0,0.1377486470259829,0.0638399990740589,0.05861792507991004,1162010100115140002,11620,52.98,[],봉천동,B,False,52.98,2026-09-05,320000000,320000000.0,0.02640413939518705,0.026061567237099566
B,B1 공시비율,"공시가격 3.89억 × 실거래/공시 비율 1.99(법정동 1019건, 기준일 시점보정)",775623075.0621455,615546038.4549136,977329260.5032706,0.65,"공시가격 3.89억 × 실거래/공시 비율 1.99(법정동 1019건, 기준일 시점보정)",공시비율,법정동,1019,법정동,389000000.0,0.1803658964378039,,,1168010300112550004,11680,69.52,[],개포동,B,False,69.52,2026-09-07,522560000,522560000.0,0.48427563353901076,0.3949268643843547
B,B1 공시비율,"공시가격 3.87억 × 실거래/공시 비율 2.19(같은 건물 3건+법정동, 기준일 시점보정)",848997648.972692,705658119.9439198,1021453573.0396492,0.8,"공시가격 3.87억 × 실거래/공시 비율 2.19(같은 건물 3건+법정동, 기준일 시점보정)",공시비율,같은 건물,3,법정동,387000000.0,0.1803658964378039,0.15393454978899898,0.1592406559289875,1168010300112390014,11680,67.31,[],개포동,B,False,67.31,2026-09-07,619200000,619200000.0,0.37112023412902456,0.315628094859666
B,B1 공시비율,"공시가격 2.30억 × 실거래/공시 비율 1.73(같은 건물 8건+법정동, 기준일 시점보정)",398490982.2124933,355069281.805414,447222756.3512547,0.8,"공시가격 2.30억 × 실거래/공시 비율 1.73(같은 건물 8건+법정동, 기준일 시점보정)",공시비율,같은 건물,8,법정동,230000000.0,0.1125272493329099,0.04282460492234531,-0.006124293818161486,1162010300106020179,11620,27.92,[],남현동,B,False,27.92,2026-09-07,360000000,360000000.0,0.10691939503470362,0.10158083719531735
B,B1 공시비율,"공시가격 0.88억 × 실거래/공시 비율 1.72(같은 건물 1건+법정동, 기준일 시점보정)",151304672.11436415,128645221.06131783,177955338.05895057,0.8,"공시가격 0.88억 × 실거래/공시 비율 1.72(같은 건물 1건+법정동, 기준일 시점보정)",공시비율,같은 건물,1,법정동,88200000.0,0.15823688056542393,0.0,-0.12610617784778938,1162010200101080097,11620,45.78,[],신림동,B,False,45.78,2026-09-07,150000000,150000000.0,0.00869781409576098,0.008660206025408377
B,B1 공시비율,"공시가격 1.39억 × 실거래/공시 비율 1.61(같은 건물 3건+법정동, 기준일 시점보정)",222787603.05782193,197751744.77259538,250993062.70762166,0.8,"공시가격 1.39억 × 실거래/공시 비율 1.61(같은 건물 3건+법정동, 기준일 시점보정)",공시비율,같은 건물,3,법정동,138500000.0,0.11626720037590875,0.01026615434802849,-0.09052836732706915,1150010300107730020,11500,65.38,[],화곡동,B,False,65.38,2026-09-07,232700000,232700000.0,0.04259732248465007,-0.04353120537488165
B,B1 공시비율,"공시가격 1.79억 × 실거래/공시 비율 1.70(법정동 12904건, 기준일 시점보정)",304007193.9826901,261921102.14030054,352855776.94203156,0.65,"공시가격 1.79억 × 실거래/공시 비율 1.70(법정동 12904건, 기준일 시점보정)",공시비율,법정동,12904,법정동,179000000.0,0.11626720037590875,,,1150010300111010012,11500,81.03,[],화곡동,B,False,81.03,2026-09-08,350000000,350000000.0,0.13140801719231401,-0.1408817889404918
B,B1 공시비율,"공시가격 0.57억 × 실거래/공시 비율 1.70(같은 건물 2건+법정동, 기준일 시점보정)",97595041.4378187,86627754.24031745,109950814.22550158,0.8,"공시가격 0.57억 × 실거래/공시 비율 1.70(같은 건물 2건+법정동, 기준일 시점보정)",공시비율,같은 건물,2,법정동,57400000.0,0.11626720037590875,0.10988528800710826,0.002233648320631665,1150010300100560187,11500,38.52,[],화곡동,B,False,38.52,2026-09-09,64000000,64000000.0,0.5249225224659173,0.42194360382837814
B,B1 공시비율,"공시가격 2.46억 × 실거래/공시 비율 1.37(같은 건물 10건+법정동, 기준일 시점보정)",336953664.8409374,299088343.4053636,379612829.29658514,0.8,"공시가격 2.46억 × 실거래/공시 비율 1.37(같은 건물 10건+법정동, 기준일 시점보정)",공시비율,같은 건물,10,법정동,246000000.0,0.11626720037590875,0.012531181308229509,-0.25806200134661617,1150010300101020298,11500,41.02,[],화곡동,B,False,41.02,2026-09-09,350000000,350000000.0,0.037275243311607496,-0.0379877266377323
B,B1 공시비율,"공시가격 1.37억 × 실거래/공시 비율 1.78(같은 건물 2건+법정동, 기준일 시점보정)",244055768.93359882,207505874.78238276,287043527.86269695,0.8,"공시가격 1.37억 × 실거래/공시 비율 1.78(같은 건물 2건+법정동, 기준일 시점보정)",공시비율,같은 건물,2,법정동,137000000.0,0.15823688056542393,0.05223972594428979,-0.00861619034525618,1162010200106100325,11620,53.02,[],신림동,B,False,53.02,2026-09-09,268000000,268000000.0,0.08934414577015368,-0.09359022013051349
B,B1 공시비율,"공시가격 3.33억 × 실거래/공시 비율 2.40(같은 건물 1건+법정동, 기준일 시점보정)",800840873.2146281,645641304.9377975,993347388.5673357,0.8,"공시가격 3.33억 × 실거래/공시 비율 2.40(같은 건물 1건+법정동, 기준일 시점보정)",공시비율,같은 건물,1,법정동,333000000.0,0.21010667634145774,0.0,0.3963797300706422,1168011400106380006,11680,21.12,[],일원동,B,False,21.12,2026-09-09,850000000,850000000.0,0.05783426680631988,-0.059574082308064845
B,B1 공시비율,"공시가격 1.40억 × 실거래/공시 비율 1.71(같은 건물 16건+법정동, 기준일 시점보정)",239912471.9058743,212952198.69024584,270285982.15935373,0.8,"공시가격 1.40억 × 실거래/공시 비율 1.71(같은 건물 16건+법정동, 기준일 시점보정)",공시비율,같은 건물,16,법정동,140000000.0,0.11626720037590875,0.10165421434827256,0.01008694588378678,1150010300103620079,11500,26.61,[],화곡동,B,False,26.61,2026-09-10,215000000,215000000.0,0.11587196235290377,0.10963612830277661
B,B1 공시비율,"공시가격 3.72억 × 실거래/공시 비율 1.78(같은 건물 1건+법정동, 기준일 시점보정)",663143698.7925781,562865593.3558182,781286990.0724337,0.8,"공시가격 3.72억 × 실거래/공시 비율 1.78(같은 건물 1건+법정동, 기준일 시점보정)",공시비율,같은 건물,1,법정동,372000000.0,0.15990835699622905,0.0,0.005174983361032615,1168010100107750021,11680,63.96,[],역삼동,B,False,63.96,2026-09-10,830000000,830000000.0,0.20103168820171313,-0.2244339938292592
B,B1 공시비율,"공시가격 1.83억 × 실거래/공시 비율 2.30(같은 건물 3건+법정동, 기준일 시점보정)",421409253.8102493,350261113.36178225,507009634.87626463,0.8,"공시가격 1.83억 × 실거래/공시 비율 2.30(같은 건물 3건+법정동, 기준일 시점보정)",공시비율,같은 건물,3,법정동,183000000.0,0.1803658964378039,0.2762095106774539,0.2400516290369228,1168010300111800009,11680,44.28,[],개포동,B,False,44.28,2026-09-10,597000000,597000000.0,0.2941218529141552,-0.3483126525810198
B,B1 공시비율,"공시가격 2.64억 × 실거래/공시 비율 1.67(같은 건물 9건+법정동, 기준일 시점보정)",440519618.1225085,354874807.5355552,546833784.2813989,0.8,"공시가격 2.64억 × 실거래/공시 비율 1.67(같은 건물 9건+법정동, 기준일 시점보정)",공시비율,같은 건물,9,법정동,264000000.0,0.2108593827723311,0.13019918186420879,-0.06829478105553494,1168010600109340002,11680,21.14,[],대치동,B,False,21.14,2026-09-10,410000000,410000000.0,0.07443809298172811,0.07179782071911753
B,B1 공시비율,"공시가격 1.60억 × 실거래/공시 비율 1.49(같은 건물 3건+법정동, 기준일 시점보정)",239164380.48822245,212288174.38611224,269443180.5244127,0.8,"공시가격 1.60억 × 실거래/공시 비율 1.49(같은 건물 3건+법정동, 기준일 시점보정)",공시비율,같은 건물,3,법정동,160000000.0,0.11626720037590875,0.12105946237054982,-0.21281379158386887,1150010300103620053,11500,68.24,[],화곡동,B,False,68.24,2026-09-11,200000000,200000000.0,0.19582190244111225,0.1788337334376814
B,B1 공시비율,"공시가격 1.66억 × 실거래/공시 비율 1.70(같은 건물 2건+법정동, 기준일 시점보정)",282631369.5447304,240304377.2928747,332413799.32656986,0.8,"공시가격 1.66억 × 실거래/공시 비율 1.70(같은 건물 2건+법정동, 기준일 시점보정)",공시비율,같은 건물,2,법정동,166000000.0,0.15823688056542393,0.08712012849399386,-0.09913650129676888,1162010200106110171,11620,41.58,[],신림동,B,False,41.58,2026-09-11,265000000,265000000.0,0.0665334699801148,0.06441364144678477
B,B1 공시비율,"공시가격 0.76억 × 실거래/공시 비율 1.53(같은 건물 3건+법정동, 기준일 시점보정)",116649840.02117664,103541261.1609491,131417997.27370998,0.8,"공시가격 0.76억 × 실거래/공시 비율 1.53(같은 건물 3건+법정동, 기준일 시점보정)",공시비율,같은 건물,3,법정동,76100000.0,0.11626720037590875,0.025753793731587364,-0.17089532924388479,1150010300105040142,11500,55.81,[],화곡동,B,False,55.81,2026-09-12,100000000,100000000.0,0.16649840021176637,0.1540064410354294
B,B1 공시비율,"공시가격 2.13억 × 실거래/공시 비율 1.66(같은 건물 5건+법정동, 기준일 시점보정)",353737442.57915336,307146249.6861292,407396080.5652342,0.8,"공시가격 2.13억 × 실거래/공시 비율 1.66(같은 건물 5건+법정동, 기준일 시점보정)",공시비율,같은 건물,5,법정동,213000000.0,0.1377486470259829,0.027112963831234523,-0.12603399442473184,1162010100107150115,11620,45.35,[],봉천동,B,False,45.35,2026-09-12,340000000,340000000.0,0.04040424287986282,0.03960933270771054
B,B1 공시비율,"공시가격 1.10억 × 실거래/공시 비율 1.66(같은 건물 4건+법정동, 기준일 시점보정)",182549868.4278368,162035743.88402227,205661131.6998837,0.8,"공시가격 1.10억 × 실거래/공시 비율 1.66(같은 건물 4건+법정동, 기준일 시점보정)",공시비율,같은 건물,4,법정동,110000000.0,0.11626720037590875,0.11001455629859554,-0.03468380720870423,1150010300108680016,11500,44.41,[],화곡동,B,False,44.41,2026-09-14,175000000,175000000.0,0.0431421053019246,0.042237413431976664
B,B1 공시비율,"공시가격 2.16억 × 실거래/공시 비율 1.82(법정동 3592건, 기준일 시점보정)",392511357.85917145,328989819.9864125,468297669.6811273,0.65,"공시가격 2.16억 × 실거래/공시 비율 1.82(법정동 3592건, 기준일 시점보정)",공시비율,법정동,3592,법정동,216000000.0,0.1377486470259829,,,1162010100106350235,11620,76.32,[],봉천동,B,False,76.32,2026-09-14,449000000,449000000.0,0.1258098934094177,-0.13445741371764552
B,B1 공시비율,"공시가격 1.54억 × 실거래/공시 비율 1.72(같은 건물 1건+법정동, 기준일 시점보정)",264973846.32977727,235197289.75772256,298520188.3538757,0.8,"공시가격 1.54억 × 실거래/공시 비율 1.72(같은 건물 1건+법정동, 기준일 시점보정)",공시비율,같은 건물,1,법정동,154000000.0,0.11626720037590875,0.0,0.03903889771414348,1150010300107980005,11500,64.14,[],화곡동,B,False,64.14,2026-09-15,315000000,315000000.0,0.15881318625467533,-0.17294151080507494
B,B1 공시비율,"공시가격 5.37억 × 실거래/공시 비율 1.76(법정동 215건, 기준일 시점보정)",947551718.7658653,723169861.9025141,1241553758.025911,0.65,"공시가격 5.37억 × 실거래/공시 비율 1.76(법정동 215건, 기준일 시점보정)",공시비율,법정동,215,법정동,537000000.0,0.2108593827723311,,,1168010600109660003,11680,79.98,[],대치동,B,False,79.98,2026-09-15,1185000000,1185000000.0,0.20037829640011365,-0.22361653365286488
B,B1 공시비율,"공시가격 1.13억 × 실거래/공시 비율 1.76(같은 건물 14건+법정동, 기준일 시점보정)",198603864.04371715,176285664.43632507,223747602.72887874,0.8,"공시가격 1.13억 × 실거래/공시 비율 1.76(같은 건물 14건+법정동, 기준일 시점보정)",공시비율,같은 건물,14,법정동,113000000.0,0.11626720037590875,0.06127783921878948,0.03915294790939983,1150010300100730105,11500,41.76,[],화곡동,B,False,41.76,2026-09-16,240000000,240000000.0,0.17248389981784523,-0.18932671550671248
B,B1 공시비율,"공시가격 1.40억 × 실거래/공시 비율 1.83(같은 건물 6건+법정동, 기준일 시점보정)",256786852.9843318,227930313.51540765,289296701.47248507,0.8,"공시가격 1.40억 × 실거래/공시 비율 1.83(같은 건물 6건+법정동, 기준일 시점보정)",공시비율,같은 건물,6,법정동,140000000.0,0.11626720037590875,0.12198638341076323,0.10258452353316538,1150010300101110037,11500,24.57,[],화곡동,B,False,24.57,2026-09-17,143000000,143000000.0,0.7957122586316908,0.5854017447014829
B,B1 공시비율,"공시가격 3.29억 × 실거래/공시 비율 1.77(같은 건물 10건+법정동, 기준일 시점보정)",580849270.5786263,493015420.23216116,684331283.1327813,0.8,"공시가격 3.29억 × 실거래/공시 비율 1.77(같은 건물 10건+법정동, 기준일 시점보정)",공시비율,같은 건물,10,법정동,329000000.0,0.15990835699622905,0.07898773095406306,-0.009527180188707352,1168010100107960015,11680,33.6,[],역삼동,B,False,33.6,2026-09-18,600000000,600000000.0,0.03191788236895621,-0.03243836304013802
B,B1 공시비율,"공시가격 2.17억 × 실거래/공시 비율 1.66(같은 건물 2건+법정동, 기준일 시점보정)",360423681.72700095,306446480.2280369,423908377.9098384,0.8,"공시가격 2.17억 × 실거래/공시 비율 1.66(같은 건물 2건+법정동, 기준일 시점보정)",공시비율,같은 건물,2,법정동,217000000.0,0.15823688056542393,0.03804788911207675,-0.14868210025105727,1162010200106100591,11620,66.59,[],신림동,B,False,66.59,2026-09-19,333000000,333000000.0,0.08235339857958243,0.07913774315933564
B,B1 공시비율,"공시가격 3.50억 × 실거래/공시 비율 1.88(같은 건물 6건+법정동, 기준일 시점보정)",658896430.1590443,547652418.9512175,792737310.4783162,0.8,"공시가격 3.50억 × 실거래/공시 비율 1.88(같은 건물 6건+법정동, 기준일 시점보정)",공시비율,같은 건물,6,법정동,350000000.0,0.1803658964378039,0.09513300251680339,-0.07660550000813415,1168010300112340007,11680,43.22,[],개포동,B,False,43.22,2026-09-19,750000000,750000000.0,0.12147142645460765,-0.12950684650499114
B,B1 공시비율,"공시가격 1.00억 × 실거래/공시 비율 1.70(같은 건물 12건+법정동, 기준일 시점보정)",170447345.3707454,149633071.52334708,194156928.3325255,0.8,"공시가격 1.00억 × 실거래/공시 비율 1.70(같은 건물 12건+법정동, 기준일 시점보정)",공시비율,같은 건물,12,법정동,100000000.0,0.12702902307760694,0.12772057057893513,-0.027109794019394062,1168010800101670014,11680,15.44,[],논현동,B,False,15.44,2026-09-20,190000000,190000000.0,0.10290870857502427,-0.10859764793812718
B,B1 공시비율,"공시가격 4.08억 × 실거래/공시 비율 1.82(같은 건물 6건+법정동, 기준일 시점보정)",742436494.4295877,630168029.5341749,874706304.3936952,0.8,"공시가격 4.08억 × 실거래/공시 비율 1.82(같은 건물 6건+법정동, 기준일 시점보정)",공시비율,같은 건물,6,법정동,408000000.0,0.15990835699622905,0.07684343611192068,0.029729739990033033,1168010100106390000,11680,36.36,[],역삼동,B,False,36.36,2026-09-20,705000000,705000000.0,0.0531014105384223,0.051739534818978646
B,B1 공시비율,"공시가격 0.71억 × 실거래/공시 비율 1.40(같은 건물 3건+법정동, 기준일 시점보정)",99634945.54537761,88438423.19542022,112248975.22081147,0.8,"공시가격 0.71억 × 실거래/공시 비율 1.40(같은 건물 3건+법정동, 기준일 시점보정)",공시비율,같은 건물,3,법정동,71300000.0,0.11626720037590875,0.01384665817590656,-0.3250815419652754,1150010300104090105,11500,49.66,[],화곡동,B,False,49.66,2026-09-21,135000000,135000000.0,0.2619633663305362,-0.3037618164951302
B,B1 공시비율,"공시가격 2.52억 × 실거래/공시 비율 1.85(같은 건물 8건+법정동, 기준일 시점보정)",465904204.3001787,387243810.71991277,560542793.9081603,0.8,"공시가격 2.52억 × 실거래/공시 비율 1.85(같은 건물 8건+법정동, 기준일 시점보정)",공시비율,같은 건물,8,법정동,252000000.0,0.1803658964378039,0.20918806869284767,-0.09442046904689971,1168010300111820002,11680,46.54,[],개포동,B,False,46.54,2026-09-21,650000000,650000000.0,0.28322430107664814,-0.332992320067771
B,B1 공시비율,"공시가격 1.25억 × 실거래/공시 비율 1.61(같은 건물 1건+법정동, 기준일 시점보정)",200935292.90632525,178355097.91945422,226374196.2317456,0.8,"공시가격 1.25억 × 실거래/공시 비율 1.61(같은 건물 1건+법정동, 기준일 시점보정)",공시비율,같은 건물,1,법정동,125000000.0,0.11626720037590875,0.0,-0.16498909984159305,1150010300103670071,11500,63.3,[],화곡동,B,False,63.3,2026-09-21,265000000,265000000.0,0.24175361167424433,-0.2767468955955711
B,B1 공시비율,"공시가격 1.89억 × 실거래/공시 비율 1.75(같은 건물 8건+법정동, 기준일 시점보정)",331209373.5940623,293989569.501608,373141296.6199508,0.8,"공시가격 1.89억 × 실거래/공시 비율 1.75(같은 건물 8건+법정동, 기준일 시점보정)",공시비율,같은 건물,8,법정동,189000000.0,0.11626720037590875,0.03805979534973737,0.03917268657899553,1150010300109960019,11500,24.66,[],화곡동,B,False,24.66,2026-09-23,200000000,200000000.0,0.6560468679703116,0.5044333574770157
B,B1 공시비율,"공시가격 1.73억 × 실거래/공시 비율 1.86(같은 건물 2건+법정동, 기준일 시점보정)",322227254.92655385,279786307.53853905,371106094.25802666,0.8,"공시가격 1.73억 × 실거래/공시 비율 1.86(같은 건물 2건+법정동, 기준일 시점보정)",공시비율,같은 건물,2,법정동,173000000.0,0.1377486470259829,0.04487020617616589,0.04935679283146499,1162010100101800408,11620,55.85,[],봉천동,B,False,55.85,2026-09-23,320000000,320000000.0,0.006960171645480767,0.006936061460183497
B,B1 공시비율,"공시가격 1.39억 × 실거래/공시 비율 1.59(같은 건물 13건+법정동, 기준일 시점보정)",220827578.74043977,196011979.07989457,248784894.48080394,0.8,"공시가격 1.39억 × 실거래/공시 비율 1.59(같은 건물 13건+법정동, 기준일 시점보정)",공시비율,같은 건물,13,법정동,139000000.0,0.11626720037590875,0.06349976577860046,-0.07702763367002718,1150010300108190003,11500,29.1,[],화곡동,B,False,29.1,2026-09-23,171500000,171500000.0,0.28762436583346807,0.25279894371288586
B,B1 공시비율,"공시가격 1.67억 × 실거래/공시 비율 1.65(같은 건물 2건+법정동, 기준일 시점보정)",276209846.84280396,245170639.59954533,311178694.2251249,0.8,"공시가격 1.67억 × 실거래/공시 비율 1.65(같은 건물 2건+법정동, 기준일 시점보정)",공시비율,같은 건물,2,법정동,167000000.0,0.11626720037590875,0.07312109054165762,-0.0529969612934752,1150010300108400010,11500,64.52,[],화곡동,B,False,64.52,2026-10-01,360000000,360000000.0,0.23275042543665567,-0.2649431399779235
